"﻿""pitch_type""",game_date,release_speed,release_pos_x,release_pos_z,player_name,batter,pitcher,events,description,spin_dir,spin_rate_deprecated,break_angle_deprecated,break_length_deprecated,zone,des,game_type,stand,p_throws,home_team,away_team,type,hit_location,bb_type,balls,strikes,game_year,pfx_x,pfx_z,plate_x,plate_z,on_3b,on_2b,on_1b,outs_when_up,inning,inning_topbot,hc_x,hc_y,tfs_deprecated,tfs_zulu_deprecated,umpire,sv_id,vx0,vy0,vz0,ax,ay,az,sz_top,sz_bot,hit_distance_sc,launch_speed,launch_angle,effective_speed,release_spin_rate,release_extension,game_pk,fielder_2,fielder_3,fielder_4,fielder_5,fielder_6,fielder_7,fielder_8,fielder_9,release_pos_y,estimated_ba_using_speedangle,estimated_woba_using_speedangle,woba_value,woba_denom,babip_value,iso_value,launch_speed_angle,at_bat_number,pitch_number,pitch_name,home_score,away_score,bat_score,fld_score,post_away_score,post_home_score,post_bat_score,post_fld_score,if_fielding_alignment,of_fielding_alignment,spin_axis,delta_home_win_exp,delta_run_exp,bat_speed,swing_length,estimated_slg_using_speedangle,delta_pitcher_run_exp,hyper_speed,home_score_diff,bat_score_diff,home_win_exp,bat_win_exp,age_pit_legacy,age_bat_legacy,age_pit,age_bat,n_thruorder_pitcher,n_priorpa_thisgame_player_at_bat,pitcher_days_since_prev_game,batter_days_since_prev_game,pitcher_days_until_next_game,batter_days_until_next_game,api_break_z_with_gravity,api_break_x_arm,api_break_x_batter_in,arm_angle,attack_angle,attack_direction,swing_path_tilt,intercept_ball_minus_batter_pos_x_inches,intercept_ball_minus_batter_pos_y_inches
EP,2026-04-04,46.6,-1.77,6.55,"Baty, Brett",683146,683766,,called_strike,,,,,12,Called Strike,R,L,R,SF,NYM,S,,,0,0,2026,1.22,0.23,1.0551524546799145,2.7513793685744865,,,,0,9,Top,,,,,,,2.1502019816310307,-67.17517296755187,6.779966180205712,3.38843172199498,8.407492605285915,-32.577490398672325,3.327952756,1.679527559,,,,44.9,1419,5,823239,691740,666464,650333,656305,642715,671218,666931,808982,55.46,,,,,,,,69,1,Eephus,0,9,9,0,9,0,9,0,Infield shade,Standard,95,0,-0.039,,,,0.039,,-9,9,0.001,0.999,28,26,28,27,1,4,,1,,3,10.6,-1.22,1.22,50.1,,,,,
SL,2026-04-04,86.7,-2.59,6.03,"Lindor, Francisco",596019,668873,,swinging_strike,,,,,9,Swinging Strike,R,L,R,SF,NYM,S,,,0,0,2026,0.6,0.12,0.5727656731579306,2.022823367057996,,,,0,8,Top,,,,,,,6.231834475918139,-126.16656503246263,-3.4824389722936218,5.353323617466391,23.318941533148926,-30.39699880079201,3.107668963,1.568356299,,,,87.6,2603,6.6,823239,691740,666464,650333,656305,642715,671218,666931,808982,53.87,,,,,,,,63,1,Slider,0,9,9,0,9,0,9,0,Standard,Standard,118,0,-0.039,50.9,6.3,,0.039,,-9,9,0.001,0.999,29,32,29,33,1,4,1,1,2,1,2.89,-0.6,0.6,45.0,1.4004373650664745,16.309367840688445,35.03279871943594,26.509745539858997,19.53679230295086
SL,2026-04-04,87.1,1.02,5.76,"Taylor, Tyrone",621438,621366,,foul,,,,,4,Foul,R,R,L,SF,NYM,S,,,0,0,2026,0.07,0.22,-0.8203857459618774,2.399263569498912,683146,,668901,2,5,Top,,,,,,,-4.523902338594795,-126.91232506393901,-2.212702933291691,1.6253162835566277,24.855815201804862,-29.52817297247397,3.231414042,1.630807087,14,100,-10,87.6,2219,6.4,823239,672275,666464,650333,656305,642715,671218,664056,808982,54.06,,,,,,,,40,1,Slider,0,5,5,0,5,0,5,0,Infield shade,Standard,120,0.002,-0.035,78.8,8.0,,0.035,100.0,-5,5,0.064,0.9359999999999999,32,32,32,32,1,0,3,1,2,1,2.76,0.07,-0.07,28.0,19.43636377096889,-30.231634538274367,32.0277068079354,26.351274986268514,39.51936570892907
SI,2026-04-04,94.6,-1.67,5.14,"Lindor, Francisco",596019,694738,,called_strike,,,,,1,Called Strike,R,L,R,SF,NYM,S,,,0,0,2026,-1.54,0.43,-0.46124455534418485,2.7113628751555705,,,,0,1,Top,,,,,,,6.636420563919618,-137.72295374645446,-1.456887156933492,-21.110384673816203,29.982564461012615,-26.621506632998617,3.107668963,1.568356299,,,,95,2100,6.4,823239,672275,666464,650333,656305,642715,671218,664056,808982,54.06,,,,,,,,1,1,Sinker,0,0,0,0,0,0,0,0,Infield shade,Standard,234,0.003,-0.039,,,,0.039,,0,0,0.5,0.5,27,32,28,33,1,0,5,1,6,1,2.11,1.54,-1.54,18.2,,,,,
FS,2026-04-04,88.9,-1.49,6.19,"Baty, Brett",683146,676775,,ball,,,,,13,Ball,R,L,R,SF,NYM,B,,,0,0,2026,-1.31,-0.13,-0.055586760859241524,1.4407231435159265,,,,0,7,Top,,,,,,,6.201490537617947,-129.29637504081046,-5.035134724472161,-15.967334313567632,25.72595697922713,-32.81706700620985,3.327952756,1.679527559,,,,88.2,1441,5.8,823239,672275,666464,650333,656305,642715,671218,664056,808982,54.71,,,,,,,,53,1,Split-Finger,0,8,8,0,8,0,8,0,Strategic,Standard,253,0,0.041,,,,-0.041,,-8,8,0.004,0.996,28,26,28,27,1,3,5,1,1,3,3.01,1.31,-1.31,38.6,,,,,
FF,2026-04-04,97,-1.61,6.21,"Baty, Brett",683146,676775,double,hit_into_play,,,,,6,"Giants challenged (tag play), call on the field was upheld: Brett Baty doubles (2) on a ground ball to left fielder Heliot Ramos.",R,L,R,SF,NYM,X,7,ground_ball,1,0,2026,-0.96,1.3,0.6536371986021527,2.7007720230340344,,,,0,7,Top,60.79,125.29,,,,,8.121729531479682,-140.89778939443835,-6.57361893188175,-14.571051075604528,32.047524199855175,-13.549551420272932,3.327952756,1.679527559,38,76,-1,96.3,2404,6,823239,672275,666464,650333,656305,642715,671218,664056,808982,54.53,0.083,0.08,1.25,1,1,1,2,53,2,4-Seam Fastball,0,8,8,0,8,0,8,0,Infield shade,Standard,227,-0.001,0.675,67.7,5.9,0.102,-0.675,88.0,-8,8,0.004,0.996,28,26,28,27,1,3,5,1,1,3,1.13,0.96,-0.96,38.3,-11.17387265057574,31.134927993980302,42.73452626069899,29.43642773419937,14.52589937243548
CU,2026-04-04,75.7,-1.81,5.61,"Lindor, Francisco",596019,694738,,ball,,,,,13,Ball,R,L,R,SF,NYM,B,,,0,1,2026,1.58,-0.8,-2.1900752564133414,1.5832365287677854,,,,0,1,Top,,,,,,,-3.603895426409614,-110.13645611277778,0.4631362845525333,13.441899357652968,22.425060260742416,-38.92748108671147,3.107668963,1.568356299,,,,74.5,3007,5.8,823239,672275,666464,650333,656305,642715,671218,664056,808982,54.73,,,,,,,,1,2,Curveball,0,0,0,0,0,0,0,0,Infield shade,Standard,49,-0.002,0.031,,,,-0.031,,0,0,0.503,0.497,27,32,28,33,1,0,5,1,6,1,4.82,-1.58,1.58,26.2,,,,,
FF,2026-04-04,97,-2.69,6,"Lindor, Francisco",596019,668873,,foul,,,,,1,Foul,R,L,R,SF,NYM,S,,,0,1,2026,-0.65,1.54,-0.8058238931970605,2.9767291512063405,,,,0,8,Top,,,,,,,6.494760838346148,-141.0188111119204,-5.930351310915254,-10.165633171467938,32.511463971843376,-10.437117072572653,3.107668963,1.568356299,241,85.1,56,97.2,2391,6.5,823239,691740,666464,650333,656305,642715,671218,666931,808982,53.99,,,,,,,,63,2,4-Seam Fastball,0,9,9,0,9,0,9,0,Standard,Standard,205,0,-0.055,66.8,6.6,,0.055,88.0,-9,9,0.001,0.999,29,32,29,33,1,4,1,1,2,1,0.89,0.65,-0.65,45.4,5.413978813402815,20.13890547293384,25.060025888840297,44.08805643752372,15.746056686397262
SI,2026-04-04,93.6,1.13,5.87,"Taylor, Tyrone",621438,621366,,ball,,,,,12,Ball,R,R,L,SF,NYM,B,,,0,1,2026,1.49,0.78,1.449797401590494,3.577706863975432,683146,,668901,2,5,Top,,,,,,,-2.525654228625869,-136.27225097605844,-1.7562659763991757,19.106006079136186,29.97919476805428,-22.30880874050859,3.231414042,1.630807087,,,,93.8,2295,6.4,823239,672275,666464,650333,656305,642715,671218,664056,808982,54.11,,,,,,,,40,2,Sinker,0,5,5,0,5,0,5,0,Infield shade,Standard,129,-0.001,0.007,,,,-0.007,,-5,5,0.066,0.9339999999999999,32,32,32,32,1,0,3,1,2,1,1.82,1.49,-1.49,29.3,,,,,
EP,2026-04-04,44.4,-1.71,6.67,"Baty, Brett",683146,683766,field_out,hit_into_play,,,,,9,Brett Baty flies out to center fielder Jared Oliva.,R,L,R,SF,NYM,X,8,fly_ball,0,1,2026,0.77,-0.25,0.7162095819111629,2.0129515021399254,,,,0,9,Top,116.97,52.62,,,,,2.0441535165754394,-63.866365213979705,7.137492651493018,1.8317139314876125,7.651332653393693,-33.96817215042207,3.327952756,1.679527559,361,98,26,42.6,1383,5,823239,691740,666464,650333,656305,642715,671218,666931,808982,55.46,0.38,0.609,0,1,0,0,6,69,2,Eephus,0,9,9,0,9,0,9,0,Infield shade,Standard,79,0,-0.22,72.4,6.6,1.099,0.22,98.0,-9,9,0.001,0.999,28,26,28,27,1,4,,1,,3,12.25,-0.77,0.77,53.1,17.075678745021328,0.03119387863999363,43.87497637113225,28.74619226562969,39.02275614557601
SI,2026-04-04,95.5,-1.54,6.25,"Vientos, Mark",668901,676775,,called_strike,,,,,8,Called Strike,R,R,R,SF,NYM,S,,,0,0,2026,-1.28,0.62,0.22394129312360556,2.074057924458282,,683146,,0,7,Top,,,,,,,7.5047520200076985,-138.84099276382176,-6.561817203243736,-18.16773164419932,29.572605248562773,-22.825931903603887,3.340239501,1.685728347,,,,95.6,2259,6.3,823239,672275,666464,650333,656305,642715,671218,664056,808982,54.2,,,,,,,,54,1,Sinker,0,8,8,0,8,0,8,0,Infield shade,Standard,224,0,-0.043,,,,0.043,,-8,8,0.003,0.997,28,26,28,27,1,3,5,1,1,1,1.87,1.28,1.28,39.1,,,,,
FC,2026-04-04,90.2,-1.86,5.4,"Lindor, Francisco",596019,694738,,ball,,,,,11,Ball,R,L,R,SF,NYM,B,,,1,1,2026,0.47,0.83,-0.944578378141868,2.585066090386096,,,,0,1,Top,,,,,,,1.2300113639815717,-131.47664580207345,-2.677031137191365,5.25515260849205,27.10281491921538,-22.226918294910494,3.107668963,1.568356299,,,,90.1,2431,6.1,823239,672275,666464,650333,656305,642715,671218,664056,808982,54.44,,,,,,,,1,3,Cutter,0,0,0,0,0,0,0,0,Infield shade,Standard,188,-0.005,0.055,,,,-0.055,,0,0,0.501,0.499,27,32,28,33,1,0,5,1,6,1,1.96,-0.47,0.47,23.3,,,,,
EP,2026-04-04,46.6,-1.64,6.52,"Vientos, Mark",668901,683766,,ball,,,,,14,Ball,R,R,R,SF,NYM,B,,,0,0,2026,0.97,0.05,0.7815678354818963,1.1546356516637726,,,,1,9,Top,,,,,,,1.9301453667832016,-67.38405132429169,5.033027400763685,2.672475712308211,8.61138823977351,-32.93778214719699,3.340239501,1.685728347,,,,45,1354,5.1,823239,691740,666464,650333,656305,642715,671218,666931,808982,55.41,,,,,,,,70,1,Eephus,0,9,9,0,9,0,9,0,Infield shade,Standard,94,0,0.039,,,,-0.039,,-9,9,0.001,0.999,28,26,28,27,1,4,,1,,1,10.74,-0.97,-0.97,49.9,,,,,
KC,2026-04-04,81.3,-2.54,5.98,"Lindor, Francisco",596019,668873,,ball,,,,,14,Ball,R,L,R,SF,NYM,B,,,0,2,2026,0.72,-1.31,2.7675940983666725,-0.38588016237100264,,,,0,8,Top,,,,,,,10.359789643558125,-117.7572380447301,-4.613753176622799,4.185420193198587,26.905800883609427,-43.321550084163626,3.107668963,1.568356299,,,,80.8,2802,6.6,823239,691740,666464,650333,656305,642715,671218,666931,808982,53.86,,,,,,,,63,3,Knuckle Curve,0,9,9,0,9,0,9,0,Standard,Standard,32,0,0.024,,,,-0.024,,-9,9,0.001,0.999,29,32,29,33,1,4,1,1,2,1,4.85,-0.72,0.72,46.4,,,,,
SL,2026-04-04,87.7,0.89,5.73,"Taylor, Tyrone",621438,621366,,foul,,,,,13,Foul,R,R,L,SF,NYM,S,,,1,1,2026,0.01,0.35,-1.4359456064746854,1.1153477790490114,683146,,668901,2,5,Top,,,,,,,-5.582222547125914,-127.56316992661085,-5.521242706859201,1.1927459526414632,25.709837615691075,-27.41325021294215,3.231414042,1.630807087,4,76.2,-20,87.9,2419,6.4,823239,672275,666464,650333,656305,642715,671218,664056,808982,54.1,,,,,,,,40,3,Slider,0,5,5,0,5,0,5,0,Infield shade,Standard,116,0.002,-0.056,71.5,8.5,,0.056,88.0,-5,5,0.065,0.935,32,32,32,32,1,0,3,1,2,1,2.61,0.01,-0.01,25.4,25.40114455946456,-26.397929056735062,45.302352449772215,18.77250726158449,41.91537326712113
KC,2026-04-04,80,-2.59,6,"Lindor, Francisco",596019,668873,,ball,,,,,12,Ball,R,L,R,SF,NYM,B,,,1,2,2026,0.9,-1.21,1.0349500370989961,2.6850752157008078,,,,0,8,Top,,,,,,,6.198381765699797,-116.3368323125703,2.0187225231612906,6.850696214519527,23.731907837749812,-43.733061794607835,3.107668963,1.568356299,,,,80.2,2736,6.6,823239,691740,666464,650333,656305,642715,671218,666931,808982,53.87,,,,,,,,63,4,Knuckle Curve,0,9,9,0,9,0,9,0,Standard,Standard,37,0,0.043,,,,-0.043,,-9,9,0.001,0.999,29,32,29,33,1,4,1,1,2,1,4.8,-0.9,0.9,51.0,,,,,
FS,2026-04-04,84.4,0.93,5.74,"Taylor, Tyrone",621438,621366,,foul,,,,,5,Foul,R,R,L,SF,NYM,S,,,1,2,2026,1.18,-0.12,0.2738168162609872,2.125174541378375,683146,,668901,2,5,Top,,,,,,,-3.908050490235964,-122.94819164513801,-1.6482776502844794,12.707056556721934,23.01251604797194,-33.25553344957394,3.231414042,1.630807087,,,,85.2,1338,6.6,823239,672275,666464,650333,656305,642715,671218,664056,808982,53.87,,,,,,,,40,4,Split-Finger,0,5,5,0,5,0,5,0,Infield shade,Standard,100,0,0,74.2,7.8,,0,,-5,5,0.067,0.933,32,32,32,32,1,0,3,1,2,1,3.3,1.18,-1.18,29.6,10.814066446026875,-8.364440160090457,33.59760925676944,38.189937522117816,32.220084756262594
SI,2026-04-04,94,-1.63,5.13,"Lindor, Francisco",596019,694738,,foul,,,,,11,Foul,R,L,R,SF,NYM,S,,,2,1,2026,-1.5,0.33,-0.9876090418932164,2.544775735822415,,,,0,1,Top,,,,,,,5.053207508154273,-136.84273702987656,-1.543299822506441,-19.9227614505369,29.538636015355323,-27.938017559572796,3.107668963,1.568356299,195,77.9,19,94.7,2019,6.6,823239,672275,666464,650333,656305,642715,671218,664056,808982,53.86,,,,,,,,1,4,Sinker,0,0,0,0,0,0,0,0,Infield shade,Standard,241,0.007,-0.073,70.9,7.1,,0.073,88.0,0,0,0.496,0.504,27,32,28,33,1,0,5,1,6,1,2.25,1.5,-1.5,21.4,5.978237124805199,12.559566489941131,30.141485076292806,44.80452756201893,21.162774038597423
EP,2026-04-04,48.8,-1.58,6.47,"Vientos, Mark",668901,683766,,called_strike,,,,,3,Called Strike,R,R,R,SF,NYM,S,,,1,0,2026,0.92,0.1,0.6909783203445231,3.119782708300601,,,,1,9,Top,,,,,,,1.8822828502099005,-70.47075507584339,6.669348062452757,2.8339877620663296,8.593173906312986,-32.89772985588384,3.340239501,1.685728347,,,,47.4,1374,5.3,823239,691740,666464,650333,656305,642715,671218,666931,808982,55.23,,,,,,,,70,2,Eephus,0,9,9,0,9,0,9,0,Infield shade,Standard,94,0,-0.049,,,,0.049,,-9,9,0.001,0.999,28,26,28,27,1,4,,1,,1,9.68,-0.92,-0.92,50.4,,,,,
FS,2026-04-04,87.2,-1.63,6.19,"Vientos, Mark",668901,676775,,ball,,,,,11,Ball,R,R,R,SF,NYM,B,,,0,1,2026,-1.02,-0.13,-1.8861061668204517,2.660751214568898,,683146,,0,7,Top,,,,,,,1.5280800358646909,-127.06541331032899,-1.8609278612707256,-11.321590860397743,25.969980175488043,-33.421456529234746,3.340239501,1.685728347,,,,87.2,1483,6.2,823239,672275,666464,650333,656305,642715,671218,664056,808982,54.27,,,,,,,,54,2,Split-Finger,0,8,8,0,8,0,8,0,Infield shade,Standard,246,0,0.026,,,,-0.026,,-8,8,0.003,0.997,28,26,28,27,1,3,5,1,1,1,3.12,1.02,1.02,36.6,,,,,
CH,2026-04-04,87.6,-1.79,5.12,"Lindor, Francisco",596019,694738,,foul,,,,,13,Foul,R,L,R,SF,NYM,S,,,2,2,2026,-1.03,-0.15,-0.6579549074374542,1.2925117035584623,,,,0,1,Top,,,,,,,4.856281385400721,-127.5022960896276,-2.504893071445205,-12.19746945277335,28.581091187078677,-33.479586647840904,3.107668963,1.568356299,2,40.2,-32,87.2,1688,6.3,823239,672275,666464,650333,656305,642715,671218,664056,808982,54.25,,,,,,,,1,5,Changeup,0,0,0,0,0,0,0,0,Infield shade,Standard,255,0,0,67.4,8.1,,0,88.0,0,0,0.503,0.497,27,32,28,33,1,0,5,1,6,1,3.14,1.03,-1.03,16.2,21.510044933068098,-14.669340183688119,37.35345761045054,41.27806179638873,39.69436114355271
EP,2026-04-04,47.4,-1.53,6.58,"Vientos, Mark",668901,683766,,ball,,,,,11,Ball,R,R,R,SF,NYM,B,,,1,1,2026,0.67,0.13,-1.3875061996359674,2.9286088879760612,,,,1,9,Top,,,,,,,-0.5612266943139957,-68.5701969054311,6.601849204239206,2.177674752714429,7.8007343122306025,-32.72451999250268,3.340239501,1.685728347,,,,46.1,1308,5.1,823239,691740,666464,650333,656305,642715,671218,666931,808982,55.38,,,,,,,,70,3,Eephus,0,9,9,0,9,0,9,0,Infield shade,Standard,81,0,0.055,,,,-0.055,,-9,9,0.001,0.999,28,26,28,27,1,4,,1,,1,10.15,-0.67,-0.67,52.4,,,,,
FF,2026-04-04,97.6,-2.59,5.93,"Lindor, Francisco",596019,668873,field_out,hit_into_play,,,,,6,"Francisco Lindor grounds out, first baseman Jerar Encarnacion to pitcher Caleb Kilian.",R,L,R,SF,NYM,X,3,ground_ball,2,2,2026,-0.35,1.58,0.5442497647702613,2.4961408829677927,,,,0,8,Top,162.54,161.23,,,,,9.234747334686169,-141.70792031588618,-7.287338548927081,-6.832845578773318,32.04307576143795,-9.312532508555648,3.107668963,1.568356299,9,65.4,-14,98.5,2455,6.9,823239,691740,666464,650333,656305,642715,671218,666931,808982,53.62,0.055,0.05,0,1,0,0,2,63,5,4-Seam Fastball,0,9,9,0,9,0,9,0,Standard,Standard,209,0,-0.232,71.4,6.4,0.056,0.232,88.0,-9,9,0.001,0.999,29,32,29,33,1,4,1,1,2,1,0.82,0.35,-0.35,51.6,5.038850678077738,6.818350543542567,34.91856549662932,27.13225208323172,22.398131039358706
FS,2026-04-04,85,0.93,5.73,"Taylor, Tyrone",621438,621366,home_run,hit_into_play,,,,,8,Tyrone Taylor homers (1) on a fly ball to center field. Brett Baty scores. Mark Vientos scores.,R,R,L,SF,NYM,X,,fly_ball,1,2,2026,0.82,-0.18,-0.1267287251301782,1.8402111193736204,683146,,668901,2,5,Top,91.13,32.87,,,,,-4.138270450066196,-123.79171177574801,-2.2653341506968268,9.221797063529626,22.77708200199457,-33.82739705965823,3.231414042,1.630807087,419,105.1,31,85.9,1299,6.7,823239,672275,666464,650333,656305,642715,671218,664056,808982,53.84,0.814,1.66,2,1,0,3,6,40,5,Split-Finger,0,5,5,0,8,0,8,0,Infield shade,Standard,96,-0.053,1.645,73.3,7.7,3.237,-1.645,105.1,-5,5,0.067,0.933,32,32,32,32,1,0,3,1,2,1,3.31,0.82,-0.82,31.6,11.036354149916518,-37.59535078107372,51.644892693837946,34.163252203633604,32.18258086483843
FS,2026-04-04,88.4,-1.55,6.12,"Vientos, Mark",668901,676775,,blocked_ball,,,,,14,Ball In Dirt,R,R,R,SF,NYM,B,,,1,1,2026,-1.47,-0.18,0.8042927505093573,0.40093866412088675,,683146,,0,7,Top,,,,,,,8.777254067022678,-128.24818331510474,-7.146063191786632,-18.052997087455875,26.53298018674697,-32.86040209090288,3.340239501,1.685728347,,,,88.4,1623,6.4,823239,672275,666464,650333,656305,642715,671218,664056,808982,54.07,,,,,,,,54,3,Split-Finger,0,8,8,0,8,0,8,0,Infield shade,Standard,242,0,0.045,,,,-0.045,,-8,8,0.003,0.997,28,26,28,27,1,3,5,1,1,1,3.12,1.47,1.47,38.8,,,,,
CU,2026-04-04,75.9,-1.69,5.73,"Lindor, Francisco",596019,694738,strikeout,called_strike,,,,,7,Francisco Lindor called out on strikes.,R,L,R,SF,NYM,S,2,,2,2,2026,1.88,-0.55,-0.46027965772810764,1.523897622645598,,,,0,1,Top,,,,,,,-0.8711090887621349,-110.34571690929431,-0.312585696387089,15.264061817094648,24.095152982734458,-36.77698041205763,3.107668963,1.568356299,,,,74.3,3068,5.7,823239,672275,666464,650333,656305,642715,671218,664056,808982,54.85,,0,0,1,0,0,,1,6,Curveball,0,0,0,0,0,0,0,0,Infield shade,Standard,56,0.019,-0.232,,,,0.232,,0,0,0.503,0.497,27,32,28,33,1,0,5,1,6,1,4.59,-1.88,1.88,29.4,,,,,
FS,2026-04-04,88.3,-1.49,6.1,"Vientos, Mark",668901,676775,,swinging_strike,,,,,13,Swinging Strike,R,R,R,SF,NYM,S,,,2,1,2026,-1.49,0.15,-0.5644396305195447,1.2194467116143226,,683146,,0,7,Top,,,,,,,5.399021761207432,-128.4356532958645,-5.89611409189511,-17.664413617175693,25.99394319967077,-29.47127414162323,3.340239501,1.685728347,,,,88.7,1340,6.5,823239,672275,666464,650333,656305,642715,671218,664056,808982,53.99,,,,,,,,54,4,Split-Finger,0,8,8,0,8,0,8,0,Infield shade,Standard,244,0,-0.081,76.8,8.5,,0.081,,-8,8,0.003,0.997,28,26,28,27,1,3,5,1,1,1,2.77,1.49,1.49,41.2,22.34255256082493,-33.09307831509341,35.524432612441316,32.04662411253733,49.63147307593041
SL,2026-04-04,87.1,1.01,5.77,"Semien, Marcus",543760,621366,,called_strike,,,,,3,Called Strike,R,R,L,SF,NYM,S,,,0,0,2026,-0.06,0.58,0.3054108435147863,3.046283346035473,,,,2,5,Top,,,,,,,-1.542926165573689,-126.86935462259287,-1.3700249570170637,-0.36685877067835676,27.008431423492258,-25.88779863955994,3.212106299,1.621062992,,,,87.4,2164,6.5,823239,672275,666464,650333,656305,642715,671218,664056,808982,54.01,,,,,,,,41,1,Slider,0,8,8,0,8,0,8,0,Infield shade,Standard,147,0,-0.043,,,,0.043,,-8,8,0.014,0.986,32,35,32,36,1,2,3,1,2,1,2.43,-0.06,0.06,30.0,,,,,
FF,2026-04-04,96.4,-2.45,6.03,"Bichette, Bo",666182,668873,,ball,,,,,11,Ball,R,R,R,SF,NYM,B,,,0,0,2026,-0.41,1.49,-1.1051166831237607,3.1184841632597426,,,,1,8,Top,,,,,,,4.4951785272832785,-140.22740793154964,-5.410899374237975,-6.465719690922755,32.68939240696272,-11.489972128607844,3.162081693,1.595816929,,,,96.8,2303,6.6,823239,691740,666464,650333,656305,642715,671218,666931,808982,53.9,,,,,,,,64,1,4-Seam Fastball,0,9,9,0,9,0,9,0,Strategic,Standard,198,0,0.039,,,,-0.039,,-9,9,0.001,0.999,29,28,29,28,1,4,1,1,2,1,0.97,0.41,0.41,49.3,,,,,
EP,2026-04-04,49.2,-1.32,6.61,"Vientos, Mark",668901,683766,field_out,hit_into_play,,,,,3,"Mark Vientos grounds out, third baseman Matt Chapman to first baseman Jerar Encarnacion.",R,R,R,SF,NYM,X,5,ground_ball,2,1,2026,1.06,0.61,0.5411872654328423,3.212188126012295,,,,1,9,Top,98.18,160.85,,,,,1.2090058678829405,-71.2133460710385,5.997245529759166,3.3841593176817275,9.835771708755995,-31.2279485342081,3.340239501,1.685728347,30,81.4,-4,47.6,1355,5.2,823239,691740,666464,650333,656305,642715,671218,666931,808982,55.28,0.124,0.117,0,1,0,0,2,70,4,Eephus,0,9,9,0,9,0,9,0,Infield shade,Standard,101,0,-0.298,75.7,7.7,0.135,0.298,88.0,-9,9,0.001,0.999,28,26,28,27,1,4,,1,,1,9.07,-1.06,-1.06,53.2,24.729221869002128,-17.18245557346401,28.542882571355715,38.18761396910202,39.267585426470866
SI,2026-04-04,95.6,0.84,5.67,"Semien, Marcus",543760,621366,single,hit_into_play,,,,,8,Marcus Semien singles on a line drive to right fielder Jung Hoo Lee.,R,R,L,SF,NYM,X,9,line_drive,0,1,2026,1.54,0.53,-0.004707933619968907,1.8993887451739395,,,,2,5,Top,157.49,120.1,,,,,-5.742591573011099,-139.03378647115267,-5.287563830198829,21.266193095525434,32.11803195610219,-24.295258253906663,3.212106299,1.621062992,215,99.2,11,95.8,2298,6.5,823239,672275,666464,650333,656305,642715,671218,664056,808982,54.01,0.9,0.855,0.9,1,1,0,4,41,2,Sinker,0,8,8,0,8,0,8,0,Infield shade,Standard,119,0,0.368,67.3,7.0,1.053,-0.368,99.2,-8,8,0.014,0.986,32,35,32,36,1,2,3,1,2,1,1.97,1.54,-1.54,27.5,-0.1100986996620293,13.267834912349105,41.61767776827364,32.08628975378084,18.94397094058437
EP,2026-04-04,50.2,-1.63,6.46,"Taylor, Tyrone",621438,683766,,ball,,,,,12,Ball,R,R,R,SF,NYM,B,,,0,0,2026,0.51,1.16,1.6741407981960743,2.5770046084482647,,,,2,9,Top,,,,,,,3.830783554808983,-72.65896363639271,4.376219058859386,1.2556110190661958,9.845377510430469,-28.980870633083388,3.231414042,1.630807087,,,,49,1352,5.6,823239,691740,666464,650333,656305,642715,671218,666931,808982,54.92,,,,,,,,71,1,Eephus,0,9,9,0,9,0,9,0,Infield shade,Standard,118,0,0.037,,,,-0.037,,-9,9,0.001,0.999,28,32,28,32,1,2,,1,,1,8.1,-0.51,-0.51,53.6,,,,,
FS,2026-04-04,88.2,-1.41,6.12,"Vientos, Mark",668901,676775,field_out,hit_into_play,,,,,7,Mark Vientos lines out to center fielder Harrison Bader.,R,R,R,SF,NYM,X,8,line_drive,2,2,2026,-1.3,-0.04,-0.6470036937873871,1.8803713910644348,,683146,,0,7,Top,146.15,80.64,,,,,4.596375970688484,-128.4076608320094,-3.8793234812944775,-15.361608913080584,27.425093337871708,-32.039401890709094,3.340239501,1.685728347,299,92.3,19,88.3,1622,6.4,823239,672275,666464,650333,656305,642715,671218,664056,808982,54.11,0.44,0.403,0,1,0,0,4,54,5,Split-Finger,0,8,8,0,8,0,8,0,Infield shade,Standard,245,0.001,-0.237,73.6,7.0,0.553,0.237,92.3,-8,8,0.003,0.997,28,26,28,27,1,3,5,1,1,1,2.98,1.3,1.3,37.9,1.7195801389208683,6.984948055673945,31.456014470146602,30.225411998725246,25.25760705430406
SI,2026-04-04,95.1,-1.39,5.23,"Bichette, Bo",666182,694738,,ball,,,,,12,Ball,R,R,R,SF,NYM,B,,,0,0,2026,-1.54,0.23,1.5722245553991796,2.4805922248116583,,,,1,1,Top,,,,,,,11.131313315726894,-138.08356282200413,-1.821444271337633,-22.210110508118262,32.00517467557927,-29.074572971931197,3.162081693,1.595816929,,,,94.6,2088,6.2,823239,672275,666464,650333,656305,642715,671218,664056,808982,54.29,,,,,,,,2,1,Sinker,0,0,0,0,0,0,0,0,Strategic,Standard,244,-0.002,0.039,,,,-0.039,,0,0,0.522,0.478,27,28,28,28,1,0,5,1,6,1,2.31,1.54,1.54,22.1,,,,,
SI,2026-04-04,94,-2.46,6,"Bichette, Bo",666182,668873,,called_strike,,,,,4,Called Strike,R,R,R,SF,NYM,S,,,1,0,2026,-1.13,0.98,-0.4103172726445783,2.6545227517146213,,,,1,8,Top,,,,,,,7.8439968860891645,-136.70270280910847,-4.968702346492089,-15.847848112592576,30.1122751731339,-18.994381008162943,3.162081693,1.595816929,,,,94.7,2233,6.7,823239,691740,666464,650333,656305,642715,671218,666931,808982,53.79,,,,,,,,64,2,Sinker,0,9,9,0,9,0,9,0,Standard,Standard,204,0,-0.049,,,,0.049,,-9,9,0.001,0.999,29,28,29,28,1,4,1,1,2,1,1.6,1.13,1.13,54.8,,,,,
SI,2026-04-04,94.9,-1.31,5.18,"Bichette, Bo",666182,694738,,called_strike,,,,,6,Called Strike,R,R,R,SF,NYM,S,,,1,0,2026,-1.63,0.1,0.4509986218074924,2.1001496308861145,,,,1,1,Top,,,,,,,8.305208166386896,-137.9191728149378,-2.3977684675714603,-22.684257602612696,32.387226055355775,-30.512917812405856,3.162081693,1.595816929,,,,95.1,2102,6.6,823239,672275,666464,650333,656305,642715,671218,664056,808982,53.91,,,,,,,,2,2,Sinker,0,0,0,0,0,0,0,0,Strategic,Standard,245,0.003,-0.049,,,,0.049,,0,0,0.52,0.48,27,28,28,28,1,0,5,1,6,1,2.45,1.63,1.63,20.2,,,,,
SL,2026-04-04,87,1.27,5.66,"Benge, Carson",701807,621366,,foul,,,,,13,Foul,R,L,L,SF,NYM,S,,,0,0,2026,-0.18,0.42,-0.9294255964684924,1.7099913082845157,,,543760,2,5,Top,,,,,,,-4.847755440933372,-126.56778477964922,-3.927913486889794,-0.8917320219990585,27.144736704244508,-27.0167341246897,3.259498032,1.644980315,16,73.5,-5,87,2236,6.4,823239,672275,666464,650333,656305,642715,671218,664056,808982,54.1,,,,,,,,42,1,Slider,0,8,8,0,8,0,8,0,Standard,Standard,125,0,-0.042,75.1,7.2,,0.042,88.0,-8,8,0.014,0.986,32,23,32,23,1,2,3,1,2,1,2.6,-0.18,-0.18,26.2,7.263861533859833,0.6898377130611616,31.888352721815604,49.031638571277426,37.496005809936996
SI,2026-04-04,95.3,-1.41,6.22,"Taylor, Tyrone",621438,676775,single,hit_into_play,,,,,5,"Tyrone Taylor singles on a ground ball to right fielder Jung Hoo Lee. Brett Baty scores. Tyrone Taylor to 2nd. Tyrone Taylor advances to 2nd, on a throwing error by right fielder Jung Hoo Lee.",R,R,R,SF,NYM,X,9,ground_ball,0,0,2026,-1.24,0.83,0.11950186348839731,2.6071554489714748,,683146,,1,7,Top,175.7,124.78,,,,,6.772335866097684,-138.58874205672936,-5.548582822585938,-17.459491489501914,29.3276130083868,-20.442763704118878,3.231414042,1.630807087,20,93.7,-6,95.3,2260,6.2,823239,672275,666464,650333,656305,642715,671218,664056,808982,54.28,0.258,0.238,0.9,1,1,0,2,55,1,Sinker,0,8,8,0,9,0,9,0,Infield shade,Standard,229,-0.002,0.539,67.2,6.3,0.289,-0.539,93.7,-8,8,0.004,0.996,28,32,28,32,1,1,5,1,1,1,1.67,1.24,1.24,37.8,-5.820818953021421,24.925432385630636,35.06458126936363,36.819481429821806,11.895946370885174
SI,2026-04-04,95,-2.46,5.95,"Bichette, Bo",666182,668873,,ball,,,,,14,Ball,R,R,R,SF,NYM,B,,,1,1,2026,-0.95,0.96,0.8205339302795565,0.3472770176084723,,,,1,8,Top,,,,,,,10.700944339591658,-137.62904059125123,-10.972955526505798,-14.421374624855991,29.1708193793167,-17.595747019629634,3.162081693,1.595816929,,,,95.7,2345,6.8,823239,691740,666464,650333,656305,642715,671218,666931,808982,53.67,,,,,,,,64,3,Sinker,0,9,9,0,9,0,9,0,Standard,Standard,210,0,0.055,,,,-0.055,,-9,9,0.001,0.999,29,28,29,28,1,4,1,1,2,1,1.57,0.95,0.95,46.6,,,,,
EP,2026-04-04,49.7,-1.59,6.55,"Taylor, Tyrone",621438,683766,,ball,,,,,12,Ball,R,R,R,SF,NYM,B,,,1,0,2026,1.15,0.74,1.3805651286456246,3.726280070194716,,,,2,9,Top,,,,,,,2.5910757543462712,-71.8484802584263,6.385753621920766,3.6054487784129554,9.324941129785895,-30.71068083343715,3.231414042,1.630807087,,,,48.3,1361,5.3,823239,691740,666464,650333,656305,642715,671218,666931,808982,55.17,,,,,,,,71,2,Eephus,0,9,9,0,9,0,9,0,Infield shade,Standard,114,0,0.065,,,,-0.065,,-9,9,0.001,0.999,28,32,28,32,1,2,,1,,1,8.7,-1.15,-1.15,52.6,,,,,
SL,2026-04-04,87.1,1.06,5.79,"Benge, Carson",701807,621366,,ball,,,,,12,Ball,R,L,L,SF,NYM,B,,,0,1,2026,-0.13,0.09,1.1420905697206907,3.3911256982335956,,,543760,2,5,Top,,,,,,,0.47744122643155484,-126.82685217484236,0.42173944479896863,-1.540590529910086,26.921265172511298,-31.479565348846958,3.259498032,1.644980315,,,,87,2326,6.2,823239,672275,666464,650333,656305,642715,671218,664056,808982,54.25,,,,,,,,42,2,Slider,0,8,8,0,8,0,8,0,Standard,Standard,222,0,0.027,,,,-0.027,,-8,8,0.014,0.986,32,23,32,23,1,2,3,1,2,1,2.92,-0.13,-0.13,28.9,,,,,
CU,2026-04-04,76.4,-1.58,5.54,"Bichette, Bo",666182,694738,,called_strike,,,,,8,Called Strike,R,R,R,SF,NYM,S,,,1,1,2026,1.77,-0.33,-0.1860125283527092,1.8892473019824414,,,,1,1,Top,,,,,,,-0.35114026107001706,-111.11404356968848,0.3289306548559594,14.51872379294945,24.17573598734186,-35.19412948945031,3.162081693,1.595816929,,,,75.1,3119,5.8,823239,672275,666464,650333,656305,642715,671218,664056,808982,54.65,,,,,,,,2,3,Curveball,0,0,0,0,0,0,0,0,Strategic,Standard,54,0.004,-0.064,,,,0.064,,0,0,0.523,0.477,27,28,28,28,1,0,5,1,6,1,4.31,-1.77,-1.77,27.7,,,,,
SL,2026-04-04,86.1,-2.37,6.04,"Bichette, Bo",666182,668873,,foul,,,,,1,Foul,R,R,R,SF,NYM,S,,,2,1,2026,0.45,-0.01,-0.29660225385821026,2.6917367476367784,,,,1,8,Top,,,,,,,3.941775432506691,-125.39827702892173,-1.4730297605595335,3.8875039746107523,25.74457151906234,-32.21167980300985,3.162081693,1.595816929,195,68.1,45,86.3,2400,6.4,823239,691740,666464,650333,656305,642715,671218,666931,808982,54.1,,,,,,,,64,4,Slider,0,9,9,0,9,0,9,0,Strategic,Standard,104,0,-0.07,62.7,6.7,,0.07,88.0,-9,9,0.001,0.999,29,28,29,28,1,4,1,1,2,1,3.08,-0.45,-0.45,45.4,-2.565699131563285,9.507547442653717,34.45606310231038,28.006980508494784,23.91367062657465
FS,2026-04-04,88.5,-1.45,6.18,"Semien, Marcus",543760,676775,,ball,,,,,14,Ball,R,R,R,SF,NYM,B,,,0,0,2026,-1.5,0.24,0.5667244335017805,-0.04951754796500607,,621438,,1,7,Top,,,,,,,8.025655810105095,-128.36540049849577,-9.271258705828753,-18.239561870907306,26.843956339501233,-27.719418890954135,3.212106299,1.621062992,,,,88.3,1649,6.4,823239,672275,666464,650333,656305,642715,671218,664056,808982,54.15,,,,,,,,56,1,Split-Finger,0,9,9,0,9,0,9,0,Infield shade,Standard,241,0,0.028,,,,-0.028,,-9,9,0.002,0.998,28,35,28,36,1,3,5,1,1,1,2.69,1.5,1.5,40.8,,,,,
EP,2026-04-04,49.8,-1.78,6.44,"Taylor, Tyrone",621438,683766,field_out,hit_into_play,,,,,2,Tyrone Taylor flies out to right fielder Jung Hoo Lee.,R,R,R,SF,NYM,X,9,fly_ball,2,0,2026,1.06,0.9,-0.22229967904679682,2.7541277795674617,,,,2,9,Top,167.79,108.88,,,,,0.8389504487643007,-72.21975370891138,4.946623628523787,3.551914805700107,9.384087582645327,-29.93657312126233,3.231414042,1.630807087,249,81.3,43,48.4,1417,5.2,823239,691740,666464,650333,656305,642715,671218,666931,808982,55.32,0.011,0.01,0,1,0,0,3,71,3,Eephus,0,9,9,0,9,0,9,0,Infield shade,Standard,112,0,-0.362,70.9,6.8,0.015,0.362,88.0,-9,9,0.001,0.999,28,32,28,32,1,2,,1,,1,8.44,-1.06,-1.06,50.0,16.59434543712075,1.9243182647884662,29.403959278141347,30.63128858542839,33.138520219322004
FF,2026-04-04,97.3,-2.31,5.97,"Bichette, Bo",666182,668873,,foul,,,,,8,Foul,R,R,R,SF,NYM,S,,,2,2,2026,-0.35,1.31,-0.06016436642828682,1.9915852448869384,,,,1,8,Top,,,,,,,6.8555177734912665,-141.39522884859147,-8.061082486967798,-6.204529617688934,31.73255194511494,-12.8854871584685,3.162081693,1.595816929,192,90.8,10,98.5,2353,7,823239,691740,666464,650333,656305,642715,671218,666931,808982,53.53,,,,,,,,64,5,4-Seam Fastball,0,9,9,0,9,0,9,0,Strategic,Standard,198,0,0,60.4,6.2,,0,90.8,-9,9,0.001,0.999,29,28,29,28,1,4,1,1,2,1,1.1,0.35,0.35,46.6,-23.414214004548793,23.043490610034837,50.05538183901546,33.59222082693768,3.077023474845337
FF,2026-04-04,97,-1.34,6.29,"Semien, Marcus",543760,676775,,ball,,,,,14,Ball,R,R,R,SF,NYM,B,,,1,0,2026,-1.12,1.31,1.4405885169042623,1.970144059916703,621438,,,1,7,Top,,,,,,,9.927143230428634,-140.70629086789836,-8.751539146032275,-17.103195307775636,32.58418249987234,-12.938105366520874,3.212106299,1.621062992,,,,96.8,2373,6.4,823239,672275,666464,650333,656305,642715,671218,664056,808982,54.13,,,,,,,,56,2,4-Seam Fastball,0,9,9,0,9,0,9,0,Infield shade,Standard,228,0,0.037,,,,-0.037,,-9,9,0.002,0.998,28,35,28,36,1,3,5,1,1,1,1.14,1.12,1.12,42.3,,,,,
SI,2026-04-04,94.9,1.11,5.77,"Benge, Carson",701807,621366,,ball,,,,,12,Ball,R,L,L,SF,NYM,B,,,1,1,2026,1.42,0.58,1.0494079466679775,3.1216665194069995,,,543760,2,5,Top,,,,,,,-3.384832892031029,-138.149797644184,-2.4109172957619043,18.887825384220122,30.83270327853707,-24.39103520793995,3.259498032,1.644980315,,,,95.2,2355,6.4,823239,672275,666464,650333,656305,642715,671218,664056,808982,54.08,,,,,,,,42,3,Sinker,0,8,8,0,8,0,8,0,Infield shade,Standard,127,0,0.054,,,,-0.054,,-8,8,0.014,0.986,32,23,32,23,1,2,3,1,2,1,1.95,1.42,1.42,29.3,,,,,
SI,2026-04-04,94.3,-1.3,5.17,"Bichette, Bo",666182,694738,,ball,,,,,12,Ball,R,R,R,SF,NYM,B,,,1,2,2026,-1.57,0.4,1.3909006410483076,2.59207773745526,,,,1,1,Top,,,,,,,10.495379530467666,-136.9383457702489,-1.665739648672929,-22.13530084462129,31.63134123582154,-27.024098812261084,3.162081693,1.595816929,,,,94.3,2116,6.5,823239,672275,666464,650333,656305,642715,671218,664056,808982,53.97,,,,,,,,2,4,Sinker,0,0,0,0,0,0,0,0,Strategic,Standard,240,-0.003,0.048,,,,-0.048,,0,0,0.527,0.473,27,28,28,28,1,0,5,1,6,1,2.19,1.57,1.57,21.0,,,,,
FF,2026-04-04,97.5,-2.23,6.03,"Bichette, Bo",666182,668873,strikeout,called_strike,,,,,9,Bo Bichette called out on strikes.,R,R,R,SF,NYM,S,2,,2,2,2026,-0.17,1.63,0.5490363531107327,1.9687272638000701,,,,1,8,Top,,,,,,,7.828082485425669,-141.46634236380785,-8.970577507943135,-4.210735211469007,34.83971037879888,-8.352161899166855,3.162081693,1.595816929,,,,97.9,2312,6.8,823239,691740,666464,650333,656305,642715,671218,666931,808982,53.66,,0,0,1,0,0,,64,6,4-Seam Fastball,0,9,9,0,9,0,9,0,Standard,Standard,199,0,-0.228,,,,0.228,,-9,9,0.001,0.999,29,28,29,28,1,4,1,1,2,1,0.8,0.17,0.17,50.3,,,,,
FS,2026-04-04,89.1,-1.42,6.12,"Semien, Marcus",543760,676775,,swinging_strike,,,,,14,Swinging Strike,R,R,R,SF,NYM,S,,,2,0,2026,-1.17,-0.17,1.0619042552981244,1.3787407447346767,621438,,,1,7,Top,,,,,,,8.524007512648895,-129.56823925175885,-5.0724277533597455,-14.908538684723533,24.660228080433836,-33.23112902885115,3.212106299,1.621062992,,,,89.6,1688,6.4,823239,672275,666464,650333,656305,642715,671218,664056,808982,54.06,,,,,,,,56,3,Split-Finger,0,9,9,0,9,0,9,0,Infield shade,Standard,244,0,-0.055,68.1,8.1,,0.055,,-9,9,0.002,0.998,28,35,28,36,1,3,5,1,1,1,3.02,1.17,1.17,39.1,13.659208867091685,-2.9700733714463547,32.17135724028928,44.32344078166523,29.491141372987627
SI,2026-04-04,94.2,1.12,5.74,"Benge, Carson",701807,621366,,foul,,,,,5,Foul,R,L,L,SF,NYM,S,,,2,1,2026,1.4,0.62,0.20399364910377749,2.3992831459547688,,,543760,2,5,Top,,,,,,,-5.5300447617451045,-137.02157538396625,-4.155508806636131,18.839956253654726,31.539016769392266,-23.60902287579175,3.259498032,1.644980315,2,60,-54,94.3,2313,6.5,823239,672275,666464,650333,656305,642715,671218,664056,808982,54.01,,,,,,,,42,4,Sinker,0,8,8,0,8,0,8,0,Standard,Standard,132,0,-0.093,71.0,6.0,,0.093,88.0,-8,8,0.014,0.986,32,23,32,23,1,2,3,1,2,1,1.96,1.4,1.4,29.6,3.8374955807976856,19.775846190136843,29.123358507415862,34.24582558868903,24.487371833332368
FC,2026-04-04,87.3,-1.44,5.42,"Bichette, Bo",666182,694738,,foul,,,,,12,Foul,R,R,R,SF,NYM,S,,,2,2,2026,0.53,0.1,0.9697791975820538,2.446715803014149,,,,1,1,Top,,,,,,,4.6028842040733355,-127.18326996992103,-1.0212256168879914,4.80961586253271,25.746806554048682,-31.14225755106513,3.162081693,1.595816929,262,87.7,18,87.3,2444,6.2,823239,672275,666464,650333,656305,642715,671218,664056,808982,54.3,,,,,,,,2,5,Cutter,0,0,0,0,0,0,0,0,Strategic,Standard,117,0,0,63.4,6.8,,0,88.0,0,0,0.524,0.476,27,28,28,28,1,0,5,1,6,1,2.89,-0.53,-0.53,29.1,-9.748194574249881,16.502040199677435,33.63149909138655,44.017120638051246,13.288837745941269
SL,2026-04-04,85.7,1.19,5.74,"Benge, Carson",701807,621366,,ball,,,,,12,Ball,R,L,L,SF,NYM,B,,,2,2,2026,-0.21,-0.02,0.9416103928608772,3.0357431819933383,,,543760,2,5,Top,,,,,,,-0.15822723352815937,-124.84779162840815,0.1429838773387646,-2.1234550210978815,26.65126368315395,-32.6145809462406,3.259498032,1.644980315,,,,85.8,2293,6.4,823239,672275,666464,650333,656305,642715,671218,664056,808982,54.08,,,,,,,,42,5,Slider,0,8,8,0,8,0,8,0,Standard,Standard,252,0,0.079,,,,-0.079,,-8,8,0.014,0.986,32,23,32,23,1,2,3,1,2,1,3.13,-0.21,-0.21,29.5,,,,,
FS,2026-04-04,89,-1.32,6.22,"Semien, Marcus",543760,676775,,blocked_ball,,,,,14,Ball In Dirt,R,R,R,SF,NYM,B,,,2,1,2026,-1.48,0.15,1.7085081692038324,0.7856785961975348,621438,,,1,7,Top,,,,,,,10.498654201832785,-129.0566988440946,-7.355398676258721,-18.687119375471923,24.85582095974174,-29.207078461839455,3.212106299,1.621062992,,,,89.3,1574,6.5,823239,672275,666464,650333,656305,642715,671218,664056,808982,53.98,,,,,,,,56,4,Split-Finger,0,9,9,0,9,0,9,0,Infield shade,Standard,238,0,0.053,,,,-0.053,,-9,9,0.002,0.998,28,35,28,36,1,3,5,1,1,1,2.73,1.48,1.48,39.3,,,,,
FF,2026-04-04,97.4,-2.65,6.01,"Polanco, Jorge",593871,668873,field_out,hit_into_play,,,,,5,Jorge Polanco lines out sharply to center fielder Jared Oliva.,R,L,R,SF,NYM,X,8,line_drive,0,0,2026,-0.3,1.56,-0.24985312145612565,2.18796989889744,,,,2,8,Top,119,54.51,,,,,7.089681263506805,-141.3668269406969,-8.144835966405326,-5.72364203287174,34.88432473577285,-9.491740233698417,3.191043307,1.610433071,358,104.7,17,97.7,2295,6.8,823239,691740,666464,650333,656305,642715,671218,666931,808982,53.74,0.514,0.605,0,1,0,0,5,65,1,4-Seam Fastball,0,9,9,0,9,0,9,0,Strategic,Standard,201,0,-0.26,69.2,7.4,0.921,0.26,104.7,-9,9,0.001,0.999,29,32,29,33,1,4,1,2,2,1,0.87,0.3,-0.3,46.0,4.9776321866179645,-3.253777298303146,31.82688401230411,40.95983824252067,23.77773631243228
CU,2026-04-04,76.6,-1.52,5.53,"Bichette, Bo",666182,694738,,ball,,,,,13,Ball,R,R,R,SF,NYM,B,,,2,2,2026,1.48,-0.9,-1.5431464405784225,1.747563800703582,,,,1,1,Top,,,,,,,-2.7740715604379336,-111.4329323606503,1.0006331947932852,12.816059027016225,22.527500857338847,-40.07574436314204,3.162081693,1.595816929,,,,75.9,3001,6.1,823239,672275,666464,650333,656305,642715,671218,664056,808982,54.39,,,,,,,,2,6,Curveball,0,0,0,0,0,0,0,0,Strategic,Standard,50,-0.006,0.104,,,,-0.104,,0,0,0.524,0.476,27,28,28,28,1,0,5,1,6,1,4.83,-1.48,-1.48,28.1,,,,,
SL,2026-04-04,86.7,0.98,5.72,"Benge, Carson",701807,621366,strikeout,swinging_strike,,,,,7,Carson Benge strikes out swinging.,R,L,L,SF,NYM,S,2,,3,2,2026,-0.15,0.47,-0.6084045480993068,1.6066280546610687,,,543760,2,5,Top,,,,,,,-3.451834026064324,-126.22190804122873,-4.377352040562999,-0.8675488460118275,26.59266301393837,-26.490734647950376,3.259498032,1.644980315,,,,87,2286,6.5,823239,672275,666464,650333,656305,642715,671218,664056,808982,53.98,,0,0,1,0,0,,42,6,Slider,0,8,8,0,8,0,8,0,Standard,Standard,147,0.001,-0.295,83.2,7.5,,0.295,,-8,8,0.014,0.986,32,23,32,23,1,2,3,1,2,1,2.57,-0.15,-0.15,30.2,16.506588594264358,-16.475148578581553,35.86754784689385,43.61432427823534,47.32579564150996
SI,2026-04-04,94.2,-1.44,5.15,"Bichette, Bo",666182,694738,,foul,,,,,11,Foul,R,R,R,SF,NYM,S,,,3,2,2026,-1.37,0.21,-1.0184838183478402,3.519673730508947,,,,1,1,Top,,,,,,,4.175791858203549,-137.21599776127726,1.1389634087498002,-18.178826115563727,30.246376900012887,-30.001593912082917,3.162081693,1.595816929,24,75.1,-6,94.4,2242,6.3,823239,672275,666464,650333,656305,642715,671218,664056,808982,54.16,,,,,,,,2,7,Sinker,0,0,0,0,0,0,0,0,Strategic,Standard,249,0,0,47.4,4.4,,0,88.0,0,0,0.518,0.482,27,28,28,28,1,0,5,1,6,1,2.35,1.37,1.37,21.7,-32.524408066990425,57.71113644265143,47.727189639286976,20.863463115327068,0.877204199113822
FF,2026-04-04,97.1,-1.24,6.2,"Semien, Marcus",543760,676775,walk,ball,,,,,14,"Patrick Bailey challenged (pitch result), call on the field was confirmed: Marcus Semien walks.",R,R,R,SF,NYM,B,,,3,1,2026,-0.86,1.36,0.3036731659648433,1.4935962621468388,621438,,,1,7,Top,,,,,,,6.0654444811346035,-140.99717224579766,-9.929522208234523,-12.830865306821591,34.13017211985261,-11.888534935216795,3.212106299,1.621062992,,,,96.9,2366,6.4,823239,672275,666464,650333,656305,642715,671218,664056,808982,54.09,,0.709062,0.7,1,0,0,,56,5,4-Seam Fastball,0,9,9,0,9,0,9,0,Infield shade,Standard,223,0,0.128,,,,-0.128,,-9,9,0.002,0.998,28,35,28,36,1,3,5,1,1,1,1.08,0.86,0.86,44.6,,,,,
SI,2026-04-04,94.5,-1.38,5.14,"Bichette, Bo",666182,694738,strikeout,swinging_strike,,,,,6,Bo Bichette strikes out swinging.,R,R,R,SF,NYM,S,2,,3,2,2026,-1.56,0.07,0.6210342128249131,2.2196271876456346,,,,1,1,Top,,,,,,,8.684221919609472,-137.36065540576783,-1.8868387187028128,-21.60643742419295,29.69248926651329,-31.127276205644705,3.162081693,1.595816929,,,,94.7,2081,6.4,823239,672275,666464,650333,656305,642715,671218,664056,808982,54.07,,0,0,1,0,0,,2,8,Sinker,0,0,0,0,0,0,0,0,Strategic,Standard,250,0.02,-0.332,67.2,6.1,,0.332,,0,0,0.518,0.482,27,28,28,28,1,0,5,1,6,1,2.49,1.56,1.56,24.0,-24.157290048179068,42.19139041327447,44.45494046522133,40.36389696603663,-11.64811399964853
SI,2026-04-04,93.6,0.89,5.74,"Torrens, Luis",620443,621366,,foul,,,,,5,Foul,R,R,L,SF,NYM,S,,,0,0,2026,1.54,0.54,0.22288510743399526,2.089919986286883,,,,0,6,Top,,,,,,,-5.171051481512404,-136.08673516779695,-4.603758709849546,20.311872132536227,31.98387676034566,-24.667949524993357,3.178756562,1.604232283,252,83.9,32,93.4,2267,6.4,823239,672275,666464,650333,656305,642715,671218,664056,808982,54.1,,,,,,,,46,1,Sinker,0,8,8,0,8,0,8,0,Strategic,Standard,128,0,-0.039,68.4,6.9,,0.039,88.0,-8,8,0.008,0.992,32,30,32,30,1,2,3,4,2,1,2.08,1.54,-1.54,26.6,-7.68091878400022,22.324912470559486,36.623514305245486,40.01985945587583,12.05162175486414
FS,2026-04-04,89.1,-1.52,6.21,"Benge, Carson",701807,676775,,called_strike,,,,,2,Called Strike,R,L,R,SF,NYM,S,,,0,0,2026,-1.31,0.17,-0.1405346112353174,2.902117463394737,621438,,543760,1,7,Top,,,,,,,6.1490384713622115,-129.71378898219643,-2.2696685118097255,-16.077282995849455,25.923316369835003,-30.01365726529114,3.259498032,1.644980315,,,,89.3,1645,6.3,823239,672275,666464,650333,656305,642715,671218,664056,808982,54.22,,,,,,,,57,1,Split-Finger,0,9,9,0,9,0,9,0,Standard,Standard,241,0,-0.041,,,,0.041,,-9,9,0.002,0.998,28,23,28,23,1,3,5,1,1,1,2.69,1.31,-1.31,36.2,,,,,
SI,2026-04-04,94.8,-1.53,5.18,"Polanco, Jorge",593871,694738,,foul,,,,,8,Foul,R,L,R,SF,NYM,S,,,0,0,2026,-1.75,0.18,0.10120047874962967,1.8681035802510344,,,,2,1,Top,,,,,,,8.199680317940906,-137.87499160529433,-3.206511921833126,-24.19265687370957,29.02015067039555,-29.401779487114222,3.191043307,1.610433071,2,54.3,-44,95.1,2249,6.4,823239,672275,666464,650333,656305,642715,671218,664056,808982,54.1,,,,,,,,3,1,Sinker,0,0,0,0,0,0,0,0,Infield shade,Standard,247,0.002,-0.043,69.2,7.0,,0.043,88.0,0,0,0.538,0.46199999999999997,27,32,28,33,1,0,5,2,6,1,2.35,1.75,-1.75,18.8,1.2374330149609447,0.8632558311772158,31.221641972128037,36.25013375635994,23.07862170174718
FS,2026-04-04,88.8,-1.45,6.1,"Benge, Carson",701807,676775,,swinging_strike_blocked,,,,,13,Swinging Strike (Blocked),R,L,R,SF,NYM,S,,,0,1,2026,-1.39,0.01,-0.1871143041239367,0.7751068523810303,621438,,543760,1,7,Top,,,,,,,5.998795599053455,-129.1826656492176,-6.7264160817061445,-16.83965475817358,25.843848977412147,-30.886928429230014,3.259498032,1.644980315,,,,88.7,1684,6.1,823239,672275,666464,650333,656305,642715,671218,664056,808982,54.36,,,,,,,,57,2,Split-Finger,0,9,9,0,9,0,9,0,Standard,Standard,246,0,-0.073,74.8,7.5,,0.073,,-9,9,0.002,0.998,28,23,28,23,1,3,5,1,1,1,2.87,1.39,-1.39,35.7,9.154420916994553,-11.036798783486523,38.2960854763493,38.51733365520672,38.044171707946894
FS,2026-04-04,83.4,0.9,5.69,"Torrens, Luis",620443,621366,field_out,hit_into_play,,,,,6,Luis Torrens lines out to center fielder Harrison Bader.,R,R,L,SF,NYM,X,8,line_drive,0,1,2026,0.88,-0.01,0.7297942110705556,2.604264479813632,,,,0,6,Top,163.91,60.68,,,,,-2.1705710172799795,-121.40896416160346,-0.419172541102958,9.167167140081029,24.810400929427868,-32.36351125185238,3.178756562,1.604232283,355,95.5,24,83.7,1154,6.5,823239,672275,666464,650333,656305,642715,671218,664056,808982,53.96,0.24,0.335,0,1,0,0,5,46,2,Split-Finger,0,8,8,0,8,0,8,0,Strategic,Standard,100,0.001,-0.22,74.4,7.5,0.559,0.22,95.5,-8,8,0.008,0.992,32,30,32,30,1,2,3,4,2,1,3.29,0.88,-0.88,27.3,11.822392697307533,9.767761956835834,27.935279388853203,46.182793732599634,28.688809627139246
FS,2026-04-04,89,-1.35,6.12,"Benge, Carson",701807,676775,,foul,,,,,14,Foul,R,L,R,SF,NYM,S,,,0,2,2026,-1.13,0.03,0.09075249980797051,1.2736692589174279,621438,,543760,1,7,Top,,,,,,,5.8773416716957065,-129.45540969620203,-5.688833055578785,-13.960639008413361,25.356379654695473,-30.908574686431137,3.259498032,1.644980315,1,99.5,-46,89,1604,6.2,823239,672275,666464,650333,656305,642715,671218,664056,808982,54.32,,,,,,,,57,3,Split-Finger,0,9,9,0,9,0,9,0,Standard,Standard,243,0,0,70.4,6.9,,0,99.5,-9,9,0.002,0.998,28,23,28,23,1,3,5,1,1,1,2.84,1.13,-1.13,41.6,10.388408392859063,-3.5960028491149627,37.14755889150206,35.223338521439075,37.36547881127062
CH,2026-04-04,88.4,-1.74,5.08,"Polanco, Jorge",593871,694738,,foul,,,,,9,Foul,R,L,R,SF,NYM,S,,,0,1,2026,-0.93,-0.48,0.4642157131073933,1.6328430727707026,,,,2,1,Top,,,,,,,7.273912923673584,-128.43684171161988,-1.0104720964478155,-11.915151728905343,28.890504383032596,-37.46973694527051,3.191043307,1.610433071,,,,87.9,1775,6.3,823239,672275,666464,650333,656305,642715,671218,664056,808982,54.24,,,,,,,,3,2,Changeup,0,0,0,0,0,0,0,0,Infield shade,Standard,255,0.002,-0.057,66.8,8.0,,0.057,,0,0,0.54,0.45999999999999996,27,32,28,33,1,0,5,2,6,1,3.43,0.93,-0.93,19.6,18.548048465426593,-17.625539559212957,34.42724152349074,33.08250033381105,34.2090572157234
SI,2026-04-04,93.7,0.78,5.71,"Lindor, Francisco",596019,621366,,called_strike,,,,,5,Called Strike,R,R,L,SF,NYM,S,,,0,0,2026,1.55,0.54,0.11344516072602406,2.1486754833519592,,,,1,6,Top,,,,,,,-5.188372255523478,-136.30149065533348,-4.464899479191368,20.43464876682576,30.780982899062533,-24.63838398134839,3.107668963,1.568356299,,,,93.8,2221,6.5,823239,672275,666464,650333,656305,642715,671218,664056,808982,54.04,,,,,,,,47,1,Sinker,0,8,8,0,8,0,8,0,Strategic,Standard,126,0,-0.039,,,,0.039,,-8,8,0.009,0.991,32,32,32,33,1,3,3,1,2,1,2.06,1.55,-1.55,28.5,,,,,
CH,2026-04-04,88.2,-1.79,5.09,"Polanco, Jorge",593871,694738,strikeout,called_strike,,,,,4,Jorge Polanco called out on strikes.,R,L,R,SF,NYM,S,2,,0,2,2026,-1.15,-0.1,-0.7224419797180175,2.562938307234697,,,,2,1,Top,,,,,,,4.981127794213287,-128.27476591489685,0.3856495014373438,-13.78645326534405,28.263756761348183,-33.59523123790206,3.191043307,1.610433071,,,,87.7,2036,6.2,823239,672275,666464,650333,656305,642715,671218,664056,808982,54.32,,0,0,1,0,0,,3,3,Changeup,0,0,0,0,0,0,0,0,Infield shade,Standard,259,0.006,-0.16,,,,0.16,,0,0,0.542,0.45799999999999996,27,32,28,33,1,0,5,2,6,1,3.05,1.15,-1.15,16.0,,,,,
SL,2026-04-04,86.6,0.72,5.71,"Lindor, Francisco",596019,621366,,foul,,,,,4,Foul,R,R,L,SF,NYM,S,,,0,1,2026,-0.2,0.16,-0.7765696922045728,2.1478264012878725,,,,1,6,Top,,,,,,,-3.1163977666182268,-125.97299771958815,-2.3353881020836993,-1.4281443873418989,29.045058524257463,-30.16365750509216,3.107668963,1.568356299,,,,86.2,2278,6.4,823239,672275,666464,650333,656305,642715,671218,664056,808982,54.12,,,,,,,,47,2,Slider,0,8,8,0,8,0,8,0,Strategic,Standard,115,0,-0.052,71.4,8.0,,0.052,,-8,8,0.009,0.991,32,32,32,33,1,3,3,1,2,1,2.91,-0.2,0.2,30.2,23.218376089539,-21.85529323175858,36.077788444636674,23.328766987625045,39.78350290008307
FF,2026-04-04,96.6,-1.24,6.29,"Benge, Carson",701807,676775,,foul,,,,,11,Foul,R,L,R,SF,NYM,S,,,0,2,2026,-0.86,1.29,-0.2118727601573278,3.6795727446107995,621438,,543760,1,7,Top,,,,,,,4.69127738288504,-140.59245578020779,-4.22224159994779,-12.460397782142175,30.791530559984178,-14.221579996206518,3.259498032,1.644980315,7,90.7,-29,96.5,2362,6.1,823239,672275,666464,650333,656305,642715,671218,664056,808982,54.35,,,,,,,,57,4,4-Seam Fastball,0,9,9,0,9,0,9,0,Standard,Standard,226,0,0,53.1,4.4,,0,90.7,-9,9,0.002,0.998,28,23,28,23,1,3,5,1,1,1,1.14,0.86,-0.86,39.4,-7.307369888043305,37.64538289095561,16.322370019784046,38.281657218224744,14.24391322892329
FS,2026-04-04,83.9,0.77,5.65,"Lindor, Francisco",596019,621366,field_out,hit_into_play,,,,,9,Francisco Lindor flies out to right fielder Jung Hoo Lee.,R,R,L,SF,NYM,X,9,fly_ball,0,2,2026,1.27,-0.15,0.6734865378814878,1.5386449991915603,,,,1,6,Top,183.59,111.03,,,,,-2.800618729452142,-122.10963010649789,-2.5352468947608076,13.194311521771143,25.99655820519285,-33.344106472702265,3.107668963,1.568356299,261,77.9,36,84.1,1200,6.6,823239,672275,666464,650333,656305,642715,671218,664056,808982,53.88,0.083,0.106,0,1,0,0,3,47,3,Split-Finger,0,8,8,0,8,0,8,0,Strategic,Standard,95,0,-0.163,63.8,7.7,0.144,0.163,88.0,-8,8,0.009,0.991,32,32,32,33,1,3,3,1,2,1,3.41,1.27,-1.27,29.3,11.073102914296047,16.807316601449056,35.0275962394875,40.94225369771512,26.831571860802136
FS,2026-04-04,88.6,-1.31,6.15,"Benge, Carson",701807,676775,strikeout,swinging_strike,,,,,13,Carson Benge strikes out swinging.,R,L,R,SF,NYM,S,2,,0,2,2026,-1.34,-0.24,-0.4387020665855397,1.0544772938722318,621438,,543760,1,7,Top,,,,,,,4.927182602213675,-128.9025376525164,-5.610857747389429,-16.020036196143824,26.03222022549302,-33.920883315350736,3.259498032,1.644980315,,,,88.4,1601,6.1,823239,672275,666464,650333,656305,642715,671218,664056,808982,54.38,,0,0,1,0,0,,57,5,Split-Finger,0,9,9,0,9,0,9,0,Standard,Standard,242,0,-0.254,74.6,7.2,,0.254,,-9,9,0.002,0.998,28,23,28,23,1,3,5,1,1,1,3.14,1.34,-1.34,39.9,12.331179521378914,-9.163485965515159,34.72616402444123,41.59908020886298,43.54427867968573
SI,2026-04-04,94,-1.59,5.26,"Baty, Brett",683146,694738,,foul,,,,,2,Foul,R,L,R,SF,NYM,S,,,0,0,2026,-1.55,0.24,0.08573789322066094,3.24989870018362,,,,0,2,Top,,,,,,,7.77678690710958,-136.6732997416124,0.14482893063993696,-21.14728318408699,30.15076685533694,-29.439774582519018,3.327952756,1.679527559,211,76.5,41,93.9,2092,6.3,823239,672275,666464,650333,656305,642715,671218,664056,808982,54.25,,,,,,,,8,1,Sinker,0,0,0,0,0,0,0,0,Infield shade,Standard,243,0.003,-0.039,75.2,6.5,,0.039,88.0,0,0,0.5,0.5,27,26,28,27,1,0,5,1,6,3,2.35,1.55,-1.55,23.4,5.577935112665778,11.532012609274535,32.97631895234126,35.37681931527664,26.024248179165188
FS,2026-04-04,89.4,-1.33,6.16,"Torrens, Luis",620443,676775,,ball,,,,,14,Ball,R,R,R,SF,NYM,B,,,0,0,2026,-1.38,-0.08,1.1744021686592305,1.4934973548301018,621438,,543760,2,7,Top,,,,,,,9.031065066903023,-129.86798860627167,-5.017574454595724,-17.477502538641705,27.884914343694874,-32.22060718920337,3.178756562,1.604232283,,,,89.3,1688,6.4,823239,672275,666464,650333,656305,642715,671218,664056,808982,54.14,,,,,,,,58,1,Split-Finger,0,9,9,0,9,0,9,0,Standard,Standard,243,0,0.009,,,,-0.009,,-9,9,0.002,0.998,28,30,28,30,1,3,5,4,1,1,2.95,1.38,1.38,38.4,,,,,
SL,2026-04-04,86.8,0.73,5.68,"Bichette, Bo",666182,621366,,called_strike,,,,,3,Called Strike,R,R,L,SF,NYM,S,,,0,0,2026,-0.11,0.28,0.5292575317704203,2.830936005350206,,,,2,6,Top,,,,,,,-0.2591721056306111,-126.44725467044233,-0.9928976546437155,-1.0686963545204295,27.187274482319136,-29.156928131349986,3.162081693,1.595816929,,,,86.8,2283,6.4,823239,672275,666464,650333,656305,642715,671218,664056,808982,54.12,,,,,,,,48,1,Slider,0,8,8,0,8,0,8,0,Strategic,Standard,180,0,-0.043,,,,0.043,,-8,8,0.009,0.991,32,28,32,28,1,3,3,1,2,1,2.75,-0.11,0.11,28.4,,,,,
CH,2026-04-04,87.3,-1.85,5.15,"Baty, Brett",683146,694738,,ball,,,,,13,Ball,R,L,R,SF,NYM,B,,,0,1,2026,-1.23,-0.37,-1.1612068078017335,2.1958054764173056,,,,0,2,Top,,,,,,,4.172450053493891,-127.15526309468936,-0.0070948664612346946,-14.19000488644663,25.535711474547593,-36.4292554731037,3.327952756,1.679527559,,,,86.8,1829,5.9,823239,672275,666464,650333,656305,642715,671218,664056,808982,54.61,,,,,,,,8,2,Changeup,0,0,0,0,0,0,0,0,Infield shade,Standard,259,-0.002,0.031,,,,-0.031,,0,0,0.503,0.497,27,26,28,27,1,0,5,1,6,3,3.35,1.23,-1.23,18.9,,,,,
FS,2026-04-04,89.5,-1.37,6.17,"Torrens, Luis",620443,676775,,ball,,,,,14,Ball,R,R,R,SF,NYM,B,,,1,0,2026,-1.57,0.11,0.5870732466971629,1.0196464580628728,621438,,543760,2,7,Top,,,,,,,8.136129444790805,-129.84123137838364,-6.583751357364353,-19.4703833912035,30.278719429098757,-29.550151502692145,3.178756562,1.604232283,,,,89.1,1766,6.5,823239,672275,666464,650333,656305,642715,671218,664056,808982,54.03,,,,,,,,58,2,Split-Finger,0,9,9,0,9,0,9,0,Standard,Standard,240,0,0.023,,,,-0.023,,-9,9,0.002,0.998,28,30,28,30,1,3,5,4,1,1,2.78,1.57,1.57,40.6,,,,,
FC,2026-04-04,87.6,-1.94,5.27,"Baty, Brett",683146,694738,,ball,,,,,11,Ball,R,L,R,SF,NYM,B,,,1,1,2026,0.54,0.29,-1.0806457587837337,2.9038402309906037,,,,0,2,Top,,,,,,,0.9112208556584402,-127.66446214559741,-0.01022611354468328,5.666311198700745,27.214625309478432,-29.275908870514485,3.327952756,1.679527559,,,,87.5,2329,6.2,823239,672275,666464,650333,656305,642715,671218,664056,808982,54.28,,,,,,,,8,3,Cutter,0,0,0,0,0,0,0,0,Infield shade,Standard,146,-0.005,0.055,,,,-0.055,,0,0,0.501,0.499,27,26,28,27,1,0,5,1,6,3,2.68,-0.54,0.54,20.0,,,,,
FS,2026-04-04,83.3,0.78,5.65,"Bichette, Bo",666182,621366,,foul,,,,,8,Foul,R,R,L,SF,NYM,S,,,0,1,2026,0.92,-0.05,-0.19668673810836756,1.9938048890614555,,,,2,6,Top,,,,,,,-4.08512152473403,-121.32424448909985,-1.6464061160443166,9.92519797308862,23.28698448117823,-32.560038833215614,3.162081693,1.595816929,8,75.8,-16,83.8,1426,6.5,823239,672275,666464,650333,656305,642715,671218,664056,808982,53.97,,,,,,,,48,2,Split-Finger,0,8,8,0,8,0,8,0,Strategic,Standard,108,0,-0.057,83.7,7.9,,0.057,88.0,-8,8,0.009,0.991,32,28,32,28,1,3,3,1,2,1,3.32,0.92,-0.92,30.4,3.201796995100276,-31.851979030670016,45.0362754053793,30.73539130580032,46.64309874379031
SI,2026-04-04,94.6,-1.32,6.17,"Torrens, Luis",620443,676775,,called_strike,,,,,9,Called Strike,R,R,R,SF,NYM,S,,,2,0,2026,-1.34,0.58,0.8027854602329776,2.0004374092161603,621438,,543760,2,7,Top,,,,,,,8.495519692516087,-137.36743660246125,-6.241669714923416,-18.91219111787119,30.733551933462692,-23.656823230108706,3.178756562,1.604232283,,,,94.4,2258,6.3,823239,672275,666464,650333,656305,642715,671218,664056,808982,54.16,,,,,,,,58,3,Sinker,0,9,9,0,9,0,9,0,Standard,Standard,223,0,-0.031,,,,0.031,,-9,9,0.002,0.998,28,30,28,30,1,3,5,4,1,1,1.98,1.34,1.34,43.2,,,,,
SI,2026-04-04,93.4,-1.47,5.17,"Baty, Brett",683146,694738,,foul,,,,,3,Foul,R,L,R,SF,NYM,S,,,2,1,2026,-1.51,0.32,0.47444641246737906,2.9758104814627364,,,,0,2,Top,,,,,,,8.310424738607374,-135.78780916615614,-0.4466056137317631,-20.471722049971415,28.64307452925856,-28.308514315517495,3.327952756,1.679527559,209,68.2,35,93.5,1967,6.3,823239,672275,666464,650333,656305,642715,671218,664056,808982,54.18,,,,,,,,8,4,Sinker,0,0,0,0,0,0,0,0,Infield shade,Standard,239,0.007,-0.073,75.9,7.0,,0.073,88.0,0,0,0.496,0.504,27,26,28,27,1,0,5,1,6,3,2.29,1.51,-1.51,21.6,7.717955137878558,4.667070114859343,38.29240095401724,30.949805870030666,27.024263945051672
SL,2026-04-04,86.3,0.77,5.74,"Bichette, Bo",666182,621366,single,hit_into_play,,,,,13,Bo Bichette singles on a sharp line drive to left fielder Heliot Ramos.,R,R,L,SF,NYM,X,7,line_drive,0,2,2026,-0.05,0.1,-0.5241204386237148,0.8237094978808783,,,,2,6,Top,67.27,119.7,,,,,-2.9365177003145515,-125.65455199737517,-5.449420656557532,0.00867835393609147,24.767556763873763,-30.21520761924898,3.162081693,1.595816929,155,103.9,8,86.7,2301,6.4,823239,672275,666464,650333,656305,642715,671218,664056,808982,54.07,0.709,0.672,0.9,1,1,0,4,48,3,Slider,0,8,8,0,8,0,8,0,Strategic,Standard,15,0,0.425,75.8,8.0,0.837,-0.425,103.9,-8,8,0.009,0.991,32,28,32,28,1,3,3,1,2,1,2.95,-0.05,0.05,29.7,11.567693160209645,5.018189184089749,48.52873583382673,26.76390777300567,25.813159646214245
CU,2026-04-04,77,-1.73,5.55,"Baty, Brett",683146,694738,strikeout,swinging_strike,,,,,14,Brett Baty strikes out swinging.,R,L,R,SF,NYM,S,2,,2,2,2026,1.61,-0.69,1.2016424744387286,1.4713151086367224,,,,0,2,Top,,,,,,,3.1526121011655266,-112.00064629991307,-0.057412762543011864,12.76247000895107,22.930383309917207,-38.1826565950286,3.327952756,1.679527559,,,,76.5,3122,6.3,823239,672275,666464,650333,656305,642715,671218,664056,808982,54.22,,0,0,1,0,0,,8,5,Curveball,0,0,0,0,0,0,0,0,Infield shade,Standard,51,0.02,-0.232,72.6,8.4,,0.232,,0,0,0.503,0.497,27,26,28,27,1,0,5,1,6,3,4.58,-1.61,1.61,28.1,21.232683187545295,-28.26042397026134,42.038059988737324,23.87928992861104,40.76667384692972
FF,2026-04-04,96.6,-1.27,6.19,"Torrens, Luis",620443,676775,,ball,,,,,14,Ball,R,R,R,SF,NYM,B,,,2,1,2026,-0.78,1.32,1.0139441782538248,1.3589195961982021,621438,,543760,2,7,Top,,,,,,,7.801969177403368,-140.17218075039645,-10.046216973042569,-12.064367664173908,32.90923441821489,-12.547092288165109,3.178756562,1.604232283,,,,96.3,2342,6.3,823239,672275,666464,650333,656305,642715,671218,664056,808982,54.16,,,,,,,,58,4,4-Seam Fastball,0,9,9,0,9,0,9,0,Standard,Standard,221,0,0.065,,,,-0.065,,-9,9,0.002,0.998,28,30,28,30,1,3,5,4,1,1,1.14,0.78,0.78,43.7,,,,,
SI,2026-04-04,92.9,0.7,5.72,"Polanco, Jorge",593871,621366,field_out,hit_into_play,,,,,5,Jorge Polanco flies out to center fielder Harrison Bader.,R,R,L,SF,NYM,X,8,fly_ball,0,0,2026,1.48,0.67,0.21130446831547522,2.465976974762622,,,666182,2,6,Top,150.64,63.57,,,,,-4.563884304561748,-135.1863081044907,-3.8144798836048475,19.146216001280088,30.880694331123205,-23.37407023941863,3.191043307,1.610433071,341,92.2,33,93,2214,6.5,823239,672275,666464,650333,656305,642715,671218,664056,808982,54.02,0.063,0.101,0,1,0,0,3,49,1,Sinker,0,8,8,0,8,0,8,0,Infield shade,Standard,129,0.001,-0.271,76.5,7.0,0.171,0.271,92.2,-8,8,0.009,0.991,32,32,32,33,1,3,3,2,2,1,1.99,1.48,-1.48,29.0,1.9953097604957901,-8.889728092954908,31.120941614030723,36.917340618097285,24.967794969606267
FC,2026-04-04,89.5,-1.53,5.37,"Vientos, Mark",668901,694738,,ball,,,,,14,Ball,R,R,R,SF,NYM,B,,,0,0,2026,0.48,0.34,1.423416595006627,1.8573678900708241,,,,1,2,Top,,,,,,,6.140894518693007,-130.26664912477267,-3.197412373138443,4.285094252643354,26.31525647034545,-27.81493485751249,3.340239501,1.685728347,,,,89.5,2481,6.2,823239,672275,666464,650333,656305,642715,671218,664056,808982,54.29,,,,,,,,9,1,Cutter,0,0,0,0,0,0,0,0,Infield shade,Standard,155,-0.003,0.039,,,,-0.039,,0,0,0.523,0.477,27,26,28,27,1,0,5,1,6,1,2.49,-0.48,-0.48,23.4,,,,,
FS,2026-04-04,88.7,-1.34,6.14,"Torrens, Luis",620443,676775,field_out,hit_into_play,,,,,8,"Luis Torrens grounds out, third baseman Matt Chapman to first baseman Jerar Encarnacion.",R,R,R,SF,NYM,X,5,ground_ball,3,1,2026,-1.39,-0.21,0.14961218506419094,1.9107648296980995,621438,,543760,2,7,Top,111.41,180.97,,,,,6.566874754384255,-128.9681375908628,-3.591033824971735,-16.88177382123905,26.692014984967933,-33.951194365023305,3.178756562,1.604232283,8,86.7,-15,88.8,1605,6.4,823239,672275,666464,650333,656305,642715,671218,664056,808982,54.1,0.074,0.072,0,1,0,0,2,58,5,Split-Finger,0,9,9,0,9,0,9,0,Standard,Standard,247,0.001,-0.344,71.6,8.1,0.082,0.344,88.0,-9,9,0.002,0.998,28,30,28,30,1,3,5,4,1,1,3.11,1.39,1.39,43.2,14.037448915501953,-13.151695529811846,26.620705029579845,39.53927123421885,39.174380306491585
SI,2026-04-04,93.3,-1.66,5.18,"Vientos, Mark",668901,694738,,ball,,,,,8,Ball,R,R,R,SF,NYM,B,,,1,0,2026,-1.59,0.35,-0.013577307901864621,1.6272840336775931,,,,1,2,Top,,,,,,,7.804267381822741,-135.62046324914624,-3.936094999868743,-21.314023055425004,29.828982683951075,-27.235105018807452,3.340239501,1.685728347,,,,94,2094,6.8,823239,672275,666464,650333,656305,642715,671218,664056,808982,53.72,,,,,,,,9,2,Sinker,0,0,0,0,0,0,0,0,Infield shade,Standard,235,-0.005,0.071,,,,-0.071,,0,0,0.52,0.48,27,26,28,27,1,0,5,1,6,1,2.28,1.59,1.59,24.4,,,,,
SI,2026-04-04,92.6,-1.57,5.21,"Vientos, Mark",668901,694738,double,hit_into_play,,,,,13,Mark Vientos doubles (2) on a ground ball to left fielder Heliot Ramos.,R,R,R,SF,NYM,X,7,ground_ball,2,0,2026,-1.44,0.34,-0.8641402559421325,1.7075740540020319,,,,1,2,Top,49.15,123.27,,,,,4.998048350725332,-134.75128079762823,-3.6837849846248867,-18.62044083024197,29.09922383750057,-27.466351431570104,3.340239501,1.685728347,26,102,-3,93.2,2044,6.6,823239,672275,666464,650333,656305,642715,671218,664056,808982,53.88,0.383,0.346,1.25,1,1,1,2,9,3,Sinker,0,0,0,0,0,0,0,0,Infield shade,Standard,238,-0.035,0.531,77.3,8.0,0.416,-0.531,102.0,0,0,0.515,0.485,27,26,28,27,1,0,5,1,6,1,2.32,1.44,1.44,21.7,16.213226520851897,-13.11436129174268,37.43723738900514,27.302293576669264,33.85888519084486
CU,2026-04-04,75.7,-1.77,5.7,"Young, Jared",676724,694738,,ball,,,,,14,Ball,R,L,R,SF,NYM,B,,,0,0,2026,1.45,-0.73,0.3800306199659893,1.0493634527742959,,668901,,1,2,Top,,,,,,,1.7806349756675681,-110.2058854636652,-0.945700305582627,11.301320844161172,22.23736247767844,-38.11048003036995,3.280561024,1.655610236,,,,74.9,3024,6,823239,672275,666464,650333,656305,642715,671218,664056,808982,54.55,,,,,,,,10,1,Curveball,0,0,0,0,0,0,0,0,Standard,Standard,55,-0.002,0.028,,,,-0.028,,0,0,0.48,0.52,27,30,28,31,1,0,5,3,6,1,4.75,-1.45,1.45,29.9,,,,,
SI,2026-04-04,93.7,-1.46,5.15,"Young, Jared",676724,694738,,ball,,,,,12,Ball,R,L,R,SF,NYM,B,,,1,0,2026,-1.53,0.26,1.2866792416300379,2.9307786832038603,,668901,,1,2,Top,,,,,,,10.419113910746674,-136.08244226031692,-0.4032017875068623,-21.244832967819317,28.781236573840303,-29.08884784562784,3.280561024,1.655610236,,,,93.7,2065,6.3,823239,672275,666464,650333,656305,642715,671218,664056,808982,54.18,,,,,,,,10,2,Sinker,0,0,0,0,0,0,0,0,Standard,Standard,237,-0.005,0.046,,,,-0.046,,0,0,0.478,0.522,27,30,28,31,1,0,5,3,6,1,2.34,1.53,-1.53,21.7,,,,,
FC,2026-04-04,88,-1.64,5.53,"Young, Jared",676724,694738,,foul,,,,,2,Foul,R,L,R,SF,NYM,S,,,2,0,2026,0.42,0.38,0.24786320357722486,3.043884776130779,,668901,,1,2,Top,,,,,,,3.640684886131261,-128.2617629088576,-0.6180061134999799,3.98041300355799,23.99101096724719,-28.022893310021168,3.280561024,1.655610236,155,62.6,59,88.2,2369,6.1,823239,672275,666464,650333,656305,642715,671218,664056,808982,54.37,,,,,,,,10,3,Cutter,0,0,0,0,0,0,0,0,Standard,Standard,168,0.005,-0.058,70.1,6.3,,0.058,88.0,0,0,0.473,0.527,27,30,28,31,1,0,5,3,6,1,2.53,-0.42,0.42,28.5,-0.9495703926700972,17.732064959925374,26.244404114984793,34.01542693711809,18.90729616561059
FC,2026-04-04,88.2,-1.61,5.43,"Young, Jared",676724,694738,,ball,,,,,12,Ball,R,L,R,SF,NYM,B,,,2,1,2026,0.06,0.51,0.6629769823526769,3.6124524812211094,,668901,,1,2,Top,,,,,,,5.298873412106436,-128.5097360402934,0.6792862827378761,-0.3075690859554572,24.24216186113395,-26.862810221666887,3.280561024,1.655610236,,,,88.1,2329,5.9,823239,672275,666464,650333,656305,642715,671218,664056,808982,54.55,,,,,,,,10,4,Cutter,0,0,0,0,0,0,0,0,Standard,Standard,167,-0.007,0.071,,,,-0.071,,0,0,0.478,0.522,27,30,28,31,1,0,5,3,6,1,2.4,-0.06,0.06,27.8,,,,,
SI,2026-04-04,93,-1.58,5.29,"Young, Jared",676724,694738,walk,ball,,,,,12,Jared Young walks.,R,L,R,SF,NYM,B,,,3,1,2026,-1.53,0.24,1.19415663175088,3.1466966354856885,,668901,,1,2,Top,,,,,,,10.376100864735431,-135.0232116143823,-0.06327020850853537,-20.920810212583376,29.051524201379095,-29.482168080154604,3.280561024,1.655610236,,,,92.7,2136,6.2,823239,672275,666464,650333,656305,642715,671218,664056,808982,54.31,,0.709062,0.7,1,0,0,,10,5,Sinker,0,0,0,0,0,0,0,0,Standard,Standard,236,-0.013,0.144,,,,-0.144,,0,0,0.471,0.529,27,30,28,31,1,0,5,3,6,1,2.41,1.53,-1.53,24.9,,,,,
SI,2026-04-04,93.3,-1.27,5.19,"Semien, Marcus",543760,694738,,ball,,,,,12,Ball,R,R,R,SF,NYM,B,,,0,0,2026,-1.33,0.25,1.2307013907695517,3.031377913731948,,668901,676724,1,2,Top,,,,,,,9.334550009380658,-135.54256741555633,-0.18217677007287503,-18.37297375809131,28.673949431718682,-29.262996922484483,3.212106299,1.621062992,,,,93.5,2120,6.4,823239,672275,666464,650333,656305,642715,671218,664056,808982,54.07,,,,,,,,11,1,Sinker,0,0,0,0,0,0,0,0,Infield shade,Standard,244,-0.006,0.031,,,,-0.031,,0,0,0.458,0.542,27,35,28,36,1,0,5,1,6,1,2.37,1.33,1.33,23.3,,,,,
FC,2026-04-04,87.9,-1.55,5.41,"Semien, Marcus",543760,694738,,called_strike,,,,,8,Called Strike,R,R,R,SF,NYM,S,,,1,0,2026,0.38,0.48,0.11503058065792804,1.7707895033684569,,668901,676724,1,2,Top,,,,,,,3.1515336901822057,-127.99511263016105,-3.5266110876067405,3.6064056765223205,24.758418376482908,-26.393375851270978,3.212106299,1.621062992,,,,87.5,2508,5.9,823239,672275,666464,650333,656305,642715,671218,664056,808982,54.65,,,,,,,,11,2,Cutter,0,0,0,0,0,0,0,0,Infield shade,Standard,156,0.008,-0.045,,,,0.045,,0,0,0.452,0.548,27,35,28,36,1,0,5,1,6,1,2.45,-0.38,-0.38,26.3,,,,,
CU,2026-04-04,75.8,-1.64,5.73,"Semien, Marcus",543760,694738,,called_strike,,,,,7,Called Strike,R,R,R,SF,NYM,S,,,1,1,2026,1.49,-0.86,-0.7434932194674442,1.7169886397640024,,668901,676724,1,2,Top,,,,,,,-0.8373562157034111,-110.4019572997338,0.5453271072848596,12.218359139171152,21.833011481430436,-39.45864884961239,3.212106299,1.621062992,,,,74.9,3093,5.9,823239,672275,666464,650333,656305,642715,671218,664056,808982,54.65,,,,,,,,11,3,Curveball,0,0,0,0,0,0,0,0,Infield shade,Standard,52,0.012,-0.058,,,,0.058,,0,0,0.46,0.54,27,35,28,36,1,0,5,1,6,1,4.85,-1.49,-1.49,32.2,,,,,
CH,2026-04-04,85.9,-1.77,5.06,"Semien, Marcus",543760,694738,,foul,,,,,7,Foul,R,R,R,SF,NYM,S,,,1,2,2026,-1.06,-0.31,-0.5261634970887701,2.0991140173621465,,668901,676724,1,2,Top,,,,,,,5.0741486484624545,-125.04082792245856,0.08362970675077785,-12.103102582364183,25.263144333322746,-35.66106751129388,3.212106299,1.621062992,7,86.9,-17,85.8,1715,6.2,823239,672275,666464,650333,656305,642715,671218,664056,808982,54.32,,,,,,,,11,4,Changeup,0,0,0,0,0,0,0,0,Infield shade,Standard,256,0,0,63.3,7.5,,0,88.0,0,0,0.472,0.528,27,35,28,36,1,0,5,1,6,1,3.4,1.06,1.06,15.0,15.030965772814856,-9.427615241978692,42.01332749035351,26.01978977357142,33.258039052920275
CU,2026-04-04,77.1,-1.65,5.58,"Semien, Marcus",543760,694738,single,hit_into_play,,,,,14,Marcus Semien singles on a soft ground ball to shortstop Willy Adames. Mark Vientos to 3rd. Jared Young to 2nd.,R,R,R,SF,NYM,X,6,ground_ball,1,2,2026,1.66,-0.75,0.8602912749416554,1.167607441513697,,668901,676724,1,2,Top,114.72,169.62,,,,,2.184772511118579,-112.2485754002977,-0.6848892499663403,13.412006692055753,23.09032497017466,-38.58955233579888,3.212106299,1.621062992,3,54.4,-29,76.4,3149,6.1,823239,672275,666464,650333,656305,642715,671218,664056,808982,54.42,0.129,0.12,0.9,1,1,0,1,11,5,Curveball,0,0,0,0,0,0,0,0,Infield shade,Standard,50,-0.076,0.55,62.6,8.3,0.135,-0.55,88.0,0,0,0.472,0.528,27,35,28,36,1,0,5,1,6,1,4.63,-1.66,-1.66,28.7,16.60732920577655,-16.71747701427262,36.3164431738514,40.14930604636142,42.574598458899686
FC,2026-04-04,88.7,-1.54,5.32,"Benge, Carson",701807,694738,,called_strike,,,,,1,Called Strike,R,L,R,SF,NYM,S,,,0,0,2026,0.3,0.4,-0.5843000275708505,2.9269908629854755,668901,676724,543760,1,2,Top,,,,,,,1.675028989370317,-129.21411515901687,-0.47199696439718286,2.9488982504615167,27.376079916341858,-27.83310681092027,3.259498032,1.644980315,,,,89,2396,6.5,823239,672275,666464,650333,656305,642715,671218,664056,808982,54.04,,,,,,,,12,1,Cutter,0,0,0,0,0,0,0,0,Standard,Standard,140,0.012,-0.05,,,,0.05,,0,0,0.396,0.604,27,23,28,23,1,0,5,1,6,1,2.5,-0.3,0.3,24.3,,,,,
FC,2026-04-04,88.4,-1.58,5.35,"Benge, Carson",701807,694738,,called_strike,,,,,1,Called Strike,R,L,R,SF,NYM,S,,,0,1,2026,0.68,0.24,-0.3666708262580415,3.2079170196650963,668901,676724,543760,1,2,Top,,,,,,,1.467014758541947,-128.73409688978919,0.5348749628071148,7.191854036966526,28.293094549724326,-29.83802571322028,3.259498032,1.644980315,,,,87.8,2442,6,823239,672275,666464,650333,656305,642715,671218,664056,808982,54.51,,,,,,,,12,2,Cutter,0,0,0,0,0,0,0,0,Standard,Standard,134,0.019,-0.064,,,,0.064,,0,0,0.408,0.5920000000000001,27,23,28,23,1,0,5,1,6,1,2.68,-0.68,0.68,24.5,,,,,
CH,2026-04-04,88.3,-1.86,5.08,"Benge, Carson",701807,694738,field_error,hit_into_play,,,,,13,Carson Benge reaches on a fielding error by third baseman Matt Chapman. Mark Vientos scores. Jared Young scores. Marcus Semien to 3rd. Fielding error by first baseman Jerar Encarnacion.,R,L,R,SF,NYM,X,5,ground_ball,0,2,2026,-1.33,-0.23,-1.5112608472337874,1.6759388156619117,668901,676724,543760,1,2,Top,117.99,172.87,,,,,3.648653536159909,-128.53267795095456,-1.4387683781723761,-15.434157613546148,29.29925853932751,-34.64576445217678,3.259498032,1.644980315,3,68.9,-29,87.9,1849,6.3,823239,672275,666464,650333,656305,642715,671218,664056,808982,54.25,0.063,0.059,0.9,1,0,0,2,12,3,Changeup,0,0,0,0,2,0,2,0,Standard,Standard,263,-0.177,0.587,63.3,6.6,0.069,-0.587,88.0,0,0,0.427,0.573,27,23,28,23,1,0,5,1,6,1,3.18,1.33,-1.33,19.4,-19.073284262767306,14.826581210527907,28.985846745171784,52.21055110188011,21.734663078005678
SI,2026-04-04,93.5,-1.51,5.17,"Torrens, Luis",620443,694738,,foul,,,,,5,Foul,R,R,R,SF,NYM,S,,,0,0,2026,-1.5,0.19,-0.13504401683980993,2.293027877379775,543760,,701807,1,2,Top,,,,,,,6.891879072215241,-136.04736646662386,-1.8693938055330495,-20.141157758143358,30.6674692533003,-29.66451954367358,3.178756562,1.604232283,225,93.2,13,93.7,2185,6.5,823239,672275,666464,650333,656305,642715,671218,664056,808982,54.01,,,,,,,,13,1,Sinker,0,2,2,0,2,0,2,0,Infield shade,Standard,242,0.008,-0.041,68.7,6.0,,0.041,93.2,-2,2,0.25,0.75,27,30,28,30,1,0,5,4,6,1,2.43,1.5,1.5,19.2,-10.71502176162963,30.761463523840405,35.859831227920026,36.08682573370159,15.246639906351882
SI,2026-04-04,92.8,-1.5,5.2,"Torrens, Luis",620443,694738,field_out,hit_into_play,,,,,13,"Luis Torrens grounds out, second baseman Luis Arraez to first baseman Jerar Encarnacion. Marcus Semien scores. Carson Benge to 2nd.",R,R,R,SF,NYM,X,4,ground_ball,0,1,2026,-1.54,0.24,-0.046127839423520056,1.2546473724130505,543760,,701807,1,2,Top,140.75,145.07,,,,,7.124610410388835,-134.91700809711296,-4.59190752646122,-20.389582174918722,30.243736326080004,-28.45721804564326,3.178756562,1.604232283,2,74.7,-30,93,2086,6.6,823239,672275,666464,650333,656305,642715,671218,664056,808982,53.95,0.036,0.032,0,1,0,0,2,13,2,Sinker,0,2,2,0,3,0,3,0,Infield shade,Standard,244,-0.027,-0.25,68.1,6.7,0.036,0.25,88.0,-2,2,0.258,0.742,27,30,28,30,1,0,5,4,6,1,2.42,1.54,1.54,20.6,-15.603757535389562,27.583008400060958,37.653390263647026,38.6804872769175,9.085325586754578
CH,2026-04-04,86.1,-1.86,5.15,"Lindor, Francisco",596019,694738,,swinging_strike,,,,,5,Swinging Strike,R,L,R,SF,NYM,S,,,0,0,2026,-1.4,-0.15,-0.02854098443939246,2.087414750041025,,701807,,2,2,Top,,,,,,,7.118376890941815,-125.23100559529021,-0.5516575730605395,-16.11945302034653,23.932807030920273,-33.834855741903525,3.107668963,1.568356299,,,,85.8,2038,6,823239,672275,666464,650333,656305,642715,671218,664056,808982,54.48,,,,,,,,14,1,Changeup,0,3,3,0,3,0,3,0,Infield shade,Standard,257,0.003,-0.04,71.4,8.7,,0.04,,-3,3,0.231,0.769,27,32,28,33,2,1,5,1,6,1,3.21,1.4,-1.4,16.6,37.856827939992385,-42.32589317367722,33.80452392451946,34.715512223580866,51.179643446698336
CH,2026-04-04,87.9,-1.83,5.16,"Lindor, Francisco",596019,694738,,foul,,,,,6,Foul,R,L,R,SF,NYM,S,,,0,1,2026,-1.3,-0.13,0.7021388527152128,2.0902397207652332,,701807,,2,2,Top,,,,,,,8.74152996887605,-127.84855825238598,-0.8955532070326929,-15.958575030826085,23.153375262999557,-33.68336047636848,3.107668963,1.568356299,,,,88,2145,6.1,823239,672275,666464,650333,656305,642715,671218,664056,808982,54.38,,,,,,,,14,2,Changeup,0,3,3,0,3,0,3,0,Infield shade,Standard,260,0.006,-0.056,69.7,6.8,,0.056,,-3,3,0.234,0.766,27,32,28,33,2,1,5,1,6,1,3.06,1.3,-1.3,15.5,8.179058267459483,1.6841865193593772,36.720493529056434,25.47143235180073,23.800411834791156
CH,2026-04-04,86.1,-1.89,5.19,"Lindor, Francisco",596019,694738,,ball,,,,,13,Ball,R,L,R,SF,NYM,B,,,0,2,2026,-1.27,-0.01,-2.6614620387301295,1.8724480030343655,,701807,,2,2,Top,,,,,,,0.813115459368343,-125.409794513805,-1.4269224795786206,-13.592567923586248,25.02571555709016,-32.23595560085246,3.107668963,1.568356299,,,,85.6,1835,5.9,823239,672275,666464,650333,656305,642715,671218,664056,808982,54.59,,,,,,,,14,3,Changeup,0,3,3,0,3,0,3,0,Infield shade,Standard,260,-0.002,0.015,,,,-0.015,,-3,3,0.24,0.76,27,32,28,33,2,1,5,1,6,1,3.08,1.27,-1.27,16.5,,,,,
CU,2026-04-04,76,-1.82,5.69,"Lindor, Francisco",596019,694738,,foul,,,,,7,Foul,R,L,R,SF,NYM,S,,,1,2,2026,1.59,-0.53,-0.5686870681473755,1.5596539417654292,,701807,,2,2,Top,,,,,,,-0.32727743222068534,-110.66366222946769,-0.3052641310298596,13.040586430009208,22.2514855079056,-36.68251083979285,3.107668963,1.568356299,4,58.5,-25,75.2,3172,5.9,823239,672275,666464,650333,656305,642715,671218,664056,808982,54.58,,,,,,,,14,4,Curveball,0,3,3,0,3,0,3,0,Infield shade,Standard,55,0,0,67.8,7.9,,0,88.0,-3,3,0.238,0.762,27,32,28,33,2,1,5,1,6,1,4.51,-1.59,1.59,30.4,22.906439572476756,-20.970932398108424,32.04008940664031,41.78419668685203,39.97484321877131
CH,2026-04-04,87.1,-1.99,5.15,"Lindor, Francisco",596019,694738,,foul,,,,,13,Foul,R,L,R,SF,NYM,S,,,1,2,2026,-1.26,-0.12,-1.0439588660671308,2.1570190817916757,,701807,,2,2,Top,,,,,,,4.842453576131711,-126.70205164919622,-0.48403740202335876,-14.585192226135934,29.506581493981454,-33.597484718442026,3.107668963,1.568356299,243,81.6,48,85.8,2195,5.8,823239,672275,666464,650333,656305,642715,671218,664056,808982,54.71,,,,,,,,14,5,Changeup,0,3,3,0,3,0,3,0,Infield shade,Standard,263,0,0,70.1,7.1,,0,88.0,-3,3,0.238,0.762,27,32,28,33,2,1,5,1,6,1,3.16,1.26,-1.26,16.8,8.474307638161015,9.48497461049111,27.5711316547935,45.162028455369416,24.328230623064066
FF,2026-04-04,93.8,-1.62,5.3,"Lindor, Francisco",596019,694738,,foul,,,,,1,Foul,R,L,R,SF,NYM,S,,,1,2,2026,-1.11,1.04,-0.4641892511575876,2.9640547919237266,,701807,,2,2,Top,,,,,,,5.463030649224226,-136.47302345724276,-2.467855599199038,-15.113654739990167,31.08291466549127,-18.819324703560973,3.107668963,1.568356299,170,86.2,69,93.9,2195,6.4,823239,672275,666464,650333,656305,642715,671218,664056,808982,54.08,,,,,,,,14,6,4-Seam Fastball,0,3,3,0,3,0,3,0,Standard,Standard,233,0,0,73.1,6.7,,0,88.0,-3,3,0.238,0.762,27,32,28,33,2,1,5,1,6,1,1.56,1.11,-1.11,25.8,12.02218123077534,4.3856868267500495,26.85140185004115,37.88571890397677,25.90633247126872
CU,2026-04-04,75.8,-1.76,5.72,"Lindor, Francisco",596019,694738,,ball,,,,,13,Ball,R,L,R,SF,NYM,B,,,1,2,2026,1.78,-0.66,-1.0697779977706845,1.7879898737578808,,701807,,2,2,Top,,,,,,,-1.7956191617802362,-110.23662428907002,0.45298844177412345,14.63629942594466,24.06752960321118,-37.80669370696167,3.107668963,1.568356299,,,,74.4,3077,5.8,823239,672275,666464,650333,656305,642715,671218,664056,808982,54.72,,,,,,,,14,7,Curveball,0,3,3,0,3,0,3,0,Standard,Standard,58,-0.004,0.012,,,,-0.012,,-3,3,0.238,0.762,27,32,28,33,2,1,5,1,6,1,4.71,-1.78,1.78,32.0,,,,,
CU,2026-04-04,76.4,-1.66,5.61,"Lindor, Francisco",596019,694738,,foul,,,,,14,Foul,R,L,R,SF,NYM,S,,,2,2,2026,1.69,-0.4,0.43307325249353745,1.178870129630372,,701807,,2,2,Top,,,,,,,1.2390160464519524,-111.130438059773,-1.1856961561691937,13.566146174767532,23.30015963769649,-35.48042531864084,3.107668963,1.568356299,3,48.4,-31,75.5,3104,6,823239,672275,666464,650333,656305,642715,671218,664056,808982,54.46,,,,,,,,14,8,Curveball,0,3,3,0,3,0,3,0,Standard,Standard,59,0,0,66.3,8.3,,0,88.0,-3,3,0.234,0.766,27,32,28,33,2,1,5,1,6,1,4.37,-1.69,1.69,28.6,30.387022760032927,-32.242240445865235,35.03518714152391,30.593520459970776,50.52840418657281
CH,2026-04-04,87.6,-1.89,5.1,"Lindor, Francisco",596019,694738,strikeout,swinging_strike,,,,,13,Francisco Lindor strikes out swinging.,R,L,R,SF,NYM,S,2,,2,2,2026,-1.43,-0.2,-0.17702714274375264,0.8467031894526706,,701807,,2,2,Top,,,,,,,7.133439005835893,-127.28753534158068,-3.436746653615814,-17.03589933251242,27.616781859350105,-33.81839819488495,3.107668963,1.568356299,,,,87.8,1946,6.6,823239,672275,666464,650333,656305,642715,671218,664056,808982,53.89,,0,0,1,0,0,,14,9,Changeup,0,3,3,0,3,0,3,0,Standard,Standard,257,0.019,-0.22,74.1,7.7,,0.22,,-3,3,0.234,0.766,27,32,28,33,2,1,5,1,6,1,3.19,1.43,-1.43,14.5,15.43467712253334,-7.059875328169191,37.40663644486033,35.087700578859874,32.71314578683865
CU,2026-04-04,76.9,-1.72,5.46,"Bichette, Bo",666182,694738,,swinging_strike,,,,,14,Swinging Strike,R,R,R,SF,NYM,S,,,0,0,2026,1.53,-0.78,0.4757838190031616,1.0390238028294032,,,,0,3,Top,,,,,,,1.7593493655214074,-111.94801029893148,-0.569117488763259,12.27945162310046,24.46875910698463,-38.75761148840742,3.162081693,1.595816929,,,,76,3125,6.1,823239,672275,666464,650333,656305,642715,671218,664056,808982,54.41,,,,,,,,19,1,Curveball,0,3,3,0,3,0,3,0,Strategic,Standard,64,0.002,-0.039,70.8,8.3,,0.039,,-3,3,0.206,0.794,27,28,28,28,2,1,5,1,6,1,4.7,-1.53,-1.53,27.8,15.506597371236149,-23.631640919291517,39.69164932860259,37.37514898976053,47.057778475156894
CH,2026-04-04,87.4,-1.82,5.16,"Bichette, Bo",666182,694738,,swinging_strike,,,,,13,Swinging Strike,R,R,R,SF,NYM,S,,,0,1,2026,-1.38,-0.34,-0.38359304766970514,0.6501776476473431,,,,0,3,Top,,,,,,,6.2503484071990645,-127.06061916535434,-3.6667704947033446,-16.209503837941046,28.591577598339583,-35.23293835167857,3.162081693,1.595816929,,,,86.4,1783,5.9,823239,672275,666464,650333,656305,642715,671218,664056,808982,54.58,,,,,,,,19,2,Changeup,0,3,3,0,3,0,3,0,Strategic,Standard,257,0.003,-0.055,75.3,8.4,,0.055,,-3,3,0.208,0.792,27,28,28,28,2,1,5,1,6,1,3.35,1.38,1.38,14.4,18.57830338659184,-12.384570154211739,50.20952493235036,28.492653743187446,41.92270206752201
SI,2026-04-04,93,-1.19,5.23,"Bichette, Bo",666182,694738,,ball,,,,,12,Ball,R,R,R,SF,NYM,B,,,0,2,2026,-1.35,0.18,1.1165001560703847,3.5230356650207812,,,,0,3,Top,,,,,,,8.881842012451315,-135.18305282754167,1.1551561416531602,-18.427887740306023,27.826894970221637,-30.379104703039147,3.162081693,1.595816929,,,,93.6,1973,6.6,823239,672275,666464,650333,656305,642715,671218,664056,808982,53.93,,,,,,,,19,3,Sinker,0,3,3,0,3,0,3,0,Strategic,Standard,247,-0.001,0.024,,,,-0.024,,-3,3,0.211,0.789,27,28,28,28,2,1,5,1,6,1,2.45,1.35,1.35,22.7,,,,,
CU,2026-04-04,76.2,-1.46,5.63,"Bichette, Bo",666182,694738,field_out,hit_into_play,,,,,5,Bo Bichette lines out to right fielder Jung Hoo Lee.,R,R,R,SF,NYM,X,9,line_drive,1,2,2026,1.86,-0.82,0.2262607476459857,2.258942529770729,,,,0,3,Top,179.45,82.97,,,,,0.08873790270299181,-110.83666894880064,1.766242959717191,15.158513270751602,22.390171236239325,-39.43687953075367,3.162081693,1.595816929,316,91.7,22,75.4,3074,6,823239,672275,666464,650333,656305,642715,671218,664056,808982,54.51,0.149,0.155,0,1,0,0,3,19,4,Curveball,0,3,3,0,3,0,3,0,Strategic,Standard,61,0.009,-0.189,61.5,6.7,0.241,0.189,91.7,-3,3,0.21,0.79,27,28,28,28,2,1,5,1,6,1,4.79,-1.86,-1.86,30.0,-0.9066296088855434,5.716790231867457,35.8085366256516,34.67499902021891,22.56574447206219
CH,2026-04-04,87.4,-1.82,5.1,"Polanco, Jorge",593871,694738,,ball,,,,,13,Ball,R,L,R,SF,NYM,B,,,0,0,2026,-1.39,-0.21,-0.871255218952586,1.3722151454123157,,,,1,3,Top,,,,,,,5.15299309112726,-127.19486351038245,-2.1547691202018617,-16.116047645348253,26.597217823642715,-34.19801978058854,3.191043307,1.610433071,,,,87.2,1999,6.2,823239,672275,666464,650333,656305,642715,671218,664056,808982,54.31,,,,,,,,20,1,Changeup,0,3,3,0,3,0,3,0,Infield shade,Standard,268,-0.002,0.039,,,,-0.039,,-3,3,0.219,0.781,27,32,28,33,2,1,5,2,6,1,3.2,1.39,-1.39,15.9,,,,,
SI,2026-04-04,93.4,-1.67,5.22,"Polanco, Jorge",593871,694738,field_out,hit_into_play,,,,,4,"Jorge Polanco grounds out, second baseman Luis Arraez to first baseman Jerar Encarnacion.",R,L,R,SF,NYM,X,4,ground_ball,1,0,2026,-1.55,0.16,-0.5018445601746944,2.6766848978673714,,,,1,3,Top,150.39,156.17,,,,,6.411532637413501,-135.87879348797154,-0.959415170176158,-20.598731542836372,30.13011085039818,-30.226188720785427,3.191043307,1.610433071,43,104.6,-2,93,2102,6.1,823239,672275,666464,650333,656305,642715,671218,664056,808982,54.42,0.437,0.403,0,1,0,0,4,20,2,Sinker,0,3,3,0,3,0,3,0,Infield shade,Standard,239,0.012,-0.293,70.2,6.8,0.47,0.293,104.6,-3,3,0.217,0.783,27,32,28,33,2,1,5,2,6,1,2.46,1.55,-1.55,18.3,9.280416411097468,0.5437165616110943,25.123051959903602,42.05629723453339,25.559260914329798
CH,2026-04-04,87.8,-1.88,5.14,"Baty, Brett",683146,694738,,called_strike,,,,,7,Called Strike,R,L,R,SF,NYM,S,,,0,0,2026,-1.25,-0.18,-0.6854312358060968,2.0175929874519656,,,,2,3,Top,,,,,,,5.421202769746876,-127.89312123635939,-0.932256469611066,-14.790501103636405,23.4791484914041,-34.20685397230109,3.327952756,1.679527559,,,,87.5,1682,5.8,823239,672275,666464,650333,656305,642715,671218,664056,808982,54.73,,,,,,,,21,1,Changeup,0,3,3,0,3,0,3,0,Infield shade,Standard,258,0.001,-0.043,,,,0.043,,-3,3,0.229,0.771,27,26,28,27,2,1,5,1,6,3,3.11,1.25,-1.25,15.5,,,,,
SI,2026-04-04,93.4,-1.45,5.23,"Baty, Brett",683146,694738,field_out,hit_into_play,,,,,2,Brett Baty flies out to left fielder Heliot Ramos.,R,L,R,SF,NYM,X,7,fly_ball,0,1,2026,-1.59,0.3,0.24951502472487452,3.3440250093880413,,,,2,3,Top,41.33,98.35,,,,,7.863275083281491,-135.9165161079923,0.35405423332186536,-21.393612577935876,27.282691868782166,-28.71387002244391,3.327952756,1.679527559,324,89,37,93.6,2063,6.2,823239,672275,666464,650333,656305,642715,671218,664056,808982,54.29,0.017,0.026,0,1,0,0,3,21,2,Sinker,0,3,3,0,3,0,3,0,Infield shade,Standard,241,0.006,-0.217,73.9,6.2,0.046,0.217,89.0,-3,3,0.23,0.77,27,26,28,27,2,1,5,1,6,3,2.3,1.59,-1.59,24.1,4.094811466743552,16.66509443349734,32.080256321486175,32.84216191093023,25.346676375320524
SI,2026-04-04,94.3,-1.47,5.12,"Vientos, Mark",668901,694738,,ball,,,,,14,Ball,R,R,R,SF,NYM,B,,,0,0,2026,-1.46,0.1,1.4889365453525405,1.797051805377798,,,,0,4,Top,,,,,,,10.937356750769442,-136.9183606776734,-2.9513607779396827,-20.82231058986759,29.937131523547258,-30.428515304956,3.340239501,1.685728347,,,,94.7,2032,6.6,823239,672275,666464,650333,656305,642715,671218,664056,808982,53.86,,,,,,,,26,1,Sinker,0,3,3,0,3,0,3,0,Infield shade,Standard,240,-0.002,0.041,,,,-0.041,,-3,3,0.186,0.8140000000000001,27,26,28,27,2,1,5,1,6,1,2.47,1.46,1.46,20.7,,,,,
SI,2026-04-04,93.2,-1.5,5.13,"Vientos, Mark",668901,694738,,ball,,,,,14,Ball,R,R,R,SF,NYM,B,,,1,0,2026,-1.52,0.19,1.3088008627712242,1.7178338019553538,,,,0,4,Top,,,,,,,10.570720563718364,-135.38492623096752,-3.224850646773274,-20.964583835189355,28.62669376147903,-29.27489265491559,3.340239501,1.685728347,,,,93.8,2114,6.7,823239,672275,666464,650333,656305,642715,671218,664056,808982,53.84,,,,,,,,26,2,Sinker,0,3,3,0,3,0,3,0,Infield shade,Standard,244,-0.004,0.077,,,,-0.077,,-3,3,0.184,0.8160000000000001,27,26,28,27,2,1,5,1,6,1,2.43,1.52,1.52,21.0,,,,,
SI,2026-04-04,93.6,-1.47,5.11,"Vientos, Mark",668901,694738,,called_strike,,,,,8,Called Strike,R,R,R,SF,NYM,S,,,2,0,2026,-1.59,0.32,0.12787819887440155,1.978058345738973,,,,0,4,Top,,,,,,,7.688145406450428,-136.05462368886802,-2.8604019575234663,-21.48951659777898,30.010615180965342,-27.743031036706014,3.340239501,1.685728347,,,,94.1,2139,6.6,823239,672275,666464,650333,656305,642715,671218,664056,808982,53.86,,,,,,,,26,3,Sinker,0,3,3,0,3,0,3,0,Infield shade,Standard,242,0.004,-0.072,,,,0.072,,-3,3,0.18,0.8200000000000001,27,26,28,27,2,1,5,1,6,1,2.29,1.59,1.59,19.8,,,,,
FC,2026-04-04,87.2,-1.47,5.35,"Vientos, Mark",668901,694738,single,hit_into_play,,,,,14,Mark Vientos singles on a ground ball to right fielder Jung Hoo Lee.,R,R,R,SF,NYM,X,9,ground_ball,2,1,2026,0.46,0.27,1.0321818458894327,2.298918320897507,,,,0,4,Top,169,129.64,,,,,4.960162836453481,-126.95386724710977,-1.5648995868266744,3.9939172398484226,25.025793443311922,-29.16569924418744,3.340239501,1.685728347,111,77,9,87.2,2442,6.2,823239,672275,666464,650333,656305,642715,671218,664056,808982,54.31,0.309,0.297,0.9,1,1,0,2,26,4,Cutter,0,3,3,0,3,0,3,0,Infield shade,Standard,136,-0.018,0.392,70.4,7.3,0.366,-0.392,88.0,-3,3,0.184,0.8160000000000001,27,26,28,27,2,1,5,1,6,1,2.72,-0.46,-0.46,24.8,10.721013440473547,22.66921564754637,28.98819605116181,49.635150224308376,19.52861911848011
CU,2026-04-04,75.6,-1.93,5.66,"Young, Jared",676724,694738,,foul,,,,,6,Foul,R,L,R,SF,NYM,S,,,0,0,2026,1.59,-0.75,0.3327193588216948,2.330200635849451,,,668901,0,4,Top,,,,,,,1.7471024241330537,-110.03258685480893,1.8065916183148074,12.430102482983214,22.33420906611354,-38.81003089421372,3.280561024,1.655610236,5,70,-29,74.6,3110,5.8,823239,672275,666464,650333,656305,642715,671218,664056,808982,54.66,,,,,,,,27,1,Curveball,0,3,3,0,3,0,3,0,Standard,Standard,58,0.003,-0.043,74.8,7.5,,0.043,88.0,-3,3,0.166,0.834,27,30,28,31,2,1,5,3,6,1,4.78,-1.59,1.59,30.3,9.761450347734975,-9.77042440283928,29.224177436862174,35.67961975150135,35.34303146590288
CH,2026-04-04,86.2,-2,5.22,"Young, Jared",676724,694738,,foul_tip,,,,,8,Foul Tip,R,L,R,SF,NYM,S,,,0,1,2026,-1.36,-0.17,0.04731092481641719,1.7884307734579945,,,668901,0,4,Top,,,,,,,7.530039126613673,-125.41466802830658,-1.4046164470898275,-15.813527672543481,23.24437333418014,-33.89882672868257,3.280561024,1.655610236,,,,85.9,1979,5.9,823239,672275,666464,650333,656305,642715,671218,664056,808982,54.6,,,,,,,,27,2,Changeup,0,3,3,0,3,0,3,0,Standard,Standard,264,0.005,-0.053,80.3,7.6,,0.053,,-3,3,0.169,0.831,27,30,28,31,2,1,5,3,6,1,3.22,1.36,-1.36,17.8,13.750734966430327,-14.309667109258339,29.636498092273523,36.9813181784856,35.819502126700264
CH,2026-04-04,87.2,-1.97,5.15,"Young, Jared",676724,694738,force_out,hit_into_play,,,,,7,"Jared Young grounds into a force out, first baseman Jerar Encarnacion to shortstop Willy Adames. Mark Vientos out at 2nd. Jared Young to 1st.",R,L,R,SF,NYM,X,3,ground_ball,0,2,2026,-1.48,-0.36,-0.7625800545009436,1.6108217509154334,,,668901,0,4,Top,141.78,179.45,,,,,5.952766010246196,-126.92383354772353,-1.3431635126701362,-17.22080121080702,26.922898415527076,-36.02173335111405,3.280561024,1.655610236,2,69.4,-44,87.1,1931,6.3,823239,672275,666464,650333,656305,642715,671218,664056,808982,54.22,0.195,0.176,0,1,0,0,2,27,3,Changeup,0,3,3,0,3,0,3,0,Infield shade,Standard,267,0.011,-0.24,74.2,7.6,0.196,0.24,88.0,-3,3,0.174,0.8260000000000001,27,30,28,31,2,1,5,3,6,1,3.37,1.48,-1.48,20.3,8.815588355386463,2.7513101705164327,28.173325056209908,46.90025633046516,27.31964980441809
SI,2026-04-04,93.4,-1.51,5.15,"Semien, Marcus",543760,694738,,foul,,,,,7,Foul,R,R,R,SF,NYM,S,,,0,0,2026,-1.62,0.18,-0.393531257487745,1.7535303636977075,,,676724,1,4,Top,,,,,,,6.558979707787214,-135.92768901725995,-3.2222781875514075,-21.56968052967125,29.323715761625042,-29.388800763294274,3.212106299,1.621062992,3,83.9,-30,94.5,1991,6.9,823239,672275,666464,650333,656305,642715,671218,664056,808982,53.62,,,,,,,,28,1,Sinker,0,3,3,0,3,0,3,0,Infield shade,Standard,249,0.003,-0.04,64.3,7.6,,0.04,88.0,-3,3,0.185,0.815,27,35,28,36,2,1,5,1,6,1,2.42,1.62,1.62,17.5,8.6267248120341,4.2031182706077725,39.256006528631964,27.126378391237335,24.839214971451884
CU,2026-04-04,76.8,-1.65,5.59,"Semien, Marcus",543760,694738,,ball,,,,,14,Ball,R,R,R,SF,NYM,B,,,0,1,2026,1.74,-0.49,2.4985567377472764,1.2736949029802007,,,676724,1,4,Top,,,,,,,5.431883178227237,-111.66071662652563,-0.8166409775792005,13.113649588972772,24.747825119377048,-36.303836679108365,3.212106299,1.621062992,,,,75.7,3149,6.1,823239,672275,666464,650333,656305,642715,671218,664056,808982,54.42,,,,,,,,28,2,Curveball,0,3,3,0,3,0,3,0,Infield shade,Standard,52,-0.002,0.019,,,,-0.019,,-3,3,0.188,0.812,27,35,28,36,2,1,5,1,6,1,4.44,-1.74,-1.74,29.2,,,,,
CU,2026-04-04,75.3,-1.71,5.59,"Semien, Marcus",543760,694738,,ball,,,,,13,Ball,R,R,R,SF,NYM,B,,,1,1,2026,1.56,-0.67,-0.0962181258802357,1.1935681618616636,,,676724,1,4,Top,,,,,,,0.48209131708489916,-109.62267787111713,-0.39764662404381235,12.296854914157205,23.15186047515477,-37.70160020835597,3.212106299,1.621062992,,,,74.4,3090,6.1,823239,672275,666464,650333,656305,642715,671218,664056,808982,54.45,,,,,,,,28,3,Curveball,0,3,3,0,3,0,3,0,Infield shade,Standard,53,-0.003,0.063,,,,-0.063,,-3,3,0.186,0.8140000000000001,27,35,28,36,2,1,5,1,6,1,4.76,-1.56,-1.56,30.4,,,,,
SI,2026-04-04,93.2,-1.28,5.19,"Semien, Marcus",543760,694738,,foul,,,,,2,Foul,R,R,R,SF,NYM,S,,,2,1,2026,-1.43,0.28,0.27611051934349873,2.7406679641791194,,,676724,1,4,Top,,,,,,,7.143854876342888,-135.68620583123936,-1.0035794936666351,-19.162953614330338,27.8997448077875,-28.731129898010167,3.212106299,1.621062992,247,86,48,93.7,2107,6.4,823239,672275,666464,650333,656305,642715,671218,664056,808982,54.1,,,,,,,,28,4,Sinker,0,3,3,0,3,0,3,0,Infield shade,Standard,241,0.005,-0.075,69.0,7.1,,0.075,88.0,-3,3,0.183,0.817,27,35,28,36,2,1,5,1,6,1,2.33,1.43,1.43,18.5,11.981194893733491,13.675046805527217,29.01907672464651,35.32041829222725,23.501346559559977
CH,2026-04-04,86.9,-1.84,5.19,"Semien, Marcus",543760,694738,strikeout,swinging_strike,,,,,14,Marcus Semien strikes out swinging.,R,R,R,SF,NYM,S,2,,2,2,2026,-1.45,-0.34,0.06454586583642619,0.8990395356027605,,,676724,1,4,Top,,,,,,,7.568380123875559,-126.27770872286327,-3.1138922759136567,-17.076977914654503,26.52004548785016,-35.379897549082266,3.212106299,1.621062992,,,,87.2,1985,6.6,823239,672275,666464,650333,656305,642715,671218,664056,808982,53.89,,0,0,1,0,0,,28,5,Changeup,0,3,3,0,3,0,3,0,Standard,Standard,262,0.014,-0.222,73.2,9.0,,0.222,,-3,3,0.188,0.812,27,35,28,36,2,1,5,1,6,1,3.38,1.45,1.45,18.4,32.96705035779775,-32.39713964987057,41.66773789523699,32.04862053301079,46.23153726067144
CH,2026-04-04,86.9,-1.95,5.15,"Benge, Carson",701807,694738,field_out,hit_into_play,,,,,8,Carson Benge lines out sharply to right fielder Jung Hoo Lee.,R,L,R,SF,NYM,X,9,line_drive,0,0,2026,-1.51,-0.32,0.198611091878502,1.9232225834571057,,,676724,2,4,Top,180.75,79.27,,,,,8.20078812660421,-126.21496794858942,-0.6199121111179745,-17.798882571330342,27.056349226559814,-35.66327388799308,3.259498032,1.644980315,325,105.4,17,86.5,2043,6.3,823239,672275,666464,650333,656305,642715,671218,664056,808982,54.25,0.514,0.605,0,1,0,0,5,29,1,Changeup,0,3,3,0,3,0,3,0,Infield shade,Standard,262,0.014,-0.271,70.3,6.9,0.921,0.271,105.4,-3,3,0.202,0.798,27,23,28,23,2,1,5,1,6,1,3.36,1.51,-1.51,17.7,2.9909951149375105,-5.354940897909254,33.11896147740516,33.22729490793593,40.48221091907951
SI,2026-04-04,93.4,-1.49,5.13,"Torrens, Luis",620443,694738,,ball,,,,,12,Ball,R,R,R,SF,NYM,B,,,0,0,2026,-1.45,0.4,1.5768188042553597,2.405079548828914,,,,0,5,Top,,,,,,,11.119719946163684,-135.5928856489762,-1.9601889066130933,-20.25211909844552,28.281767103419455,-27.016944717929903,3.178756562,1.604232283,,,,94.2,2180,6.8,823239,672275,666464,650333,656305,642715,671218,664056,808982,53.73,,,,,,,,34,1,Sinker,0,3,3,0,3,0,3,0,Strategic,Standard,237,-0.002,0.041,,,,-0.041,,-3,3,0.164,0.836,27,30,28,30,2,1,5,4,6,1,2.22,1.45,1.45,17.3,,,,,
FC,2026-04-04,87.3,-1.55,5.3,"Torrens, Luis",620443,694738,,ball,,,,,14,Ball,R,R,R,SF,NYM,B,,,1,0,2026,0.6,0.32,1.0041296514178968,1.2873449499215766,,,,0,5,Top,,,,,,,4.84396957208819,-127.03279410328743,-3.964596958409221,5.522455120204402,26.38735382723028,-28.087625010135888,3.178756562,1.604232283,,,,88.2,2549,6.9,823239,672275,666464,650333,656305,642715,671218,664056,808982,53.63,,,,,,,,34,2,Cutter,0,3,3,0,3,0,3,0,Strategic,Standard,137,-0.004,0.077,,,,-0.077,,-3,3,0.162,0.838,27,30,28,30,2,1,5,4,6,1,2.67,-0.6,-0.6,24.9,,,,,
SI,2026-04-04,92,-1.65,5.07,"Torrens, Luis",620443,694738,single,hit_into_play,,,,,8,Luis Torrens singles on a sharp line drive to left fielder Heliot Ramos.,R,R,R,SF,NYM,X,7,line_drive,2,0,2026,-1.58,0.48,0.02253472741536422,2.0369749655793177,,,,0,5,Top,88.29,86.48,,,,,7.735346090584494,-133.75709393276648,-2.7457123419260694,-20.650750948439,28.5111783774283,-25.96393152338057,3.178756562,1.604232283,196,106.4,10,92.8,2131,6.8,823239,672275,666464,650333,656305,642715,671218,664056,808982,53.7,0.883,0.867,0.9,1,1,0,4,34,3,Sinker,0,3,3,0,3,0,3,0,Strategic,Standard,241,-0.013,0.32,77.0,7.7,1.119,-0.32,106.4,-3,3,0.158,0.842,27,30,28,30,2,1,5,4,6,1,2.21,1.58,1.58,20.1,13.212173575114125,0.8366822124056396,34.98035197653949,37.724905650029044,29.608030201898284
FC,2026-04-04,86.8,-2.01,5.31,"Lindor, Francisco",596019,694738,,ball,,,,,11,Ball,R,L,R,SF,NYM,B,,,0,0,2026,0.38,0.33,-1.4772934316012736,2.62614053542435,,,620443,0,5,Top,,,,,,,0.4646181944119623,-126.3857707483867,-0.7220189752051754,3.9582935627864355,26.091413298172856,-28.728984535074407,3.107668963,1.568356299,,,,86.7,2389,6.2,823239,672275,666464,650333,656305,642715,671218,664056,808982,54.26,,,,,,,,35,1,Cutter,0,3,3,0,3,0,3,0,Infield shade,Standard,167,-0.003,0.04,,,,-0.04,,-3,3,0.145,0.855,27,32,28,33,3,2,5,1,6,1,2.7,-0.38,0.38,26.9,,,,,
SI,2026-04-04,91.7,-1.67,5.18,"Lindor, Francisco",596019,694738,,ball,,,,,13,Ball,R,L,R,SF,NYM,B,,,1,0,2026,-1.4,0.46,-1.3176488283693295,1.9154463686198213,,,620443,0,5,Top,,,,,,,3.9933569780070237,-133.52907287626283,-3.1971138917615725,-17.629953302793226,29.914998464390923,-26.237060571984365,3.107668963,1.568356299,,,,92.1,2123,6.6,823239,672275,666464,650333,656305,642715,671218,664056,808982,53.9,,,,,,,,35,2,Sinker,0,3,3,0,3,0,3,0,Infield shade,Standard,236,-0.005,0.062,,,,-0.062,,-3,3,0.142,0.858,27,32,28,33,3,2,5,1,6,1,2.26,1.4,-1.4,17.8,,,,,
CH,2026-04-04,84.7,-2.01,5.14,"Lindor, Francisco",596019,694738,,swinging_strike,,,,,14,Swinging Strike,R,L,R,SF,NYM,S,,,2,0,2026,-1.29,-0.24,0.14390573422767106,1.205252582328038,,,620443,0,5,Top,,,,,,,7.525447672394746,-123.18976235311933,-2.0894103654726366,-14.68619801449465,25.226510128674025,-34.41935207892928,3.107668963,1.568356299,,,,84,2116,6,823239,672275,666464,650333,656305,642715,671218,664056,808982,54.54,,,,,,,,35,3,Changeup,0,3,3,0,3,0,3,0,Infield shade,Standard,262,0.005,-0.066,75.1,8.6,,0.066,,-3,3,0.137,0.863,27,32,28,33,3,2,5,1,6,1,3.43,1.29,-1.29,15.9,30.79485740774774,-27.91702538353239,39.94135148975343,33.22627426438803,46.596345488027964
CH,2026-04-04,85.6,-1.93,5.21,"Lindor, Francisco",596019,694738,,foul,,,,,13,Foul,R,L,R,SF,NYM,S,,,2,1,2026,-1.39,-0.29,-1.0406339275078427,1.5394685825451195,,,620443,0,5,Top,,,,,,,4.959928859306909,-124.53427186661193,-1.580382516469951,-15.500872711019143,25.041433480355924,-35.03576666775936,3.107668963,1.568356299,246,80.3,41,86,2007,6.6,823239,672275,666464,650333,656305,642715,671218,664056,808982,53.93,,,,,,,,35,4,Changeup,0,3,3,0,3,0,3,0,Infield shade,Standard,263,0.006,-0.078,75.4,7.8,,0.078,88.0,-3,3,0.142,0.858,27,32,28,33,3,2,5,1,6,1,3.4,1.39,-1.39,18.9,10.31245961170576,12.323655309877871,32.872874017002935,46.142926572193275,22.809463377333994
CU,2026-04-04,74.9,-1.76,5.67,"Lindor, Francisco",596019,694738,,ball,,,,,13,Ball,R,L,R,SF,NYM,B,,,2,2,2026,1.63,-0.98,-1.3913664455348709,1.0559119548480052,,,620443,0,5,Top,,,,,,,-2.1749774452743527,-108.94889344178382,-0.20273396117877085,13.272218487702773,22.69604574353875,-40.08627622344361,3.107668963,1.568356299,,,,73.8,3084,5.9,823239,672275,666464,650333,656305,642715,671218,664056,808982,54.55,,,,,,,,35,5,Curveball,0,3,3,0,3,0,3,0,Infield shade,Standard,56,-0.007,0.113,,,,-0.113,,-3,3,0.148,0.852,27,32,28,33,3,2,5,1,6,1,5.11,-1.63,1.63,29.3,,,,,
CH,2026-04-04,86,-1.91,5.13,"Lindor, Francisco",596019,694738,field_out,hit_into_play,,,,,7,"Francisco Lindor grounds out, first baseman Jerar Encarnacion to pitcher Landen Roupp. Luis Torrens to 2nd.",R,L,R,SF,NYM,X,3,ground_ball,3,2,2026,-1.34,-0.1,-0.6688968480974853,1.641338188454203,,,620443,0,5,Top,141.78,183.5,,,,,5.717740532842358,-125.11494767847294,-1.5839986044689345,-15.277638475470797,25.54173246490273,-33.13584982957177,3.107668963,1.568356299,19,84.8,-4,86.5,1999,6.7,823239,672275,666464,650333,656305,642715,671218,664056,808982,53.85,0.158,0.142,0,1,0,0,2,35,6,Changeup,0,3,3,0,3,0,3,0,Infield shade,Standard,263,0.011,-0.407,73.7,8.0,0.168,0.407,88.0,-3,3,0.141,0.859,27,32,28,33,3,2,5,1,6,1,3.19,1.34,-1.34,17.4,18.60167520632296,-12.445354657421115,33.42485047905068,41.17844140495566,35.88444321577035
CH,2026-04-04,85.6,-1.73,5.15,"Bichette, Bo",666182,694738,,called_strike,,,,,14,Called Strike,R,R,R,SF,NYM,S,,,0,0,2026,-1.38,-0.03,0.651837322950432,1.442299773249625,,620443,,1,5,Top,,,,,,,8.426977996886325,-124.36692384129601,-2.1802406684289,-16.005870276117665,23.86055010067743,-32.3032076521112,3.162081693,1.595816929,,,,86.1,2028,6.6,823239,672275,666464,650333,656305,642715,671218,664056,808982,53.87,,,,,,,,36,1,Changeup,0,3,3,0,3,0,3,0,Standard,Standard,260,0.003,-0.038,,,,0.038,,-3,3,0.152,0.848,27,28,28,28,3,2,5,1,6,1,3.14,1.38,1.38,17.0,,,,,
SI,2026-04-04,91.8,-1.62,5.12,"Bichette, Bo",666182,694738,,ball,,,,,14,Ball,R,R,R,SF,NYM,B,,,0,1,2026,-1.38,0.15,0.030871643177370345,0.8094285330859838,,620443,,1,5,Top,,,,,,,7.210192065599998,-133.4369728771349,-5.208248035540361,-17.97774562528159,27.51710681578047,-29.432492149239348,3.162081693,1.595816929,,,,92.7,2031,6.8,823239,672275,666464,650333,656305,642715,671218,664056,808982,53.7,,,,,,,,36,2,Sinker,0,3,3,0,3,0,3,0,Standard,Standard,238,-0.002,0.025,,,,-0.025,,-3,3,0.155,0.845,27,28,28,28,3,2,5,1,6,1,2.55,1.38,1.38,19.2,,,,,
CU,2026-04-04,75.3,-1.75,5.6,"Bichette, Bo",666182,694738,single,hit_into_play,,,,,14,Bo Bichette singles on a ground ball to center fielder Harrison Bader. Luis Torrens scores.,R,R,R,SF,NYM,X,8,ground_ball,1,1,2026,1.42,-0.7,1.1649461177394211,1.8631267610155806,,620443,,1,5,Top,114.56,104.23,,,,,3.3867722448572537,-109.54702191429472,0.9168119842694924,10.744270522517468,20.645803679649358,-38.197429583601036,3.162081693,1.595816929,135,93.1,8,74.7,3006,6,823239,672275,666464,650333,656305,642715,671218,664056,808982,54.46,0.557,0.512,0.9,1,1,0,4,36,3,Curveball,0,3,3,0,4,0,4,0,Standard,Standard,56,-0.05,0.552,77.4,7.9,0.625,-0.552,93.1,-3,3,0.153,0.847,27,28,28,28,3,2,5,1,6,1,4.75,-1.42,-1.42,29.0,-2.960265459126096,-11.773192104130061,38.816171940722114,45.160997032175985,30.96560168038387
CH,2026-04-04,86.1,-1.99,5.11,"Polanco, Jorge",593871,694738,,ball,,,,,14,Ball,R,L,R,SF,NYM,B,,,0,0,2026,-1.35,-0.27,0.7215072713370225,1.024061000864695,,,666182,1,5,Top,,,,,,,9.182013451322236,-125.14594106672773,-2.6936034879434247,-16.003661334245173,23.78434049386911,-34.736528903768026,3.191043307,1.610433071,,,,86.7,2043,6.6,823239,672275,666464,650333,656305,642715,671218,664056,808982,53.92,,,,,,,,37,1,Changeup,0,4,4,0,4,0,4,0,Infield shade,Standard,267,-0.001,0.035,,,,-0.035,,-4,4,0.103,0.897,27,32,28,33,3,2,5,2,6,1,3.34,1.35,-1.35,15.9,,,,,
CH,2026-04-04,86.5,-2.05,5.17,"Polanco, Jorge",593871,694738,,foul,,,,,5,Foul,R,L,R,SF,NYM,S,,,1,0,2026,-1.37,-0.14,0.22156986803366374,2.247605541952319,,,666182,1,5,Top,,,,,,,8.183095670938423,-125.7579241235218,-0.2962053310404039,-16.176965782217444,23.726983856411522,-33.82386819745829,3.191043307,1.610433071,6,95.1,-22,86.7,2088,6.3,823239,672275,666464,650333,656305,642715,671218,664056,808982,54.18,,,,,,,,37,2,Changeup,0,4,4,0,4,0,4,0,Infield shade,Standard,261,0.002,-0.056,73.6,7.5,,0.056,95.1,-4,4,0.102,0.898,27,32,28,33,3,2,5,2,6,1,3.17,1.37,-1.37,18.6,14.578897736794795,-11.736763127501183,27.67273028730676,35.77306940042346,36.269028056650356
CU,2026-04-04,75.4,-1.82,5.65,"Polanco, Jorge",593871,694738,,called_strike,,,,,13,Called Strike,R,L,R,SF,NYM,S,,,1,1,2026,1.41,-0.85,-0.5332139435628767,1.4137793162403183,,,666182,1,5,Top,,,,,,,0.0668456997891324,-109.65230803422394,0.2288626089789927,11.244517466973015,22.895423371856353,-39.23875799830359,3.191043307,1.610433071,,,,74.5,3095,6.1,823239,672275,666464,650333,656305,642715,671218,664056,808982,54.45,,,,,,,,37,3,Curveball,0,4,4,0,4,0,4,0,Infield shade,Standard,59,0.002,-0.056,,,,0.056,,-4,4,0.104,0.896,27,32,28,33,3,2,5,2,6,1,4.92,-1.41,1.41,29.9,,,,,
CH,2026-04-04,86.4,-1.95,5.2,"Polanco, Jorge",593871,694738,,foul,,,,,9,Foul,R,L,R,SF,NYM,S,,,1,2,2026,-1.46,-0.13,0.6865089963924795,1.8979814877457462,,,666182,1,5,Top,,,,,,,9.2441749966857,-125.61584504729352,-1.192511889063694,-17.23139305184504,23.737018543314193,-33.55635847834921,3.191043307,1.610433071,10,91.7,-12,87,2074,6.5,823239,672275,666464,650333,656305,642715,671218,664056,808982,53.95,,,,,,,,37,4,Changeup,0,4,4,0,4,0,4,0,Infield shade,Standard,261,0,0,71.5,7.6,,0,91.7,-4,4,0.106,0.894,27,32,28,33,3,2,5,2,6,1,3.17,1.46,-1.46,18.7,13.582424112684704,-22.440269680138577,32.30608037636921,30.91655015423106,39.045346533111086
CH,2026-04-04,86.2,-1.94,5.18,"Polanco, Jorge",593871,694738,,foul,,,,,14,Foul,R,L,R,SF,NYM,S,,,1,2,2026,-1.5,-0.17,0.19959729545238236,1.2598998498633232,,,666182,1,5,Top,,,,,,,8.149510966490409,-125.31588514864441,-2.4799989032110794,-17.443495908155672,25.402649187961632,-33.69512207914356,3.191043307,1.610433071,,,,86.6,1901,6.6,823239,672275,666464,650333,656305,642715,671218,664056,808982,53.87,,,,,,,,37,5,Changeup,0,4,4,0,4,0,4,0,Infield shade,Standard,265,0,0,70.2,7.0,,0,,-4,4,0.106,0.894,27,32,28,33,3,2,5,2,6,1,3.25,1.5,-1.5,17.9,1.8355749449643441,3.2252129376502303,37.14759495310888,36.030451729379834,23.529002363630177
FF,2026-04-04,92.4,-1.66,5.27,"Polanco, Jorge",593871,694738,,ball,,,,,11,Ball,R,L,R,SF,NYM,B,,,1,2,2026,-0.97,1.13,-0.2986277838400371,4.337641596067016,,,666182,1,5,Top,,,,,,,5.596424329891679,-134.5336587918017,1.0480940966119718,-12.989211775478879,28.720132124143426,-18.828798494269282,3.191043307,1.610433071,,,,92.8,2194,6.5,823239,672275,666464,650333,656305,642715,671218,664056,808982,54.03,,,,,,,,37,6,4-Seam Fastball,0,4,4,0,4,0,4,0,Infield shade,Standard,241,-0.001,0.044,,,,-0.044,,-4,4,0.106,0.894,27,32,28,33,3,2,5,2,6,1,1.53,0.97,-0.97,24.5,,,,,
CU,2026-04-04,75,-1.76,5.68,"Polanco, Jorge",593871,694738,,ball,,,,,13,Ball,R,L,R,SF,NYM,B,,,2,2,2026,1.39,-0.71,-0.9407674051132675,2.215771608243479,,,666182,1,5,Top,,,,,,,-0.8332994187576679,-109.18107870025057,1.5584646649004155,11.201707912968473,21.214607627025604,-38.36878762874092,3.191043307,1.610433071,,,,74.4,3059,6.1,823239,672275,666464,650333,656305,642715,671218,664056,808982,54.41,,,,,,,,37,7,Curveball,0,4,4,0,4,0,4,0,Infield shade,Standard,58,-0.004,0.098,,,,-0.098,,-4,4,0.105,0.895,27,32,28,33,3,2,5,2,6,1,4.8,-1.39,1.39,29.6,,,,,
CH,2026-04-04,85.6,-1.9,5.14,"Polanco, Jorge",593871,694738,,foul,,,,,13,Foul,R,L,R,SF,NYM,S,,,3,2,2026,-1.36,-0.33,-0.8036479958516218,1.5152932373663321,,,666182,1,5,Top,,,,,,,5.393965751842098,-124.58567306613409,-1.3997898201572043,-15.261451922317343,24.46833216723977,-35.499981499790714,3.191043307,1.610433071,75,72.1,6,86.2,1942,6.6,823239,672275,666464,650333,656305,642715,671218,664056,808982,53.88,,,,,,,,37,8,Changeup,0,4,4,0,4,0,4,0,Infield shade,Standard,264,0,0,69.3,7.4,,0,88.0,-4,4,0.101,0.899,27,32,28,33,3,2,5,2,6,1,3.43,1.36,-1.36,16.4,2.9439520069581357,-0.5419448760787967,34.1807353208384,46.86540862445321,24.282804321835442
CU,2026-04-04,75.7,-1.69,5.62,"Polanco, Jorge",593871,694738,strikeout,swinging_strike,,,,,14,Jorge Polanco strikes out swinging.,R,L,R,SF,NYM,S,2,,3,2,2026,1.33,-0.84,0.7840732883823338,1.196707315627859,,,666182,1,5,Top,,,,,,,2.660919615445383,-110.06460276921868,-0.2230955961044334,10.114770982029974,22.94941409692238,-39.09952058687965,3.191043307,1.610433071,,,,74.9,3100,6.1,823239,672275,666464,650333,656305,642715,671218,664056,808982,54.39,,0,0,1,0,0,,37,9,Curveball,0,4,4,0,4,0,4,0,Infield shade,Standard,51,0.013,-0.32,47.0,7.5,,0.32,,-4,4,0.101,0.899,27,32,28,33,3,2,5,2,6,1,4.88,-1.33,1.33,30.9,10.984340691735268,-18.606381392973198,36.28084028706798,29.2628083829801,37.38826344633554
CU,2026-04-04,75.1,-1.88,5.58,"Baty, Brett",683146,694738,single,hit_into_play,,,,,8,Brett Baty singles on a ground ball to right fielder Jung Hoo Lee. Bo Bichette to 2nd.,R,L,R,SF,NYM,X,9,ground_ball,0,0,2026,1.62,-0.74,-0.01984132859261245,1.850914455322771,,,666182,2,5,Top,177.24,118.59,,,,,0.879125555050069,-109.3375027051873,1.0695646988437437,12.657223702553775,21.83724174956634,-38.47984068221701,3.327952756,1.679527559,141,83.5,11,74.8,3060,6.3,823239,672275,666464,650333,656305,642715,671218,664056,808982,54.16,0.483,0.435,0.9,1,1,0,4,38,1,Curveball,0,4,4,0,4,0,4,0,Infield shade,Standard,55,-0.008,0.346,76.0,7.9,0.51,-0.346,88.0,-4,4,0.114,0.886,27,26,28,27,3,2,5,1,6,3,4.82,-1.62,1.62,30.4,13.830849403977314,-11.702053539917411,42.60097084405011,39.05921484885705,38.55931724131561
CU,2026-04-04,76.2,-1.74,5.59,"Vientos, Mark",668901,694738,,ball,,,,,13,Ball,R,R,R,SF,NYM,B,,,0,0,2026,1.53,-0.92,-0.190414690883127,1.4367626966917824,,666182,683146,2,5,Top,,,,,,,0.3911471702609733,-110.8437946028851,0.4653351346748016,12.288492311463692,25.250281051012973,-40.01873463810016,3.340239501,1.685728347,,,,75,3127,6.1,823239,672275,666464,650333,656305,642715,671218,664056,808982,54.43,,,,,,,,39,1,Curveball,0,4,4,0,4,0,4,0,Infield shade,Standard,58,-0.001,0.024,,,,-0.024,,-4,4,0.106,0.894,27,26,28,27,3,2,5,1,6,1,4.94,-1.53,-1.53,30.5,,,,,
CH,2026-04-04,86.9,-1.81,5.13,"Vientos, Mark",668901,694738,,foul,,,,,9,Foul,R,R,R,SF,NYM,S,,,1,0,2026,-1.44,-0.1,0.37858961199093866,1.8294527896762505,,666182,683146,2,5,Top,,,,,,,8.247670457419046,-126.34939558214832,-1.3041851201080241,-17.094032649989263,25.76467153454902,-33.19263205955977,3.340239501,1.685728347,2,62.2,-49,87.6,2048,6.8,823239,672275,666464,650333,656305,642715,671218,664056,808982,53.74,,,,,,,,39,2,Changeup,0,4,4,0,4,0,4,0,Infield shade,Standard,268,0.002,-0.052,78.5,8.2,,0.052,88.0,-4,4,0.105,0.895,27,26,28,27,3,2,5,1,6,1,3.12,1.44,1.44,18.6,16.590304428269036,3.5875643083837527,31.900497052639484,42.30888905135151,28.808722074130074
FC,2026-04-04,87.2,-1.66,5.3,"Vientos, Mark",668901,694738,single,hit_into_play,,,,,9,Mark Vientos singles on a ground ball to right fielder Jung Hoo Lee. Bo Bichette scores. Brett Baty to 3rd.,R,R,R,SF,NYM,X,9,ground_ball,1,1,2026,0.51,0.23,0.6372413925131954,1.9975997003180281,,666182,683146,2,5,Top,180.76,117.19,,,,,4.380360347219517,-127.08453489392035,-2.091835752049035,4.6740638633315355,24.146018634491764,-29.515205807873443,3.340239501,1.685728347,40,95.9,0,87.4,2475,6.2,823239,672275,666464,650333,656305,642715,671218,664056,808982,54.34,0.398,0.359,0.9,1,1,0,2,39,3,Cutter,0,4,4,0,5,0,5,0,Infield shade,Standard,126,-0.043,0.571,73.7,7.3,0.429,-0.571,95.9,-4,4,0.107,0.893,27,26,28,27,3,2,5,1,6,1,2.75,-0.51,-0.51,23.2,7.671482787413055,23.899313541108324,30.37187548085788,45.53664359574183,17.310162784069878
