"﻿""pitch_type""",game_date,release_speed,release_pos_x,release_pos_z,player_name,batter,pitcher,events,description,spin_dir,spin_rate_deprecated,break_angle_deprecated,break_length_deprecated,zone,des,game_type,stand,p_throws,home_team,away_team,type,hit_location,bb_type,balls,strikes,game_year,pfx_x,pfx_z,plate_x,plate_z,on_3b,on_2b,on_1b,outs_when_up,inning,inning_topbot,hc_x,hc_y,tfs_deprecated,tfs_zulu_deprecated,umpire,sv_id,vx0,vy0,vz0,ax,ay,az,sz_top,sz_bot,hit_distance_sc,launch_speed,launch_angle,effective_speed,release_spin_rate,release_extension,game_pk,fielder_2,fielder_3,fielder_4,fielder_5,fielder_6,fielder_7,fielder_8,fielder_9,release_pos_y,estimated_ba_using_speedangle,estimated_woba_using_speedangle,woba_value,woba_denom,babip_value,iso_value,launch_speed_angle,at_bat_number,pitch_number,pitch_name,home_score,away_score,bat_score,fld_score,post_away_score,post_home_score,post_bat_score,post_fld_score,if_fielding_alignment,of_fielding_alignment,spin_axis,delta_home_win_exp,delta_run_exp,bat_speed,swing_length,estimated_slg_using_speedangle,delta_pitcher_run_exp,hyper_speed,home_score_diff,bat_score_diff,home_win_exp,bat_win_exp,age_pit_legacy,age_bat_legacy,age_pit,age_bat,n_thruorder_pitcher,n_priorpa_thisgame_player_at_bat,pitcher_days_since_prev_game,batter_days_since_prev_game,pitcher_days_until_next_game,batter_days_until_next_game,api_break_z_with_gravity,api_break_x_arm,api_break_x_batter_in,arm_angle,attack_angle,attack_direction,swing_path_tilt,intercept_ball_minus_batter_pos_x_inches,intercept_ball_minus_batter_pos_y_inches
FF,2026-03-29,93.3,-1.44,5.67,"Lindor, Francisco",596019,669387,,called_strike,,,,,11,Called Strike,R,L,R,NYM,PIT,S,,,0,0,2026,-0.48,1.43,-0.056997055922169415,3.3441455536507974,,,,0,1,Bot,,,,,,,4.567915225771353,-135.65648798707483,-3.172632817419533,-6.98223959527774,33.528345720022685,-14.081954222705232,3.107668963,1.568356299,,,,92.8,2044,6.3,823647,680779,687462,664040,693304,669707,663968,665833,656811,54.19,,,,,,,,7,1,4-Seam Fastball,0,1,0,1,1,0,0,1,Standard,Standard,214,-0.004,-0.039,,,,0.039,,-1,-1,0.448,0.448,27,32,27,33,1,0,,1,6,1,1.22,0.48,-0.48,39.1,,,,,
SI,2026-03-29,95.6,-3.48,4.99,"Bichette, Bo",666182,670990,,called_strike,,,,,9,Called Strike,R,R,R,NYM,PIT,S,,,0,0,2026,-1.53,0.45,0.4392157205923466,1.5770051454667506,,,665742,1,5,Bot,,,,,,,13.800366595614086,-138.4414538764612,-4.153794924845847,-22.810643034544917,31.851762893348745,-25.54918930461604,3.162081693,1.595816929,,,,96.1,2195,6.9,823647,680779,687462,664040,693304,669707,663968,665833,656811,53.58,,,,,,,,43,1,Sinker,2,2,2,2,2,2,2,2,Strategic,Standard,232,-0.006,-0.04,,,,0.04,,0,0,0.569,0.569,31,28,31,28,1,2,3,1,2,1,2.07,1.53,1.53,17.7,,,,,
FF,2026-03-29,97.8,0.89,5.8,"Benge, Carson",701807,682254,,swinging_strike,,,,,2,Swinging Strike,R,L,L,NYM,PIT,S,,,0,0,2026,0.39,1.53,-0.2440221507321529,3.3710982941893093,,,,0,7,Bot,,,,,,,-3.9812433313129785,-142.31434985215026,-4.472387267364783,6.248980783662227,35.591934195345964,-10.655679957820722,3.259498032,1.644980315,,,,98.6,2106,6.9,823647,680779,687462,664040,693304,669707,663968,665833,656811,53.56,,,,,,,,55,1,4-Seam Fastball,2,2,2,2,2,2,2,2,Standard,Standard,175,-0.006,-0.039,66.6,5.0,,0.039,,0,0,0.588,0.588,26,23,26,23,1,2,3,1,3,1,0.87,0.39,0.39,63.4,-7.307400728549664,44.62426359501231,24.119971680300186,39.54728804812106,11.882422151455746
FC,2026-03-29,89.3,-1.8,5.89,"Semien, Marcus",543760,642701,,swinging_strike,,,,,6,Swinging Strike,R,R,R,NYM,PIT,S,,,0,0,2026,-0.28,1.11,0.3443802287855979,2.311470082778019,,,,0,9,Bot,,,,,,,5.794218910983971,-129.85775352728612,-4.9118295449327976,-4.411534581807516,28.422879551146604,-18.796487276514778,3.212106299,1.621062992,,,,89.1,2333,6.3,823647,680779,656811,664040,693304,669707,663968,665833,694377,54.22,,,,,,,,73,1,Cutter,2,2,2,2,2,2,2,2,Standard,Standard,206,-0.009,-0.039,69.5,8.7,,0.039,,0,0,0.639,0.639,30,35,30,36,1,3,1,1,2,1,1.76,0.28,0.28,36.3,24.606601256920943,-38.04992389694635,32.42110121469799,36.210429015167406,50.57098336896951
CU,2026-03-29,79,-1.28,5.89,"Lindor, Francisco",596019,664353,,ball,,,,,13,Ball,R,L,R,NYM,PIT,B,,,0,0,2026,0.92,-1.22,-1.3400751043047925,2.121874850895791,,682626,,0,10,Bot,,,,,,,-1.847136091467156,-115.0520178768305,1.0993655840776453,8.549031994315222,21.502937229683532,-43.45054805365247,3.107668963,1.568356299,,,,78.2,2734,5.7,823647,680779,656811,664040,693304,669707,663968,665833,695257,54.84,,,,,,,,82,1,Curveball,2,4,2,4,4,2,2,4,Standard,Standard,37,0.012,0.032,,,,-0.032,,-2,-2,0.211,0.211,31,32,31,33,1,4,,1,7,1,4.87,-0.92,0.92,48.7,,,,,
FF,2026-03-29,93.1,-1.27,5.9,"Polanco, Jorge",593871,676755,,called_strike,,,,,9,Called Strike,R,L,R,NYM,PIT,S,,,0,0,2026,-0.68,1.57,0.3674403005362532,1.6243806710011772,,,,0,8,Bot,,,,,,,5.686563709106577,-135.18998642345963,-8.443418049222059,-9.626488794183842,32.11388071898456,-11.221565700253288,3.191043307,1.610433071,,,,93.1,2290,6.6,823647,680779,656811,664040,693304,669707,663968,665833,694377,53.88,,,,,,,,65,1,4-Seam Fastball,2,2,2,2,2,2,2,2,Standard,Standard,215,-0.007,-0.039,,,,0.039,,0,0,0.608,0.608,30,32,31,33,1,3,3,1,1,1,1.09,0.68,-0.68,44.2,,,,,
CH,2026-03-29,87.6,-1.32,5.82,"Polanco, Jorge",593871,676755,,ball,,,,,13,Ball,R,L,R,NYM,PIT,B,,,0,1,2026,-1.02,0.59,-1.0755861910668862,0.21105432104827737,,,,0,8,Bot,,,,,,,2.763459632708546,-127.38190395464878,-8.44869752328406,-11.668496893204257,27.45335398567748,-24.152848103641006,3.191043307,1.610433071,,,,88.7,1793,7.1,823647,680779,656811,664040,693304,669707,663968,665833,694377,53.37,,,,,,,,65,2,Changeup,2,2,2,2,2,2,2,2,Standard,Standard,233,0.005,0.031,,,,-0.031,,0,0,0.601,0.601,30,32,31,33,1,3,3,1,1,1,2.4,1.02,-1.02,43.6,,,,,
CU,2026-03-29,82,-1.41,5.76,"Lindor, Francisco",596019,669387,,ball,,,,,11,Ball,R,L,R,NYM,PIT,B,,,0,1,2026,0.53,-1.03,-0.9728720438936307,2.3775528507063184,,,,0,1,Bot,,,,,,,-0.08121284170312332,-119.3852295976093,1.2086319767084628,5.077430514748532,25.21604210501304,-42.47052485740882,3.107668963,1.568356299,,,,81.4,2441,6.1,823647,680779,687462,664040,693304,669707,663968,665833,656811,54.43,,,,,,,,7,2,Curveball,0,1,0,1,1,0,0,1,Standard,Standard,36,0.003,0.031,,,,-0.031,,-1,-1,0.444,0.444,27,32,27,33,1,0,,1,6,1,4.45,-0.53,0.53,40.4,,,,,
SL,2026-03-29,85,-1.89,5.83,"Semien, Marcus",543760,642701,field_out,hit_into_play,,,,,14,Marcus Semien flies out to center fielder Oneil Cruz.,R,R,R,NYM,PIT,X,8,fly_ball,0,1,2026,0.51,0.27,0.849496400379726,2.1116902676534566,,,,0,9,Bot,145.53,91.45,,,,,5.29262238906489,-123.78193751230337,-2.7288123929598624,4.2224550292812655,24.825221090724874,-29.07225545629791,3.212106299,1.621062992,273,81.9,40,85.1,2616,6.3,823647,680779,656811,664040,693304,669707,663968,665833,694377,54.17,0.011,0.013,0,1,0,0,3,73,2,Slider,2,2,2,2,2,2,2,2,Standard,Standard,149,-0.048,-0.22,71.7,8.0,0.019,0.22,88.0,0,0,0.63,0.63,30,35,30,36,1,3,1,1,2,1,2.88,-0.51,-0.51,35.5,18.41223719016341,-1.226520127363256,32.24943026764491,40.62561038375901,33.30300347647781
SI,2026-03-29,98.1,0.95,5.8,"Benge, Carson",701807,682254,,ball,,,,,13,Ball,R,L,L,NYM,PIT,B,,,0,1,2026,0.35,1.33,-1.0709454259576319,2.0421913847585023,,,,0,7,Bot,,,,,,,-6.27560171432939,-142.5121152287724,-7.591937890662271,6.242009268701691,35.578363333443804,-12.520774070999792,3.259498032,1.644980315,,,,98.6,2734,6.9,823647,680779,687462,664040,693304,669707,663968,665833,656811,53.62,,,,,,,,55,2,Sinker,2,2,2,2,2,2,2,2,Standard,Standard,92,0.004,0.031,,,,-0.031,,0,0,0.582,0.582,26,23,26,23,1,2,3,1,3,1,1.07,0.35,0.35,63.1,,,,,
CH,2026-03-29,83.5,-1.33,5.97,"Lindor, Francisco",596019,664353,,ball,,,,,13,Ball,R,L,R,NYM,PIT,B,,,1,0,2026,-1.57,0.94,-1.3709656290971983,2.2794405636346515,,682626,,0,10,Bot,,,,,,,3.0195349827284037,-121.47785580972547,-3.6222737333775914,-16.090019924090225,25.921437443256988,-22.37492925231612,3.107668963,1.568356299,,,,82.3,1953,5.7,823647,680779,656811,664040,693304,669707,663968,665833,695257,54.82,,,,,,,,82,2,Changeup,2,4,2,4,4,2,2,4,Standard,Standard,247,0.025,0.075,,,,-0.075,,-2,-2,0.223,0.223,31,32,31,33,1,4,,1,7,1,2.35,1.57,-1.57,45.4,,,,,
SI,2026-03-29,94.6,-3.37,5.04,"Bichette, Bo",666182,670990,,ball,,,,,14,Ball,R,R,R,NYM,PIT,B,,,0,1,2026,-1.71,0.31,1.125072624834222,1.2903017971755084,,,665742,1,5,Bot,,,,,,,15.56044378325981,-136.77080813950653,-4.535492889919957,-24.90757528121839,30.551628923423902,-27.391017678019058,3.162081693,1.595816929,,,,95.2,2104,7,823647,680779,687462,664040,693304,669707,663968,665833,656811,53.51,,,,,,,,43,2,Sinker,2,2,2,2,2,2,2,2,Strategic,Standard,234,0.004,0.019,,,,-0.019,,0,0,0.563,0.563,31,28,31,28,1,2,3,1,2,1,2.27,1.71,1.71,19.3,,,,,
FF,2026-03-29,93.1,-1.95,5.78,"Benge, Carson",701807,642701,,ball,,,,,12,Ball,R,L,R,NYM,PIT,B,,,0,0,2026,-1.18,1.32,0.09811764609809437,3.68085749064965,,,,1,9,Bot,,,,,,,7.796860227725519,-135.26652665526336,-2.3083994320327603,-16.23649078798794,32.66114365253618,-15.741326767072323,3.259498032,1.644980315,,,,92.3,2552,6.1,823647,680779,656811,664040,693304,669707,663968,665833,694377,54.36,,,,,,,,74,1,4-Seam Fastball,2,2,2,2,2,2,2,2,Standard,Standard,237,0.005,0.039,,,,-0.039,,0,0,0.582,0.582,30,23,30,23,1,3,1,1,2,1,1.34,1.18,-1.18,31.8,,,,,
ST,2026-03-29,83.3,-3.46,5.25,"Bichette, Bo",666182,670990,,swinging_strike,,,,,5,Swinging Strike,R,R,R,NYM,PIT,S,,,1,1,2026,1.74,0.51,0.2652248717332868,2.4541579245894556,,,665742,1,5,Bot,,,,,,,5.0370063830365766,-121.18091374342968,-0.7097941415616849,15.868383144056617,26.427077043090662,-27.28481745261285,3.162081693,1.595816929,,,,84.1,2498,7.1,823647,680779,687462,664040,693304,669707,663968,665833,656811,53.41,,,,,,,,43,3,Sweeper,2,2,2,2,2,2,2,2,Strategic,Standard,92,-0.009,-0.056,72.9,7.8,,0.056,,0,0,0.567,0.567,31,28,31,28,1,2,3,1,2,1,2.81,-1.74,-1.74,24.9,9.751527775413955,-8.088490093982912,35.327837560155714,36.821678729725974,31.756301868175623
FF,2026-03-29,98.2,1.04,5.75,"Benge, Carson",701807,682254,,swinging_strike,,,,,4,Swinging Strike,R,L,L,NYM,PIT,S,,,1,1,2026,0.26,1.5,-0.44153306014085614,2.6492062472685824,,,,0,7,Bot,,,,,,,-4.633093606642193,-142.8339499336215,-6.300847100785989,4.623743537957463,33.98136493945681,-10.368070830272286,3.259498032,1.644980315,,,,99.3,2569,7,823647,680779,687462,664040,693304,669707,663968,665833,656811,53.52,,,,,,,,55,3,4-Seam Fastball,2,2,2,2,2,2,2,2,Standard,Standard,178,-0.009,-0.061,67.6,5.4,,0.061,,0,0,0.586,0.586,26,23,26,23,1,2,3,1,3,1,0.87,0.26,0.26,59.1,-13.683931422367158,38.004082043084665,30.974036331816105,41.931533924769354,11.661626558251983
FS,2026-03-29,84.8,-1.44,5.48,"Lindor, Francisco",596019,669387,,ball,,,,,11,Ball,R,L,R,NYM,PIT,B,,,1,1,2026,-1.01,0.18,-0.8727474168557574,2.379864273545211,,,,0,1,Bot,,,,,,,3.373143380485317,-123.41878982530254,-1.0075751680525222,-10.966699333603684,26.904247196046228,-30.349080736109553,3.107668963,1.568356299,,,,84.7,1309,6.4,823647,680779,687462,664040,693304,669707,663968,665833,656811,54.1,,,,,,,,7,3,Split-Finger,0,1,0,1,1,0,0,1,Standard,Standard,242,0.005,0.055,,,,-0.055,,-1,-1,0.447,0.447,27,32,27,33,1,0,,1,6,1,3.01,1.01,-1.01,34.6,,,,,
FF,2026-03-29,93.8,-1.13,5.93,"Polanco, Jorge",593871,676755,,foul,,,,,11,Foul,R,L,R,NYM,PIT,S,,,1,1,2026,-1.04,1.53,-0.6184296589198469,3.6074506084473423,,,,0,8,Bot,,,,,,,3.6645690882130024,-136.43510054477042,-3.4899449737126487,-13.716908084352768,33.503518213172036,-12.618764055986755,3.191043307,1.610433071,165,75.7,15,94,2313,6.7,823647,680779,656811,664040,693304,669707,663968,665833,694377,53.79,,,,,,,,65,3,4-Seam Fastball,2,2,2,2,2,2,2,2,Standard,Standard,208,-0.012,-0.061,46.3,5.0,,0.061,88.0,0,0,0.606,0.606,30,32,31,33,1,3,3,1,1,1,1.09,1.04,-1.04,52.3,-16.928710913539526,43.73664591975776,25.907983496176573,46.94313733077048,-6.510072747363035
FF,2026-03-29,91.8,-0.9,6.28,"Lindor, Francisco",596019,664353,,called_strike,,,,,4,Called Strike,R,L,R,NYM,PIT,S,,,2,0,2026,-0.94,1.79,-0.6651090273914494,2.0421491541839454,,682626,,0,10,Bot,,,,,,,2.6158587499983668,-133.50950434206288,-8.48462585393652,-11.849467740839685,27.69052422044654,-9.132560113528978,3.107668963,1.568356299,,,,91,2327,5.7,823647,680779,656811,664040,693304,669707,663968,665833,695257,54.77,,,,,,,,82,3,4-Seam Fastball,2,4,2,4,4,2,2,4,Standard,Standard,214,-0.025,-0.078,,,,0.078,,-2,-2,0.248,0.248,31,32,31,33,1,4,,1,7,1,0.91,0.94,-0.94,56.8,,,,,
FF,2026-03-29,99,1.07,5.82,"Benge, Carson",701807,682254,strikeout,swinging_strike,,,,,5,Carson Benge strikes out swinging.,R,L,L,NYM,PIT,S,2,,1,2,2026,0.24,1.53,-0.18563634224238995,2.245310443245816,,,,0,7,Bot,,,,,,,-3.976704060628067,-143.97207633087987,-7.762352657315056,4.274514963149853,35.93969889957112,-9.239854432536529,3.259498032,1.644980315,,,,99.6,2227,6.8,823647,680779,687462,664040,693304,669707,663968,665833,656811,53.69,,0,0,1,0,0,,55,4,4-Seam Fastball,2,2,2,2,2,2,2,2,Standard,Standard,171,-0.027,-0.189,72.2,6.1,,0.189,,0,0,0.577,0.577,26,23,26,23,1,2,3,1,3,1,0.81,0.24,0.24,64.5,-5.210916127867675,13.670722077235217,36.00749154411758,37.28255543802227,25.9088765159034
CH,2026-03-29,84.1,-0.95,6.06,"Lindor, Francisco",596019,664353,,called_strike,,,,,6,Called Strike,R,L,R,NYM,PIT,S,,,2,1,2026,-1.84,1.15,0.5001595455585488,2.630819576586932,,682626,,0,10,Bot,,,,,,,6.985410161800348,-122.0933289058309,-3.512144904089405,-19.81064915245408,28.717071361163246,-20.202810581909684,3.107668963,1.568356299,,,,82.7,2047,5.9,823647,680779,656811,664040,693304,669707,663968,665833,695257,54.57,,,,,,,,82,4,Changeup,2,4,2,4,4,2,2,4,Standard,Standard,245,-0.025,-0.081,,,,0.081,,-2,-2,0.223,0.223,31,32,31,33,1,4,,1,7,1,2.14,1.84,-1.84,47.8,,,,,
CH,2026-03-29,87.7,-2.02,5.71,"Benge, Carson",701807,642701,,swinging_strike,,,,,2,Swinging Strike,R,L,R,NYM,PIT,S,,,1,0,2026,-1.34,0.7,-0.25363085502474547,2.7840878746263336,,,,1,9,Bot,,,,,,,7.022910171239055,-127.49584538441357,-2.2150939465359505,-16.010950105491542,25.655002959819846,-24.286384654507955,3.259498032,1.644980315,,,,87.7,2391,6.3,823647,680779,656811,664040,693304,669707,663968,665833,694377,54.18,,,,,,,,74,2,Changeup,2,2,2,2,2,2,2,2,Standard,Standard,233,-0.007,-0.049,75.0,6.9,,0.049,,0,0,0.587,0.587,30,23,30,23,1,3,1,1,2,1,2.26,1.34,-1.34,31.3,8.005633083314626,-5.407881148410392,29.790678251804394,38.88625682822327,36.52867161468031
FF,2026-03-29,94.5,-1.51,5.5,"Lindor, Francisco",596019,669387,,foul,,,,,4,Foul,R,L,R,NYM,PIT,S,,,2,1,2026,-0.83,1,-0.5163939134802926,2.0727167619156663,,,,0,1,Bot,,,,,,,4.4661579440267385,-137.48020807977736,-5.2594029124648625,-11.600412961089358,33.68320569734585,-18.502727922206653,3.107668963,1.568356299,255,84.1,31,94.5,1938,6.5,823647,680779,687462,664040,693304,669707,663968,665833,656811,53.95,,,,,,,,7,4,4-Seam Fastball,0,1,0,1,1,0,0,1,Standard,Standard,223,-0.008,-0.073,70.7,6.8,,0.073,88.0,-1,-1,0.452,0.452,27,32,27,33,1,0,,1,6,1,1.57,0.83,-0.83,36.6,-3.581264625423566,28.745424225051433,35.269644440017046,39.29701120208472,13.258803381799249
FF,2026-03-29,97.3,-3.26,5.12,"Bichette, Bo",666182,670990,field_out,hit_into_play,,,,,11,Bo Bichette grounds out to pitcher Yohan Ramírez. Juan Soto to 2nd.,R,R,R,NYM,PIT,X,1,ground_ball,1,2,2026,-1.17,1.05,-1.2888445353841804,3.181295161991714,,,665742,1,5,Bot,136.1,192.22,,,,,7.9976496565701805,-141.358626984187,-1.9133513010802394,-17.536068014123796,34.8144264521187,-17.913852946935094,3.162081693,1.595816929,3,48.1,-50,97.4,2299,6.6,823647,680779,687462,664040,693304,669707,663968,665833,656811,53.87,0.227,0.204,0,1,0,0,1,43,4,4-Seam Fastball,2,2,2,2,2,2,2,2,Strategic,Standard,235,-0.011,-0.241,52.0,4.6,0.227,0.241,88.0,0,0,0.558,0.558,31,28,31,28,1,2,3,1,2,1,1.38,1.17,1.17,19.6,-28.925017547906684,31.725322593640765,49.05344056778754,18.85081639068334,9.608852887905696
FF,2026-03-29,94.3,-1.24,5.85,"Polanco, Jorge",593871,676755,,ball,,,,,11,Ball,R,L,R,NYM,PIT,B,,,1,2,2026,-0.98,1.65,-0.38586669374077487,4.31991787897759,,,,0,8,Bot,,,,,,,4.443468913078484,-137.13276433603968,-1.7609413932043148,-13.364843973199346,35.9593595477109,-11.489202708605932,3.191043307,1.610433071,,,,94.3,2249,6.7,823647,680779,656811,664040,693304,669707,663968,665833,694377,53.78,,,,,,,,65,4,4-Seam Fastball,2,2,2,2,2,2,2,2,Standard,Standard,211,0.007,0.043,,,,-0.043,,0,0,0.594,0.594,30,32,31,33,1,3,3,1,1,1,0.96,0.98,-0.98,46.5,,,,,
CU,2026-03-29,83.8,-1.61,5.52,"Polanco, Jorge",593871,670990,,ball,,,,,9,Ball,R,L,R,NYM,PIT,B,,,0,0,2026,0.82,-1.06,0.5581550906554613,1.671018399596035,,665742,,2,5,Bot,,,,,,,3.3528811872422914,-121.93034072913221,-0.04457702247724349,7.374344603385393,25.918136617083398,-42.892147494468944,3.191043307,1.610433071,,,,84.8,2508,7.1,823647,680779,687462,664040,693304,669707,663968,665833,656811,53.4,,,,,,,,44,1,Curveball,2,2,2,2,2,2,2,2,Standard,Standard,61,0.001,0.019,,,,-0.019,,0,0,0.547,0.547,31,32,31,33,1,2,3,1,2,1,4.33,-0.82,0.82,30.9,,,,,
CU,2026-03-29,87,0.98,5.77,"Torrens, Luis",620443,682254,,called_strike,,,,,1,Called Strike,R,R,L,NYM,PIT,S,,,0,0,2026,-0.14,-0.75,-0.6536608636820079,2.7845923696338994,,,,1,7,Bot,,,,,,,-3.603047780240177,-126.63815489542833,0.7890312089911036,-0.764908245079693,25.65195411716982,-40.58975934164662,3.178756562,1.604232283,,,,87.9,2521,6.8,823647,680779,687462,664040,693304,669707,663968,665833,656811,53.7,,,,,,,,56,1,Curveball,2,2,2,2,2,2,2,2,Standard,Standard,325,-0.004,-0.039,,,,0.039,,0,0,0.55,0.55,26,30,26,30,1,2,3,1,3,2,3.75,-0.14,0.14,61.0,,,,,
FF,2026-03-29,94.4,-1.43,5.63,"Lindor, Francisco",596019,669387,,ball,,,,,11,Ball,R,L,R,NYM,PIT,B,,,2,2,2026,-0.69,1.25,-0.15984342671112362,3.9336028132845797,,,,0,1,Bot,,,,,,,4.843014321784637,-137.4012935605854,-1.3904853006403686,-9.835836048987222,31.611844073385285,-16.279828951734792,3.107668963,1.568356299,,,,94.4,2048,6.4,823647,680779,687462,664040,693304,669707,663968,665833,656811,54.14,,,,,,,,7,5,4-Seam Fastball,0,1,0,1,1,0,0,1,Standard,Standard,218,0.01,0.112,,,,-0.112,,-1,-1,0.444,0.444,27,32,27,33,1,0,,1,6,1,1.31,0.69,-0.69,39.5,,,,,
CH,2026-03-29,85.6,-1.08,5.93,"Lindor, Francisco",596019,664353,,foul,,,,,13,Foul,R,L,R,NYM,PIT,S,,,2,2,2026,-1.85,1.26,-0.816437693402659,1.3393004615047785,,682626,,0,10,Bot,,,,,,,4.398202050477956,-124.33090565320984,-6.727878951229574,-19.998991854286306,28.993332240602307,-17.939070912359476,3.107668963,1.568356299,3,35.9,-30,84.6,2055,6.1,823647,680779,656811,664040,693304,669707,663968,665833,695257,54.41,,,,,,,,82,5,Changeup,2,4,2,4,4,2,2,4,Standard,Standard,243,0,0,65.3,8.1,,0,88.0,-2,-2,0.198,0.198,31,32,31,33,1,4,,1,7,1,1.91,1.85,-1.85,48.1,19.741776024330573,-18.259180723660453,34.93143067999961,40.75656334275467,43.068807344341096
FF,2026-03-29,92.5,-2.03,5.73,"Benge, Carson",701807,642701,,called_strike,,,,,1,Called Strike,R,L,R,NYM,PIT,S,,,1,1,2026,-0.72,1.18,-0.7594893263908321,3.0459687675563387,,,,1,9,Bot,,,,,,,4.776289024245641,-134.63000429767882,-3.496914658713668,-9.717928911299188,27.861585818195493,-17.26096094884188,3.259498032,1.644980315,,,,92.6,2591,6.2,823647,680779,656811,664040,693304,669707,663968,665833,694377,54.28,,,,,,,,74,3,4-Seam Fastball,2,2,2,2,2,2,2,2,Standard,Standard,214,-0.012,-0.064,,,,0.064,,0,0,0.58,0.58,30,23,30,23,1,3,1,1,2,1,1.47,0.72,-0.72,33.3,,,,,
FF,2026-03-29,94,-1.2,5.78,"Polanco, Jorge",593871,676755,field_out,hit_into_play,,,,,8,Jorge Polanco lines out to left fielder Jake Mangum.,R,L,R,NYM,PIT,X,7,line_drive,2,2,2026,-1.01,1.63,0.01830524865265315,1.9586367513356122,,,,0,8,Bot,65.34,100.9,,,,,5.442385241144465,-136.50291336072792,-7.5735031770517764,-13.859511795599767,35.26395442696801,-10.326402744873425,3.191043307,1.610433071,287,91.6,22,94.1,2386,6.8,823647,680779,656811,664040,693304,669707,663968,665833,694377,53.67,0.149,0.155,0,1,0,0,3,65,5,4-Seam Fastball,2,2,2,2,2,2,2,2,Standard,Standard,209,-0.039,-0.232,69.0,6.8,0.241,0.232,91.6,0,0,0.601,0.601,30,32,31,33,1,3,3,1,1,1,1,1.01,-1.01,41.4,-4.789773076220465,12.366611200493745,35.2921200177169,39.00170597382302,19.078397957261615
FF,2026-03-29,93.5,-1.5,5.52,"Lindor, Francisco",596019,669387,,foul,,,,,2,Foul,R,L,R,NYM,PIT,S,,,3,2,2026,-0.84,1.23,-0.237982585340219,3.178902114707575,,,,0,1,Bot,,,,,,,5.106488019264823,-135.91338660772084,-2.7859982610334835,-11.531100905685788,33.93096795888936,-16.570198738354545,3.107668963,1.568356299,178,76.7,63,93.2,2044,6.5,823647,680779,687462,664040,693304,669707,663968,665833,656811,54.01,,,,,,,,7,6,4-Seam Fastball,0,1,0,1,1,0,0,1,Standard,Standard,216,0,0,70.5,6.8,,0,88.0,-1,-1,0.454,0.454,27,32,27,33,1,0,,1,6,1,1.41,0.84,-0.84,38.5,9.992877502552966,0.5445709947613102,28.979767714294994,36.312456471673414,30.65995418974963
CU,2026-03-29,86.8,0.98,5.7,"Torrens, Luis",620443,682254,,swinging_strike,,,,,13,Swinging Strike,R,R,L,NYM,PIT,S,,,0,1,2026,-0.15,-0.92,-0.44588391206072975,0.30691966124735215,,,,1,7,Bot,,,,,,,-3.069053428358896,-126.35886731166562,-4.536259420857034,-0.9897736140112369,26.935795137295894,-41.24241861872525,3.178756562,1.604232283,,,,87.6,2616,6.8,823647,680779,687462,664040,693304,669707,663968,665833,656811,53.65,,,,,,,,56,2,Curveball,2,2,2,2,2,2,2,2,Standard,Standard,343,-0.008,-0.052,31.5,6.7,,0.052,,0,0,0.546,0.546,26,30,26,30,1,2,3,1,3,2,3.95,-0.15,0.15,61.6,12.742062651148524,19.14199738298965,28.54891935196691,32.75060081544282,21.979905090411233
SL,2026-03-29,85.1,-1.9,5.63,"Benge, Carson",701807,642701,,ball,,,,,14,Ball,R,L,R,NYM,PIT,B,,,1,2,2026,0.23,0.36,1.2568526332697938,1.8690813261157646,,,,1,9,Bot,,,,,,,6.829243132171074,-123.86427646493735,-3.0814812792972024,1.2055568901611655,21.96648982233962,-28.067636654489768,3.259498032,1.644980315,,,,85.5,2624,6.3,823647,680779,656811,664040,693304,669707,663968,665833,694377,54.23,,,,,,,,74,4,Slider,2,2,2,2,2,2,2,2,Standard,Standard,177,0.007,0.048,,,,-0.048,,0,0,0.568,0.568,30,23,30,23,1,3,1,1,2,1,2.76,-0.23,0.23,34.1,,,,,
FF,2026-03-29,93,-1.22,5.89,"Robert Jr., Luis",673357,676755,,ball,,,,,11,Ball,R,R,R,NYM,PIT,B,,,0,0,2026,-0.87,1.7,-1.5511368903380691,4.399352559018207,,,,1,8,Bot,,,,,,,1.1157600215705514,-135.37811044865947,-1.6043996698010468,-10.792136251172584,34.552461143316485,-11.365985275860268,3.310400263,1.670669291,,,,93,2299,6.7,823647,680779,656811,664040,693304,669707,663968,665833,694377,53.84,,,,,,,,66,1,4-Seam Fastball,2,2,2,2,2,2,2,2,Standard,Standard,214,0.005,0.039,,,,-0.039,,0,0,0.562,0.562,30,28,31,29,1,3,3,1,1,1,0.97,0.87,0.87,45.0,,,,,
CU,2026-03-29,83.3,-1.42,5.51,"Polanco, Jorge",593871,670990,,called_strike,,,,,4,Called Strike,R,L,R,NYM,PIT,S,,,1,0,2026,1.05,-1.11,-0.61283296238577,2.134334865834736,,665742,,2,5,Bot,,,,,,,-0.28707044939123266,-121.31188121177647,1.205441358076532,10.411057662991356,25.69916670022992,-43.54849821289993,3.191043307,1.610433071,,,,84.4,2534,7.1,823647,680779,687462,664040,693304,669707,663968,665833,656811,53.38,,,,,,,,44,2,Curveball,2,2,2,2,2,2,2,2,Standard,Standard,55,-0.003,-0.044,,,,0.044,,0,0,0.548,0.548,31,32,31,33,1,2,3,1,2,1,4.41,-1.05,1.05,32.7,,,,,
CU,2026-03-29,79.7,-0.88,6.11,"Lindor, Francisco",596019,664353,,ball,,,,,8,Ball,R,L,R,NYM,PIT,B,,,2,2,2026,0.75,-1.24,0.25879201173829325,1.5686749721239543,,682626,,0,10,Bot,,,,,,,1.0238432352378954,-116.09728709769394,-0.5969623154615622,6.56351369332713,23.83436475947562,-43.37538258811081,3.107668963,1.568356299,,,,78.5,2780,5.6,823647,680779,656811,664040,693304,669707,663968,665833,695257,54.88,,,,,,,,82,6,Curveball,2,4,2,4,4,2,2,4,Standard,Standard,38,0.031,0.1,,,,-0.1,,-2,-2,0.198,0.198,31,32,31,33,1,4,,1,7,1,4.84,-0.75,0.75,50.5,,,,,
FF,2026-03-29,92.7,-1.89,5.59,"Benge, Carson",701807,642701,field_out,hit_into_play,,,,,5,Carson Benge lines out sharply to left fielder Jake Mangum.,R,L,R,NYM,PIT,X,7,line_drive,2,2,2026,-1.01,1.23,-0.06622491377933726,2.1719460453373434,,,,1,9,Bot,64.79,101.36,,,,,6.800727573063729,-134.88265765401172,-5.474735109535558,-13.733848970375062,27.838454523578864,-16.11038051666759,3.259498032,1.644980315,286,101.8,19,92.6,2539,6.1,823647,680779,656811,664040,693304,669707,663968,665833,694377,54.35,0.391,0.489,0,1,0,0,5,74,5,4-Seam Fastball,2,2,2,2,2,2,2,2,Standard,Standard,231,-0.039,-0.228,70.4,6.2,0.786,0.228,101.8,0,0,0.575,0.575,30,23,30,23,1,3,1,1,2,1,1.41,1.01,-1.01,30.4,-4.900819280473425,13.498127026170078,39.003668626209794,36.819189130555884,28.003505607898973
CU,2026-03-29,87.4,1,5.76,"Torrens, Luis",620443,682254,single,hit_into_play,,,,,13,Luis Torrens singles on a soft ground ball to third baseman Nick Gonzales.,R,R,L,NYM,PIT,X,5,ground_ball,0,2,2026,-0.1,-0.97,-0.7408073275399071,1.3297506332748719,,,,1,7,Bot,114.19,191.81,,,,,-3.9727226379089693,-127.15640930597762,-2.1793410652633254,-0.20530196363434183,28.384047013854072,-42.40599876313064,3.178756562,1.604232283,1,59.5,-46,88,2698,6.9,823647,680779,687462,664040,693304,669707,663968,665833,656811,53.61,0.173,0.156,0.9,1,1,0,2,56,3,Curveball,2,2,2,2,2,2,2,2,Standard,Standard,339,0.052,0.506,68.9,7.2,0.173,-0.506,88.0,0,0,0.538,0.538,26,30,26,30,1,2,3,1,3,2,3.98,-0.1,0.1,62.7,7.126399166815013,10.057940030825007,41.2221439558791,33.07292488994622,17.941123168473503
FF,2026-03-29,92.5,-0.74,6.27,"Lindor, Francisco",596019,664353,walk,ball,,,,,11,Francisco Lindor walks.,R,L,R,NYM,PIT,B,,,3,2,2026,-0.62,1.71,-0.5254911142496601,3.855630634653125,,682626,,0,10,Bot,,,,,,,1.9128019104464133,-134.66268951000592,-3.8967589785621097,-7.990376859646882,30.803749747629862,-10.747445095311685,3.107668963,1.568356299,,,,91.4,2253,5.7,823647,680779,656811,664040,693304,669707,663968,665833,695257,54.77,,0.709062,0.7,1,0,0,,82,7,4-Seam Fastball,2,4,2,4,4,2,2,4,Standard,Standard,204,0.105,0.265,,,,-0.265,,-2,-2,0.229,0.229,31,32,31,33,1,4,,1,7,1,0.96,0.62,-0.62,56.4,,,,,
CU,2026-03-29,82.8,-1.32,5.59,"Lindor, Francisco",596019,669387,strikeout,swinging_strike,,,,,14,Francisco Lindor strikes out swinging.,R,L,R,NYM,PIT,S,2,,3,2,2026,0.71,-1.12,0.6341009720305668,0.9490305803110064,,,,0,1,Bot,,,,,,,2.97494267922024,-120.45125136680772,-1.5339091957333029,6.2081020386425045,26.79027275336141,-42.86308761372371,3.107668963,1.568356299,,,,82.4,2342,6.3,823647,680779,687462,664040,693304,669707,663968,665833,656811,54.15,,0,0,1,0,0,,7,7,Curveball,0,1,0,1,1,0,0,1,Infield shade,Standard,35,-0.03,-0.345,73.1,7.8,,0.345,,-1,-1,0.454,0.454,27,32,27,33,1,0,,1,6,1,4.49,-0.71,0.71,39.5,12.30627024478419,-12.599504505216903,39.671559594874644,26.41855356110305,36.158161151736536
CU,2026-03-29,85.4,-1.59,5.57,"Polanco, Jorge",593871,670990,,called_strike,,,,,9,Called Strike,R,L,R,NYM,PIT,S,,,1,1,2026,1.12,-1.13,0.4238944871043233,2.0420807983592004,,665742,,2,5,Bot,,,,,,,2.4079961590474146,-124.28199778095212,0.6469711095275601,10.938964746585114,28.619592129978457,-44.1116464017371,3.191043307,1.610433071,,,,86.1,2571,7.1,823647,680779,687462,664040,693304,669707,663968,665833,656811,53.42,,,,,,,,44,3,Curveball,2,2,2,2,2,2,2,2,Standard,Standard,65,-0.012,-0.056,,,,0.056,,0,0,0.545,0.545,31,32,31,33,1,2,3,1,2,1,4.29,-1.12,1.12,30.2,,,,,
FF,2026-03-29,94.4,-1.2,5.83,"Robert Jr., Luis",673357,676755,,foul,,,,,5,Foul,R,R,R,NYM,PIT,S,,,1,0,2026,-0.51,1.75,0.25190820328013674,2.548911006752082,,,,1,8,Bot,,,,,,,4.914660610830844,-137.13702296584407,-6.545147409751717,-7.664560496277428,34.78451568365866,-8.870684819731625,3.310400263,1.670669291,219,76,24,94.4,2348,6.7,823647,680779,656811,664040,693304,669707,663968,665833,694377,53.79,,,,,,,,66,2,4-Seam Fastball,2,2,2,2,2,2,2,2,Standard,Standard,213,-0.007,-0.049,70.3,8.1,,0.049,88.0,0,0,0.567,0.567,30,28,31,29,1,3,3,1,1,1,0.85,0.51,0.51,45.1,14.06593339804638,-10.067961733127794,37.36647544333404,42.13861517796822,26.969677359613694
SI,2026-03-29,99.7,0.98,5.84,"Lindor, Francisco",596019,682254,,swinging_strike,,,,,1,Swinging Strike,R,R,L,NYM,PIT,S,,,0,0,2026,0.08,1.47,-0.5008688665298892,3.2048345520872625,,,620443,1,7,Bot,,,,,,,-4.261087951655754,-145.0850597034456,-5.226182956661867,2.112303393590508,34.40262840330789,-10.367081194195308,3.107668963,1.568356299,,,,100.8,2568,6.9,823647,680779,687462,664040,693304,669707,663968,665833,656811,53.57,,,,,,,,57,1,Sinker,2,2,2,2,2,2,2,2,Standard,Standard,142,-0.007,-0.04,64.5,5.9,,0.04,,0,0,0.59,0.59,26,32,26,33,1,3,3,1,3,1,0.82,0.08,-0.08,63.3,-3.0401311614208533,25.400888959753274,28.819949198809084,29.549447323747977,18.374629352450626
FF,2026-03-29,94.2,-1.45,5.58,"Soto, Juan",665742,669387,,called_strike,,,,,1,Called Strike,R,L,R,NYM,PIT,S,,,0,0,2026,-0.81,1.33,-0.7179014274332377,3.0152906686598793,,,,1,1,Bot,,,,,,,3.718056039751625,-137.07023023880268,-3.7638823455734913,-11.083080809321428,32.273721013863806,-14.7606472027915,3.259498032,1.644980315,,,,94.3,2074,6.5,823647,680779,687462,664040,693304,669707,663968,665833,656811,54.01,,,,,,,,8,1,4-Seam Fastball,0,1,0,1,1,0,0,1,Standard,Standard,219,-0.003,-0.039,,,,0.039,,-1,-1,0.424,0.424,27,27,27,28,1,0,,1,6,1,1.25,0.81,-0.81,38.8,,,,,
ST,2026-03-29,84.6,-1.8,5.2,"Polanco, Jorge",593871,670990,strikeout,swinging_strike,,,,,14,Jorge Polanco strikes out swinging.,R,L,R,NYM,PIT,S,2,,1,2,2026,1.56,0.3,1.035639748201314,1.1440869999732337,,665742,,2,5,Bot,,,,,,,3.421859106905776,-123.28505294813834,-3.573196536129061,15.300515855994803,23.58933487660473,-28.64052861900698,3.191043307,1.610433071,,,,86.2,2902,7.1,823647,680779,687462,664040,693304,669707,663968,665833,656811,53.38,,0,0,1,0,0,,44,4,Sweeper,2,2,2,2,2,2,2,2,Standard,Standard,158,-0.033,-0.208,68.9,7.0,,0.208,,0,0,0.533,0.533,31,32,31,33,1,2,3,1,2,1,2.87,-1.56,1.56,21.2,-4.1939437798264905,-2.7525312619262987,40.51604335803598,27.3529237250603,22.356377860814177
SI,2026-03-29,92.6,-1.27,5.89,"Soto, Juan",665742,664353,double,hit_into_play,,,,,8,"Mets challenged (tag play), call on the field was upheld: Mets challenged (home-plate collision), call on the field was upheld: Juan Soto doubles (1) on a line drive to center fielder Oneil Cruz. Francisco Alvarez scores. Francisco Lindor out at home on the throw, center fielder Oneil Cruz to shortstop Jared Triolo to catcher Henry Davis.",R,L,R,NYM,PIT,X,8,line_drive,0,0,2026,-1.47,1,0.09409863634450111,1.8450008921563585,,682626,596019,0,10,Bot,83.91,65.03,,,,,6.640365842637657,-134.5351442348222,-6.433426051827185,-19.314242078433065,29.466579428292665,-18.784643781331713,3.259498032,1.644980315,,,,91.7,2141,5.9,823647,680779,656811,664040,693304,669707,663968,665833,695257,54.62,,,1.25,,1,1,,83,1,Sinker,2,4,2,4,4,3,3,4,Standard,Standard,217,-0.044,0.73,76.1,7.0,,-0.73,,-2,-2,0.334,0.334,31,27,31,28,1,4,,1,7,1,1.67,1.47,-1.47,45.0,3.751456230182195,5.3839318310870485,36.51526267505069,37.88382339897198,20.20367208339948
FF,2026-03-29,94.1,-1.79,5.85,"Young, Jared",676724,642701,,ball,,,,,11,Ball,R,L,R,NYM,PIT,B,,,0,0,2026,-1.2,1.38,-0.5197136496854884,4.0553015291128185,,,,2,9,Bot,,,,,,,5.94111575120804,-136.84986202470606,-1.8211167855567663,-16.46230430764656,34.85441014547529,-14.782422746528944,3.280561024,1.655610236,,,,93.1,2612,6.1,823647,680779,656811,664040,693304,669707,663968,665833,694377,54.4,,,,,,,,75,1,4-Seam Fastball,2,2,2,2,2,2,2,2,Standard,Standard,225,0.003,0.037,,,,-0.037,,0,0,0.536,0.536,30,30,30,31,1,0,1,,2,1,1.23,1.2,-1.2,33.7,,,,,
CU,2026-03-29,83.5,-1.33,5.82,"Robert Jr., Luis",673357,676755,,called_strike,,,,,9,Called Strike,R,R,R,NYM,PIT,S,,,1,1,2026,0.3,-0.23,0.7006246064119223,1.9539181487973853,,,,1,8,Bot,,,,,,,4.031500420576978,-121.49736063199778,-1.7172705658214946,2.1486799572906743,25.544909963793998,-34.35616806115302,3.310400263,1.670669291,,,,83.9,2158,6.7,823647,680779,656811,664040,693304,669707,663968,665833,694377,53.78,,,,,,,,66,3,Curveball,2,2,2,2,2,2,2,2,Standard,Standard,100,-0.009,-0.064,,,,0.064,,0,0,0.56,0.56,30,28,31,29,1,3,3,1,1,1,3.52,-0.3,-0.3,47.2,,,,,
FF,2026-03-29,94.4,-1.16,5.85,"Robert Jr., Luis",673357,676755,strikeout,called_strike,,,,,9,Luis Robert Jr. called out on strikes.,R,R,R,NYM,PIT,S,2,,1,2,2026,-0.67,1.58,0.7593235018730414,1.9851254147053505,,,,1,8,Bot,,,,,,,6.49504971503242,-137.0801311885856,-7.6369465450092004,-10.065759301464347,35.50536518298084,-10.680670033731467,3.310400263,1.670669291,,,,94.2,2260,6.7,823647,680779,656811,664040,693304,669707,663968,665833,694377,53.84,,0,0,1,0,0,,66,4,4-Seam Fastball,2,2,2,2,2,2,2,2,Standard,Standard,209,-0.025,-0.18,,,,0.18,,0,0,0.551,0.551,30,28,31,29,1,3,3,1,1,1,1.02,0.67,0.67,48.4,,,,,
SI,2026-03-29,93.6,-1.03,5.86,"Bichette, Bo",666182,664353,,ball,,,,,7,Ball,R,R,R,NYM,PIT,B,,,0,0,2026,-1.47,1.38,-0.6876975839490111,1.5433844815087272,,665742,,1,10,Bot,,,,,,,4.148120210708804,-135.8939980529421,-8.065458189187359,-19.016438399044866,36.047180751469845,-13.477423347721468,3.162081693,1.595816929,,,,92.4,2144,6.2,823647,680779,656811,664040,693304,669707,663968,665833,695257,54.34,,,,,,,,84,1,Sinker,3,4,3,4,4,3,3,4,Standard,Standard,221,0.005,0.028,,,,-0.028,,-1,-1,0.29,0.29,31,28,31,28,1,4,,1,7,1,1.28,1.47,1.47,51.3,,,,,
FF,2026-03-29,93.1,-1.89,5.7,"Young, Jared",676724,642701,,called_strike,,,,,9,Called Strike,R,L,R,NYM,PIT,S,,,1,0,2026,-1.38,1.34,0.7272776591327352,1.6538308930366494,,,,2,9,Bot,,,,,,,9.679441356617158,-135.02159337474143,-7.241431407736665,-19.090380479719194,33.008362431759736,-14.357070727466052,3.280561024,1.655610236,,,,92.4,2537,6.3,823647,680779,656811,664040,693304,669707,663968,665833,694377,54.16,,,,,,,,75,2,4-Seam Fastball,2,2,2,2,2,2,2,2,Standard,Standard,219,-0.005,-0.054,,,,0.054,,0,0,0.539,0.539,30,30,30,31,1,0,1,,2,1,1.34,1.38,-1.38,34.1,,,,,
SI,2026-03-29,96.3,-3.18,5.02,"Robert Jr., Luis",673357,670990,,ball,,,,,8,Ball,R,R,R,NYM,PIT,B,,,0,0,2026,-1.65,0.36,-0.1293680432693789,1.5757655755690063,,,,0,6,Bot,,,,,,,11.944196210124938,-139.64875060149126,-4.114218651259975,-24.377423788515348,35.04348573868606,-26.608121808723386,3.310400263,1.670669291,,,,96.8,2194,7,823647,680779,687462,664040,693304,669707,663968,665833,656811,53.45,,,,,,,,48,1,Sinker,2,2,2,2,2,2,2,2,Standard,Standard,228,0.005,0.041,,,,-0.041,,0,0,0.576,0.576,31,28,31,29,1,2,3,1,2,1,2.14,1.65,1.65,19.1,,,,,
CU,2026-03-29,83.3,-1.28,5.66,"Soto, Juan",665742,669387,,ball,,,,,13,Ball,R,L,R,NYM,PIT,B,,,0,1,2026,0.65,-1.34,-0.5503831324743481,1.151055884347433,,,,1,1,Bot,,,,,,,0.36652492202443554,-121.19886901020756,-0.8882187069374811,6.2232226585113075,26.871233521215643,-45.308574921958865,3.259498032,1.644980315,,,,82.6,2653,6.2,823647,680779,687462,664040,693304,669707,663968,665833,656811,54.34,,,,,,,,8,2,Curveball,0,1,0,1,1,0,0,1,Infield shade,Standard,43,0.002,0.029,,,,-0.029,,-1,-1,0.421,0.421,27,27,27,28,1,0,,1,6,1,4.66,-0.65,0.65,40.0,,,,,
FF,2026-03-29,97.9,0.9,5.76,"Lindor, Francisco",596019,682254,single,hit_into_play,,,,,4,Francisco Lindor singles on a line drive to right fielder Ryan O'Hearn. Luis Torrens to 2nd.,R,R,L,NYM,PIT,X,9,line_drive,0,1,2026,0.4,1.62,-0.3723367582888318,2.593770874706337,,,620443,1,7,Bot,181.04,98.6,,,,,-4.392111297456402,-142.30029012528868,-6.667897778196802,6.555186213809192,36.53745689690319,-8.82593794419479,3.107668963,1.568356299,245,94,13,98.7,2188,7,823647,680779,687462,664040,693304,669707,663968,665833,656811,53.45,0.971,0.921,0.9,1,1,0,4,57,2,4-Seam Fastball,2,2,2,2,2,2,2,2,Standard,Standard,171,0.065,0.446,64.2,6.3,1.125,-0.446,94.0,0,0,0.583,0.583,26,32,26,33,1,3,3,1,3,1,0.78,0.4,-0.4,61.2,8.435692830936464,15.832287994980081,25.733339137127086,31.106963610418184,24.15088277462923
CH,2026-03-29,87.6,-1.22,5.87,"Baty, Brett",683146,676755,,called_strike,,,,,1,Called Strike,R,L,R,NYM,PIT,S,,,0,0,2026,-0.86,1.09,-0.34477142002014616,3.3789799887817784,,,,2,8,Bot,,,,,,,3.9435200428655675,-127.54868645984376,-1.971948017002693,-10.227496704227734,28.378565278751296,-20.101154399812422,3.327952756,1.679527559,,,,88.2,1686,6.8,823647,680779,656811,664040,693304,669707,663968,665833,694377,53.66,,,,,,,,67,1,Changeup,2,2,2,2,2,2,2,2,Standard,Standard,220,-0.004,-0.043,,,,0.043,,0,0,0.526,0.526,30,26,31,27,1,3,3,1,1,1,1.89,0.86,-0.86,45.4,,,,,
CU,2026-03-29,82.9,-1.39,5.7,"Soto, Juan",665742,669387,,ball,,,,,14,Ball,R,L,R,NYM,PIT,B,,,1,1,2026,0.96,-1.33,1.5685835105639034,1.9510518246565658,,,,1,1,Bot,,,,,,,4.752275795756466,-120.48545624562574,0.9224507266082367,8.07935426837343,27.765727328172286,-45.397635689785346,3.259498032,1.644980315,,,,82.1,2525,6.3,823647,680779,687462,664040,693304,669707,663968,665833,656811,54.25,,,,,,,,8,3,Curveball,0,1,0,1,1,0,0,1,Infield shade,Standard,36,0.004,0.055,,,,-0.055,,-1,-1,0.423,0.423,27,27,27,28,1,0,,1,6,1,4.7,-0.96,0.96,42.2,,,,,
SI,2026-03-29,94,-1,5.97,"Bichette, Bo",666182,664353,field_out,hit_into_play,,,,,7,"Bo Bichette grounds out, shortstop Jared Triolo to first baseman Ryan O'Hearn. Juan Soto to 3rd.",R,R,R,NYM,PIT,X,6,ground_ball,1,0,2026,-1.39,1.19,-0.3264087362557393,1.5277990398512826,,665742,,1,10,Bot,112.28,160.8,,,,,4.847416075682255,-136.5923129187071,-8.15748101607369,-18.44539402503941,32.25614632496193,-15.615193336371034,3.162081693,1.595816929,23,89,-2,93.4,2134,6.2,823647,680779,656811,664040,693304,669707,663968,665833,695257,54.35,0.224,0.202,0,1,0,0,2,84,2,Sinker,3,4,3,4,4,3,3,4,Standard,Standard,210,-0.126,-0.288,,,0.263,0.288,89.0,-1,-1,0.295,0.295,31,28,31,28,1,4,,1,7,1,1.41,1.39,1.39,49.6,,,,,
FF,2026-03-29,98.5,0.94,5.79,"Soto, Juan",665742,682254,,foul,,,,,5,Foul,R,L,L,NYM,PIT,S,,,0,0,2026,0.37,1.29,-0.19500139155340662,2.3095901981750737,,620443,596019,1,7,Bot,,,,,,,-3.9595625211766374,-143.30800331613415,-6.866534277031069,6.0171584120891115,33.83939800580005,-13.039932136675306,3.259498032,1.644980315,,,,99.3,2149,6.8,823647,680779,687462,664040,693304,669707,663968,665833,656811,53.72,,,,,,,,58,1,4-Seam Fastball,2,2,2,2,2,2,2,2,Standard,Standard,159,-0.011,-0.033,73.9,6.5,,0.033,,0,0,0.648,0.648,26,27,26,28,1,3,3,1,3,1,1.07,0.37,0.37,64.5,-3.305790783193982,29.84905143836754,31.095666939899584,42.55372625758645,7.707162915020348
ST,2026-03-29,84.5,-3.43,5.19,"Robert Jr., Luis",673357,670990,,ball,,,,,14,Ball,R,R,R,NYM,PIT,B,,,1,0,2026,1.41,0.34,0.39852564440012106,1.280053127006743,,,,0,6,Bot,,,,,,,6.015024664730576,-122.85822830471928,-3.100385377333664,12.581988892691863,29.448057679384142,-28.268920503442356,3.310400263,1.670669291,,,,84.7,2696,7,823647,680779,687462,664040,693304,669707,663968,665833,656811,53.53,,,,,,,,48,2,Sweeper,2,2,2,2,2,2,2,2,Standard,Standard,73,0.01,0.077,,,,-0.077,,0,0,0.581,0.581,31,28,31,29,1,2,3,1,2,1,2.91,-1.41,-1.41,27.5,,,,,
CH,2026-03-29,86.1,-2.07,5.74,"Young, Jared",676724,642701,,foul,,,,,8,Foul,R,L,R,NYM,PIT,S,,,1,1,2026,-1.2,0.72,-0.09418638215369635,2.0561174804692888,,,,2,9,Bot,,,,,,,7.098277737114007,-125.08231357012428,-3.689742973108391,-14.088642440611729,27.389540605176947,-24.03446670853646,3.280561024,1.655610236,154,69.4,65,85.7,2472,6.3,823647,680779,656811,664040,693304,669707,663968,665833,694377,54.21,,,,,,,,75,3,Changeup,2,2,2,2,2,2,2,2,Standard,Standard,231,-0.009,-0.062,73.2,7.9,,0.062,88.0,0,0,0.534,0.534,30,30,30,31,1,0,1,,2,1,2.38,1.2,-1.2,34.7,10.138414476780179,-8.125339843603602,30.139582252205408,39.98812760609882,35.624260345621366
FF,2026-03-29,92.9,-1.73,5.76,"Young, Jared",676724,642701,,ball,,,,,14,Ball,R,L,R,NYM,PIT,B,,,1,2,2026,-1.05,1.47,1.5160743742102207,2.190664879867825,,,,2,9,Bot,,,,,,,10.498907222838445,-134.58007178690656,-6.237180211150628,-15.327555875834866,34.52323131972689,-13.069042231372494,3.280561024,1.655610236,,,,91.6,2423,6.2,823647,680779,656811,664040,693304,669707,663968,665833,694377,54.31,,,,,,,,75,4,4-Seam Fastball,2,2,2,2,2,2,2,2,Strategic,Standard,226,0.006,0.042,,,,-0.042,,0,0,0.525,0.525,30,30,30,31,1,0,1,,2,1,1.23,1.05,-1.05,36.8,,,,,
SI,2026-03-29,96.5,-3.42,4.99,"Robert Jr., Luis",673357,670990,,ball,,,,,11,Ball,R,R,R,NYM,PIT,B,,,2,0,2026,-1.67,0.28,-1.2433280607014578,2.8045039108865604,,,,0,6,Bot,,,,,,,9.680072499336188,-139.9366090035511,-0.5548414629006495,-24.255992752499708,38.79139227172078,-28.62077756487595,3.310400263,1.670669291,,,,96.2,2295,6.9,823647,680779,687462,664040,693304,669707,663968,665833,656811,53.65,,,,,,,,48,3,Sinker,2,2,2,2,2,2,2,2,Standard,Standard,233,0.015,0.152,,,,-0.152,,0,0,0.591,0.591,31,28,31,29,1,2,3,1,2,1,2.23,1.67,1.67,20.5,,,,,
FF,2026-03-29,98.8,1.08,5.85,"Soto, Juan",665742,682254,,foul,,,,,8,Foul,R,L,L,NYM,PIT,S,,,0,1,2026,0.53,1.24,0.16227961620974807,1.8047803608340791,,620443,596019,1,7,Bot,,,,,,,-3.747283358881491,-143.49902398624022,-8.246283716531263,8.208528082286252,39.13871848692674,-13.264881525114163,3.259498032,1.644980315,264,88.3,36,98.9,2168,6.9,823647,680779,687462,664040,693304,669707,663968,665833,656811,53.62,,,,,,,,58,2,4-Seam Fastball,2,2,2,2,2,2,2,2,Standard,Standard,166,-0.018,-0.053,71.2,6.5,,0.053,88.3,0,0,0.637,0.637,26,27,26,28,1,3,3,1,3,1,1.14,0.53,0.53,61.3,-0.6322503793911929,18.64457921115074,36.708579620686294,37.77377244890986,14.203588808358877
SI,2026-03-29,93.6,-1.5,5.25,"Soto, Juan",665742,669387,,called_strike,,,,,9,Called Strike,R,L,R,NYM,PIT,S,,,2,1,2026,-1.55,0.6,0.8169077935442348,1.8025586955005355,,,,1,1,Bot,,,,,,,9.413392773672657,-135.82750805409498,-4.188296541096921,-21.299887345529307,34.20533433341856,-23.93004610612041,3.259498032,1.644980315,,,,93.2,2166,6.6,823647,680779,687462,664040,693304,669707,663968,665833,656811,53.93,,,,,,,,8,4,Sinker,0,1,0,1,1,0,0,1,Infield shade,Standard,230,-0.006,-0.07,,,,0.07,,-1,-1,0.427,0.427,27,27,27,28,1,0,,1,6,1,2.04,1.55,-1.55,32.4,,,,,
FF,2026-03-29,93.9,-1.24,5.88,"Baty, Brett",683146,676755,,called_strike,,,,,4,Called Strike,R,L,R,NYM,PIT,S,,,0,1,2026,-0.78,1.6,-0.5460981863464874,2.6323465629226006,,,,2,8,Bot,,,,,,,3.531414481716377,-136.45780779116274,-6.0087150327729,-10.514012893989781,34.50341409415558,-11.097836820460317,3.327952756,1.679527559,,,,93.5,2394,6.5,823647,680779,656811,664040,693304,669707,663968,665833,694377,54.01,,,,,,,,67,2,4-Seam Fastball,2,2,2,2,2,2,2,2,Standard,Standard,210,-0.006,-0.057,,,,0.057,,0,0,0.522,0.522,30,26,31,27,1,3,3,1,1,1,1.02,0.78,-0.78,45.6,,,,,
CH,2026-03-29,86.5,-0.87,6.04,"Polanco, Jorge",593871,664353,field_out,hit_into_play,,,,,9,Jorge Polanco flies out to right fielder Billy Cook.,R,L,R,NYM,PIT,X,9,fly_ball,0,0,2026,-1.43,1.08,0.5689449853987165,2.083883606468086,665742,,,2,10,Bot,209.78,85.88,,,,,6.31742077171565,-125.63112600273467,-5.07397021675407,-16.467962840914538,30.6349063483509,-19.86615859595757,3.191043307,1.610433071,346,94.9,29,85.3,2060,6.1,823647,680779,656811,664040,693304,669707,663968,665833,695257,54.45,0.177,0.294,0,1,0,0,5,85,1,Changeup,3,4,3,4,4,3,3,4,Standard,Standard,240,-0.169,-0.275,,,0.538,0.275,94.9,-1,-1,0.169,0.169,31,32,31,33,1,4,,1,7,1,2.03,1.43,-1.43,52.0,,,,,
FF,2026-03-29,96.1,-3.34,4.89,"Robert Jr., Luis",673357,670990,,called_strike,,,,,6,Called Strike,R,R,R,NYM,PIT,S,,,3,0,2026,-1.09,1.18,0.32385641736812576,2.4965526618293117,,,,0,6,Bot,,,,,,,12.186815394222725,-139.1964664968515,-3.15613107238877,-17.326950368492472,38.464105563646555,-16.393958713447283,3.310400263,1.670669291,,,,95.8,2377,6.9,823647,680779,687462,664040,693304,669707,663968,665833,656811,53.62,,,,,,,,48,4,4-Seam Fastball,2,2,2,2,2,2,2,2,Standard,Standard,233,-0.01,-0.09,,,,0.09,,0,0,0.606,0.606,31,28,31,29,1,2,3,1,2,1,1.36,1.09,1.09,16.2,,,,,
FF,2026-03-29,99.3,1.12,5.93,"Soto, Juan",665742,682254,,foul,,,,,3,Foul,R,L,L,NYM,PIT,S,,,0,2,2026,0.69,1.49,0.5370617480997975,2.9834964900233674,,620443,596019,1,7,Bot,,,,,,,-3.2355497957714388,-144.40175314563413,-5.949948954676697,10.379750340693182,39.15779887529543,-10.258148463397378,3.259498032,1.644980315,361,110.5,28,99.5,2335,6.8,823647,680779,687462,664040,693304,669707,663968,665833,656811,53.7,,,,,,,,58,3,4-Seam Fastball,2,2,2,2,2,2,2,2,Standard,Standard,161,0,0,75.2,7.3,,0,110.5,0,0,0.619,0.619,26,27,26,28,1,3,3,1,3,1,0.86,0.69,0.69,60.8,28.645904014355104,-16.54393486986977,26.737850340776607,32.69094419273258,29.871833480032546
FS,2026-03-29,85.9,-1.4,5.45,"Soto, Juan",665742,669387,strikeout,swinging_strike,,,,,14,Juan Soto strikes out swinging.,R,L,R,NYM,PIT,S,2,,2,2,2026,-0.95,-0.09,0.6517929564699461,0.9631485898987244,,,,1,1,Bot,,,,,,,6.753912806764125,-124.90529155585033,-3.9690179913188723,-11.254397657693826,24.293905633308334,-32.54336089373266,3.259498032,1.644980315,,,,86.3,1749,6.5,823647,680779,687462,664040,693304,669707,663968,665833,656811,54,,0,0,1,0,0,,8,5,Split-Finger,0,1,0,1,1,0,0,1,Infield shade,Standard,246,-0.014,-0.228,71.4,8.2,,0.228,,-1,-1,0.421,0.421,27,27,27,28,1,0,,1,6,1,3.18,0.95,-0.95,33.9,30.36829932318333,-40.344426044688824,31.32276200764015,32.08433870380748,47.852989776825524
FF,2026-03-29,93.5,-1.94,5.69,"Young, Jared",676724,642701,,foul,,,,,5,Foul,R,L,R,NYM,PIT,S,,,2,2,2026,-0.83,1.43,-0.1426717391563802,2.2150789352390916,,,,2,9,Bot,,,,,,,6.403007937086917,-135.90413287140836,-6.128344561652507,-11.795962162068786,32.4132385422088,-13.295750524025603,3.280561024,1.655610236,180,75.2,59,92.7,2278,6.1,823647,680779,656811,664040,693304,669707,663968,665833,694377,54.42,,,,,,,,75,5,4-Seam Fastball,2,2,2,2,2,2,2,2,Infield shade,Standard,231,0,0,76.8,7.2,,0,88.0,0,0,0.531,0.531,30,30,30,31,1,0,1,,2,1,1.2,0.83,-0.83,30.4,3.188786542016435,8.708850054952732,29.412053369180637,40.01093340351035,25.821088296947053
FF,2026-03-29,95.7,-1.33,5.7,"Baty, Brett",683146,676755,,ball,,,,,11,Ball,R,L,R,NYM,PIT,B,,,0,2,2026,-1.02,1.53,-1.1487194968785186,3.2378841073771447,,,,2,8,Bot,,,,,,,2.8387183400738425,-139.09380535646068,-4.1106214522209665,-13.779509390677786,38.31059878748299,-11.769771414718413,3.327952756,1.679527559,,,,95.6,2435,6.8,823647,680779,656811,664040,693304,669707,663968,665833,694377,53.68,,,,,,,,67,3,4-Seam Fastball,2,2,2,2,2,2,2,2,Standard,Standard,214,0.002,0.022,,,,-0.022,,0,0,0.516,0.516,30,26,31,27,1,3,3,1,1,1,1.01,1.02,-1.02,45.9,,,,,
SI,2026-03-29,94,-1.5,5.31,"Bichette, Bo",666182,669387,,ball,,,,,14,Ball,R,R,R,NYM,PIT,B,,,0,0,2026,-1.5,0.6,1.1206893696161233,2.0656698034264886,,,,2,1,Bot,,,,,,,10.10118126949127,-136.31129371640836,-3.7247675188616256,-21.044129007331733,34.29389433748292,-23.994989793942015,3.162081693,1.595816929,,,,93.6,2153,6.6,823647,680779,687462,664040,693304,669707,663968,665833,656811,53.93,,,,,,,,9,1,Sinker,0,1,0,1,1,0,0,1,Standard,Standard,233,0.001,0.037,,,,-0.037,,-1,-1,0.407,0.407,27,28,27,28,1,0,,1,6,1,2.03,1.5,1.5,29.7,,,,,
FF,2026-03-29,95.9,-3.38,4.94,"Robert Jr., Luis",673357,670990,walk,ball,,,,,11,Luis Robert Jr. walks.,R,R,R,NYM,PIT,B,,,3,1,2026,-0.91,1.11,-1.7676002025924735,2.570451245989406,,,,0,6,Bot,,,,,,,6.365144680660938,-139.37051975245168,-2.965131600191173,-13.368072299759639,36.19330008639643,-17.332424177250516,3.310400263,1.670669291,,,,96.1,2306,6.8,823647,680779,687462,664040,693304,669707,663968,665833,656811,53.67,,0.709062,0.7,1,0,0,,48,5,4-Seam Fastball,2,2,2,2,2,2,2,2,Standard,Standard,244,0.03,0.262,,,,-0.262,,0,0,0.596,0.596,31,28,31,29,1,2,3,1,2,1,1.41,0.91,0.91,17.7,,,,,
CU,2026-03-29,89.1,1.09,5.75,"Soto, Juan",665742,682254,,blocked_ball,,,,,13,Ball In Dirt,R,L,L,NYM,PIT,B,,,0,2,2026,-0.08,-0.47,-2.258093066882912,-0.5304968678901396,,620443,596019,1,7,Bot,,,,,,,-8.004786017873231,-129.3936687239296,-8.186807571972299,0.5932092872673708,24.670290669983032,-36.02910067268662,3.259498032,1.644980315,,,,90.3,2591,6.9,823647,680779,687462,664040,693304,669707,663968,665833,656811,53.58,,,,,,,,58,4,Curveball,2,2,2,2,2,2,2,2,Standard,Standard,347,0.007,0.014,,,,-0.014,,0,0,0.619,0.619,26,27,26,28,1,3,3,1,3,1,3.33,-0.08,-0.08,63.9,,,,,
SL,2026-03-29,85.7,-1.82,5.77,"Young, Jared",676724,642701,strikeout,swinging_strike,,,,,3,Jared Young strikes out swinging.,R,L,R,NYM,PIT,S,2,,2,2,2026,0.15,0.27,0.524354702604285,2.8531549666987157,,,,2,9,Bot,,,,,,,5.17066089842707,-124.77673101083133,-0.9968187416555407,0.5200027421711726,24.269662035619614,-29.39187249803256,3.280561024,1.655610236,,,,85.8,2444,6.2,823647,680779,656811,664040,693304,669707,663968,665833,694377,54.26,,0,0,1,0,0,,75,6,Slider,2,2,2,2,2,2,2,2,Infield shade,Standard,165,-0.031,-0.224,75.2,6.9,,0.224,,0,0,0.531,0.531,30,30,30,31,1,0,1,,2,1,2.82,-0.15,0.15,40.8,6.981375224568979,0.6012301439200508,27.751642898153133,32.308217329105794,26.5383988507053
FF,2026-03-29,94.9,-1.23,5.83,"Baty, Brett",683146,676755,strikeout,swinging_strike,,,,,5,Brett Baty strikes out swinging.,R,L,R,NYM,PIT,S,2,,1,2,2026,-0.81,1.57,-0.17907839262116998,2.2320669909716524,,,,2,8,Bot,,,,,,,4.597364015310492,-137.88406560760052,-7.08416018860042,-11.335048225959062,35.31440005034437,-10.727271049465884,3.327952756,1.679527559,,,,95.1,2364,6.9,823647,680779,656811,664040,693304,669707,663968,665833,694377,53.64,,0,0,1,0,0,,67,4,4-Seam Fastball,2,2,2,2,2,2,2,2,Strategic,Standard,208,-0.018,-0.182,75.5,6.7,,0.182,,0,0,0.518,0.518,30,26,31,27,1,3,3,1,1,1,1,0.81,-0.81,45.0,-12.343131637135283,27.090907324712884,42.38077001407146,38.10068615779462,7.7014166621642355
SI,2026-03-29,93.7,-1.62,5.19,"Bichette, Bo",666182,669387,,called_strike,,,,,6,Called Strike,R,R,R,NYM,PIT,S,,,1,0,2026,-1.34,0.48,0.5325923995686914,2.182078984390557,,,,2,1,Bot,,,,,,,8.530712273307536,-136.1569213627914,-2.88998134001909,-18.513361980089023,31.022005894571592,-25.790899421792584,3.162081693,1.595816929,,,,94,2151,6.6,823647,680779,687462,664040,693304,669707,663968,665833,656811,53.87,,,,,,,,9,2,Sinker,0,1,0,1,1,0,0,1,Standard,Standard,229,-0.002,-0.054,,,,0.054,,-1,-1,0.408,0.408,27,28,27,28,1,0,,1,6,1,2.13,1.34,1.34,28.5,,,,,
ST,2026-03-29,82.9,-1.78,5.22,"Baty, Brett",683146,670990,,called_strike,,,,,3,Called Strike,R,L,R,NYM,PIT,S,,,0,0,2026,1.07,0.42,0.40946836440779166,3.1012057184907125,,,673357,0,6,Bot,,,,,,,2.853123094163108,-120.73183774971201,1.0135975590746957,9.865325694415292,23.931170719102532,-28.47038990709305,3.327952756,1.679527559,,,,84,2653,7,823647,680779,687462,664040,693304,669707,663968,665833,656811,53.49,,,,,,,,49,1,Sweeper,2,2,2,2,2,2,2,2,Standard,Standard,76,-0.007,-0.043,,,,0.043,,0,0,0.626,0.626,31,26,31,27,1,2,3,1,2,1,2.89,-1.07,1.07,25.8,,,,,
SL,2026-03-29,89.1,1.17,5.83,"Soto, Juan",665742,682254,,ball,,,,,13,Ball,R,L,L,NYM,PIT,B,,,1,2,2026,0.03,-0.02,-1.4588265716074245,0.8468889244274442,,620443,596019,1,7,Bot,,,,,,,-6.487957698513533,-129.36146500435345,-5.781757233238518,1.9544641773889844,32.442848929218506,-31.206277999898454,3.259498032,1.644980315,,,,89.1,2662,6.9,823647,680779,687462,664040,693304,669707,663968,665833,656811,53.61,,,,,,,,58,5,Slider,2,2,2,2,2,2,2,2,Standard,Standard,311,0.011,0.043,,,,-0.043,,0,0,0.626,0.626,26,27,26,28,1,3,3,1,3,1,2.96,0.03,0.03,59.5,,,,,
FF,2026-03-29,97.6,-1.77,5.04,"Baty, Brett",683146,670990,,foul,,,,,4,Foul,R,L,R,NYM,PIT,S,,,0,1,2026,-1.11,1.15,-0.3877491466754057,2.6620655114476444,,,673357,0,6,Bot,,,,,,,6.364650913967905,-141.9293221847473,-3.388361313825846,-16.490559682561003,36.382566243290505,-16.081240279053244,3.327952756,1.679527559,190,76.1,34,98.5,2338,7.1,823647,680779,687462,664040,693304,669707,663968,665833,656811,53.38,,,,,,,,49,2,4-Seam Fastball,2,2,2,2,2,2,2,2,Standard,Standard,228,-0.012,-0.053,73.3,7.1,,0.053,88.0,0,0,0.619,0.619,31,26,31,27,1,2,3,1,2,1,1.27,1.11,-1.11,22.5,0.6826706527833531,16.639438532364004,36.07917933117535,40.79114144045367,22.172512678456062
CU,2026-03-29,88.2,0.96,5.8,"Soto, Juan",665742,682254,,blocked_ball,,,,,13,Ball In Dirt,R,L,L,NYM,PIT,B,,,2,2,2026,-0.01,-0.78,-0.9028895194804306,-0.21947311518730217,,620443,596019,1,7,Bot,,,,,,,-4.50913344726798,-128.36391780353506,-6.682661555261731,0.801807248620991,26.197942254070657,-39.608047380290984,3.259498032,1.644980315,,,,89.4,2685,7,823647,680779,687462,664040,693304,669707,663968,665833,656811,53.53,,,,,,,,58,6,Curveball,2,2,2,2,2,2,2,2,Standard,Standard,344,0.096,0.096,,,,-0.096,,0,0,0.637,0.637,26,27,26,28,1,3,3,1,3,1,3.7,-0.01,-0.01,60.2,,,,,
SI,2026-03-29,95.3,-1.53,5.41,"Bichette, Bo",666182,669387,,called_strike,,,,,5,Called Strike,R,R,R,NYM,PIT,S,,,1,1,2026,-1.29,0.5,0.20628286790741335,2.464140715673003,,,,2,1,Bot,,,,,,,7.448318167708571,-138.49385352894905,-2.9947492668162403,-18.35132276886726,33.70526586694106,-25.2439211410195,3.162081693,1.595816929,,,,94.9,2159,6.3,823647,680779,687462,664040,693304,669707,663968,665833,656811,54.16,,,,,,,,9,3,Sinker,0,1,0,1,1,0,0,1,Standard,Strategic,227,-0.002,-0.062,,,,0.062,,-1,-1,0.406,0.406,27,28,27,28,1,0,,1,6,1,2.03,1.29,1.29,33.5,,,,,
FF,2026-03-29,94.4,-1.26,5.61,"Bichette, Bo",666182,669387,,ball,,,,,12,Ball,R,R,R,NYM,PIT,B,,,1,2,2026,-0.52,1.32,1.3226205527101096,4.420269721533315,,,,2,1,Bot,,,,,,,7.850048846104964,-137.34995631377535,-0.2611823970704322,-8.2944335968353,29.74307857874648,-15.566235566978206,3.162081693,1.595816929,,,,94.9,2124,6.5,823647,680779,687462,664040,693304,669707,663968,665833,656811,53.95,,,,,,,,9,4,4-Seam Fastball,0,1,0,1,1,0,0,1,Standard,Strategic,211,0.001,0.042,,,,-0.042,,-1,-1,0.404,0.404,27,28,27,28,1,0,,1,6,1,1.23,0.52,0.52,41.0,,,,,
SL,2026-03-29,89.3,1.28,5.79,"Soto, Juan",665742,682254,,foul,,,,,2,Foul,R,L,L,NYM,PIT,S,,,3,2,2026,-0.12,0.06,-0.12166630821202284,2.981193324068481,620443,596019,,1,7,Bot,,,,,,,-3.1950449913323578,-130.05135090885048,-0.7993375278621407,-0.6207052829923269,29.22936090947777,-31.56489379533608,3.259498032,1.644980315,182,74.9,19,90.2,2651,6.9,823647,680779,687462,664040,693304,669707,663968,665833,656811,53.55,,,,,,,,58,7,Slider,2,2,2,2,2,2,2,2,Strategic,Standard,306,0,0,70.2,6.8,,0,88.0,0,0,0.733,0.733,26,27,26,28,1,3,3,1,3,1,2.81,-0.12,-0.12,61.0,17.290112710720027,1.5903191381217736,24.084326105902235,39.89640976209766,21.30792696720159
ST,2026-03-29,84.7,-1.72,5.3,"Baty, Brett",683146,670990,,ball,,,,,12,Ball,R,L,R,NYM,PIT,B,,,0,2,2026,1.39,0.28,0.883848486447883,2.810042532050711,,,673357,0,6,Bot,,,,,,,3.2233080122764144,-123.2479732446693,0.26554264877046396,13.264981964727575,28.00835301896341,-29.6913004567959,3.327952756,1.679527559,,,,85.4,2640,7.1,823647,680779,687462,664040,693304,669707,663968,665833,656811,53.43,,,,,,,,49,3,Sweeper,2,2,2,2,2,2,2,2,Standard,Standard,74,-0.073,0.017,,,,-0.017,,0,0,0.607,0.607,31,26,31,27,1,2,3,1,2,1,2.94,-1.39,1.39,25.6,,,,,
ST,2026-03-29,84.6,-1.65,5.14,"Baty, Brett",683146,670990,strikeout,swinging_strike,,,,,14,Brett Baty strikes out swinging.,R,L,R,NYM,PIT,S,2,,1,2,2026,1.77,0.2,2.3769977599199823,1.0794622111696182,,,,1,6,Bot,,,,,,,5.76691037071633,-123.01801317733975,-3.2237956595758193,16.38960921944009,28.43590965929415,-29.664811937050548,3.327952756,1.679527559,,,,85.5,2669,7.3,823647,680779,687462,664040,693304,669707,663968,665833,656811,53.21,,0,0,1,0,0,,49,4,Sweeper,2,2,2,2,2,2,2,2,Standard,Standard,75,-0.017,-0.18,43.4,8.5,,0.18,,0,0,0.534,0.534,31,26,31,27,1,2,3,1,2,1,3.03,-1.77,1.77,21.6,33.86008740635176,-39.84141401022978,40.85833220855232,11.450062470719935,52.53324753632968
FF,2026-03-29,99.5,0.92,5.89,"Soto, Juan",665742,682254,strikeout,swinging_strike,,,,,12,Juan Soto strikes out swinging.,R,L,L,NYM,PIT,S,2,,3,2,2026,0.29,1.62,0.29179387348556185,4.254405846047868,620443,596019,,1,7,Bot,,,,,,,-2.408374926120407,-144.81583578760583,-2.755896344478775,4.635533704311352,38.69160424102358,-9.073973321856966,3.259498032,1.644980315,,,,99.8,2332,6.8,823647,680779,687462,664040,693304,669707,663968,665833,656811,53.72,,0,0,1,0,0,,58,8,4-Seam Fastball,2,2,2,2,2,2,2,2,Strategic,Standard,169,-0.136,-0.402,45.5,5.7,,0.402,,0,0,0.733,0.733,26,27,26,28,1,3,3,1,3,1,0.7,0.29,0.29,65.2,23.934808254365873,23.109589114471767,28.090983000412596,35.91053799324405,7.093020393737834
SI,2026-03-29,94.1,-1.55,5.19,"Bichette, Bo",666182,669387,,foul,,,,,5,Foul,R,R,R,NYM,PIT,S,,,2,2,2026,-1.47,0.74,0.14699153592272807,2.124620865193504,,,,2,1,Bot,,,,,,,7.693634672347695,-136.70447561244106,-3.6370621512178856,-20.115860559746366,34.0105043668288,-22.316514518585148,3.162081693,1.595816929,196,81.9,17,93.9,2064,6.6,823647,680779,687462,664040,693304,669707,663968,665833,656811,53.92,,,,,,,,9,5,Sinker,0,1,0,1,1,0,0,1,Standard,Strategic,230,0,0,65.0,6.6,,0,88.0,-1,-1,0.405,0.405,27,28,27,28,1,0,,1,6,1,1.87,1.47,1.47,27.8,-21.258849388049274,20.765374609439,45.71560072231829,34.67410818624473,5.124566363980506
CU,2026-03-29,86.8,1.07,5.73,"Bichette, Bo",666182,682254,,swinging_strike,,,,,13,Swinging Strike,R,R,L,NYM,PIT,S,,,0,0,2026,-0.02,-0.64,-0.7389483246083601,0.5644627296774747,620443,596019,,2,7,Bot,,,,,,,-4.291569672746273,-126.37168256917185,-4.641099308314136,0.6657605655688081,25.05585889416345,-38.3571514153805,3.162081693,1.595816929,,,,88.3,2532,7.1,823647,680779,687462,664040,693304,669707,663968,665833,656811,53.39,,,,,,,,59,1,Curveball,2,2,2,2,2,2,2,2,Standard,Standard,345,-0.015,-0.036,72.0,8.6,,0.036,,0,0,0.597,0.597,26,28,26,28,1,3,3,1,3,1,3.66,-0.02,0.02,65.4,29.186710849809327,-38.66748547499918,38.47617077611902,26.696748999462816,58.10241268687069
FF,2026-03-29,94,-1.32,5.57,"Bichette, Bo",666182,669387,strikeout,swinging_strike,,,,,11,Bo Bichette strikes out swinging.,R,R,R,NYM,PIT,S,2,,2,2,2026,-0.87,0.97,-0.18330551136436912,3.6552755728715853,,,,2,1,Bot,,,,,,,4.879916196226459,-136.7284056999676,-1.1558110954053784,-11.970244384483479,35.01295042435817,-20.158428392115283,3.162081693,1.595816929,,,,93.6,1985,6.5,823647,680779,687462,664040,693304,669707,663968,665833,656811,54.05,,0,0,1,0,0,,9,6,4-Seam Fastball,0,1,0,1,1,0,0,1,Standard,Strategic,225,-0.008,-0.224,42.8,4.3,,0.224,,-1,-1,0.405,0.405,27,28,27,28,1,0,,1,6,1,1.65,0.87,0.87,38.7,-26.44625466505191,59.4193296408427,35.55648081982415,31.455368517595623,-9.082956089095111
FF,2026-03-29,96.2,-3.21,4.99,"Semien, Marcus",543760,670990,,ball,,,,,14,Ball,R,R,R,NYM,PIT,B,,,0,0,2026,-1.05,1.15,1.387584913529163,2.222754901581238,,,,2,6,Bot,,,,,,,14.520083612868605,-139.28100635137227,-4.207550379798522,-16.816173088178015,30.443003337145882,-16.31064574156618,3.212106299,1.621062992,,,,96.7,2443,6.8,823647,680779,687462,664040,693304,669707,663968,665833,656811,53.7,,,,,,,,50,1,4-Seam Fastball,2,2,2,2,2,2,2,2,Infield shade,Standard,237,0.002,0.037,,,,-0.037,,0,0,0.517,0.517,31,35,31,36,1,2,3,1,2,1,1.33,1.05,1.05,17.9,,,,,
ST,2026-03-29,83.2,-3.47,5.2,"Semien, Marcus",543760,670990,,called_strike,,,,,7,Called Strike,R,R,R,NYM,PIT,S,,,1,0,2026,1.5,0.39,-0.43003744268563415,2.0972973908547443,,,,2,6,Bot,,,,,,,3.9478338404778617,-121.0874456958912,-1.158988947558566,13.719355215877659,26.454978764634543,-28.363983953130727,3.212106299,1.621062992,,,,83.9,2643,7,823647,680779,687462,664040,693304,669707,663968,665833,656811,53.47,,,,,,,,50,2,Sweeper,2,2,2,2,2,2,2,2,Standard,Standard,77,-0.003,-0.054,,,,0.054,,0,0,0.519,0.519,31,35,31,36,1,2,3,1,2,1,2.93,-1.5,-1.5,24.3,,,,,
CU,2026-03-29,85.4,0.97,5.8,"Bichette, Bo",666182,682254,,foul,,,,,13,Foul,R,R,L,NYM,PIT,S,,,0,1,2026,-0.45,-1.28,-0.8326048198251946,1.6051673561294981,620443,596019,,2,7,Bot,,,,,,,-3.310386685131883,-124.36165410157747,-0.7056229707196904,-3.9447861610003043,25.85906291291799,-45.49948679214976,3.162081693,1.595816929,5,57.3,-21,86.3,2690,6.9,823647,680779,687462,664040,693304,669707,663968,665833,656811,53.58,,,,,,,,59,2,Curveball,2,2,2,2,2,2,2,2,Standard,Standard,341,-0.024,-0.048,71.2,8.1,,0.048,88.0,0,0,0.582,0.582,26,28,26,28,1,3,3,1,3,1,4.41,-0.45,0.45,62.1,19.5925711483452,-15.455625794333722,41.123153835795826,24.414792914372565,38.739466727705874
CU,2026-03-29,81.2,-1.44,5.64,"Polanco, Jorge",593871,669387,,ball,,,,,11,Ball,R,L,R,NYM,PIT,B,,,0,0,2026,0.97,-1.05,-1.675068446473501,2.426449354687122,,,,0,2,Bot,,,,,,,-2.4061272345293396,-118.08933058165037,1.8138080276723365,9.473702722007227,27.078311019875013,-42.53503053022567,3.191043307,1.610433071,,,,80.1,2490,6,823647,680779,687462,664040,693304,669707,663968,665833,656811,54.47,,,,,,,,13,1,Curveball,0,1,0,1,1,0,0,1,Standard,Standard,43,0.004,0.041,,,,-0.041,,-1,-1,0.443,0.443,27,32,27,33,1,0,,1,6,1,4.57,-0.97,0.97,42.2,,,,,
FF,2026-03-29,100.2,1.07,5.88,"Bichette, Bo",666182,682254,strikeout,swinging_strike,,,,,2,Bo Bichette strikes out swinging.,R,R,L,NYM,PIT,S,2,,0,2,2026,0.36,1.54,0.23109099436802255,3.1262571508875214,620443,596019,,2,7,Bot,,,,,,,-3.1862807563964335,-145.82945698190548,-5.778951452867766,5.876515308399369,37.379208959404,-9.051340817429352,3.162081693,1.595816929,,,,100.8,2104,6.8,823647,680779,687462,664040,693304,669707,663968,665833,656811,53.69,,0,0,1,0,0,,59,3,4-Seam Fastball,2,2,2,2,2,2,2,2,Standard,Standard,165,-0.058,-0.21,61.6,5.2,,0.21,,0,0,0.558,0.558,26,28,26,28,1,3,3,1,3,1,0.74,0.36,-0.36,59.9,-28.03225420946881,54.08898949288791,43.19077987616618,37.36072516465363,-11.04834981105764
FF,2026-03-29,95.4,-3.37,4.98,"Semien, Marcus",543760,670990,,ball,,,,,12,Ball,R,R,R,NYM,PIT,B,,,1,1,2026,-1.19,1.29,1.196208040099435,3.2213139260328267,,,,2,6,Bot,,,,,,,14.701972611515881,-138.09112926674246,-1.6700882970503863,-18.860895325156267,35.51789338850877,-15.630656824726563,3.212106299,1.621062992,,,,95.4,2376,6.9,823647,680779,687462,664040,693304,669707,663968,665833,656811,53.55,,,,,,,,50,3,4-Seam Fastball,2,2,2,2,2,2,2,2,Standard,Standard,242,0.003,0.053,,,,-0.053,,0,0,0.516,0.516,31,35,31,36,1,2,3,1,2,1,1.27,1.19,1.19,18.7,,,,,
FF,2026-03-29,94.2,-1.39,5.56,"Polanco, Jorge",593871,669387,,foul,,,,,9,Foul,R,L,R,NYM,PIT,S,,,1,0,2026,-0.57,1.21,0.6878048742892516,1.9772109807088305,,,,0,2,Bot,,,,,,,6.614570495543394,-136.70945495397672,-5.960126148390232,-8.835038282474061,36.64708067405849,-15.87502665706884,3.191043307,1.610433071,258,107,15,93.4,2077,6.5,823647,680779,687462,664040,693304,669707,663968,665833,656811,54.03,,,,,,,,13,2,4-Seam Fastball,0,1,0,1,1,0,0,1,Standard,Standard,222,-0.005,-0.05,75.8,7.9,,0.05,107.0,-1,-1,0.447,0.447,27,32,27,33,1,0,,1,6,1,1.42,0.57,-0.57,37.6,9.856666702518611,-26.205922319796848,35.500157705008036,30.590770312890058,34.8430317207939
FS,2026-03-29,85.9,-1.51,5.41,"Polanco, Jorge",593871,669387,,ball,,,,,14,Ball,R,L,R,NYM,PIT,B,,,1,1,2026,-0.78,0.04,0.36035742394204684,1.309814235171137,,,,0,2,Bot,,,,,,,6.003414450320916,-124.99784640068304,-3.280671380499376,-9.429022959863023,26.701414114405466,-31.30313409860245,3.191043307,1.610433071,,,,86.1,1776,6.5,823647,680779,687462,664040,693304,669707,663968,665833,656811,53.96,,,,,,,,13,3,Split-Finger,0,1,0,1,1,0,0,1,Standard,Strategic,241,0.005,0.055,,,,-0.055,,-1,-1,0.442,0.442,27,32,27,33,1,0,,1,6,1,3.07,0.78,-0.78,35.4,,,,,
SI,2026-03-29,95.4,-3.48,4.99,"Semien, Marcus",543760,670990,,swinging_strike,,,,,13,Swinging Strike,R,R,R,NYM,PIT,S,,,2,1,2026,-1.78,0.19,-1.5140177533478247,1.9949670848409493,,,,2,6,Bot,,,,,,,9.322599105808123,-138.48188328523344,-2.3645384693243665,-25.103358825592068,37.00601707354927,-29.36734431930614,3.212106299,1.621062992,,,,95.9,2162,7.2,823647,680779,687462,664040,693304,669707,663968,665833,656811,53.34,,,,,,,,50,4,Sinker,2,2,2,2,2,2,2,2,Infield shade,Standard,234,-0.005,-0.073,46.0,6.5,,0.073,,0,0,0.519,0.519,31,35,31,36,1,2,3,1,2,1,2.37,1.78,1.78,21.1,-4.198081825722579,5.745472700270294,48.005617394615776,14.920205183001078,13.47360096497119
ST,2026-03-29,84.2,-3.41,5.19,"Semien, Marcus",543760,670990,field_out,hit_into_play,,,,,12,Marcus Semien flies out to left fielder Jake Mangum.,R,R,R,NYM,PIT,X,7,fly_ball,2,2,2026,1.42,0.58,0.9648487118349078,2.9592823319826014,,,,2,6,Bot,85.69,104.8,,,,,7.255255255524447,-122.4485531081407,0.31038721663943303,12.576072226895793,27.063880170449835,-26.668990749221532,3.212106299,1.621062992,256,79,42,85.3,2676,7.3,823647,680779,687462,664040,693304,669707,663968,665833,656811,53.21,0.051,0.062,0,1,0,0,3,50,5,Sweeper,2,2,2,2,2,2,2,2,Standard,Standard,85,-0.014,-0.224,62.3,7.9,0.091,0.224,88.0,0,0,0.514,0.514,31,35,31,36,1,2,3,1,2,1,2.67,-1.42,-1.42,23.7,25.47836507543434,-3.3833548373795894,29.676393793763303,42.94633051968524,34.435992481022296
FS,2026-03-29,85.6,-1.51,5.42,"Polanco, Jorge",593871,669387,field_out,hit_into_play,,,,,7,"Jorge Polanco grounds out, first baseman Spencer Horwitz to pitcher Carmen Mlodzinski.",R,L,R,NYM,PIT,X,3,ground_ball,2,1,2026,-0.8,-0.06,-0.31849975375698825,1.7051715217569483,,,,0,2,Bot,152.95,159.82,,,,,4.432686762123152,-124.52259809510409,-2.061112216781146,-9.23700850448048,27.771920681125792,-32.555022497001104,3.191043307,1.610433071,6,85.5,-18,85.4,1800,6.4,823647,680779,687462,664040,693304,669707,663968,665833,656811,54.07,0.07,0.068,0,1,0,0,2,13,4,Split-Finger,0,1,0,1,1,0,0,1,Standard,Strategic,245,-0.029,-0.305,62.1,7.8,0.088,0.305,88.0,-1,-1,0.447,0.447,27,32,27,33,1,0,,1,6,1,3.2,0.8,-0.8,33.8,3.7259294892081645,-8.857592062756662,30.772805476594197,42.19530365041421,29.75770052661178
SI,2026-03-29,93.3,-1.65,5.29,"Robert Jr., Luis",673357,669387,,called_strike,,,,,1,Called Strike,R,R,R,NYM,PIT,S,,,0,0,2026,-1.36,0.58,-0.3087169124575,2.9124030755514223,,,,1,2,Bot,,,,,,,6.475103865827305,-135.71147166259377,-1.4256341229598863,-18.18570066135084,32.528216206739714,-24.89580390423467,3.310400263,1.670669291,,,,93.3,1971,6.6,823647,680779,687462,664040,693304,669707,663968,665833,656811,53.95,,,,,,,,14,1,Sinker,0,1,0,1,1,0,0,1,Standard,Standard,230,-0.003,-0.039,,,,0.039,,-1,-1,0.418,0.418,27,28,27,29,1,0,,1,6,1,2.06,1.36,1.36,30.5,,,,,
SI,2026-03-29,93.8,-1.57,5.33,"Robert Jr., Luis",673357,669387,,foul,,,,,4,Foul,R,R,R,NYM,PIT,S,,,0,1,2026,-1.43,0.53,-0.6446040719525041,2.485248896029964,,,,1,2,Bot,,,,,,,5.604965308144692,-136.4760542159426,-2.582209670297314,-19.142282844202136,32.86750146633892,-25.24349035718292,3.310400263,1.670669291,,,,93.8,1929,6.5,823647,680779,687462,664040,693304,669707,663968,665833,656811,53.99,,,,,,,,14,2,Sinker,0,1,0,1,1,0,0,1,Standard,Standard,226,-0.004,-0.052,72.9,6.6,,0.052,,-1,-1,0.415,0.415,27,28,27,29,1,0,,1,6,1,2.08,1.43,1.43,33.2,-5.724057949171576,20.555600849672338,37.48323320310972,31.580281804268637,13.377388716369614
CU,2026-03-29,83.9,-1.25,5.5,"Robert Jr., Luis",673357,669387,,ball,,,,,14,Ball,R,R,R,NYM,PIT,B,,,0,2,2026,0.81,-1.02,1.2962326536806457,-0.0858987535709006,,,,1,2,Bot,,,,,,,4.20501840404366,-122.17214848255442,-4.157372641370867,7.162785373380127,25.38385496875614,-41.7233093884558,3.310400263,1.670669291,,,,84,2598,6.4,823647,680779,687462,664040,693304,669707,663968,665833,656811,54.08,,,,,,,,14,3,Curveball,0,1,0,1,1,0,0,1,Standard,Standard,37,0.002,0.017,,,,-0.017,,-1,-1,0.411,0.411,27,28,27,29,1,0,,1,6,1,4.27,-0.81,-0.81,39.2,,,,,
SI,2026-03-29,93.8,-1.7,5.18,"Robert Jr., Luis",673357,669387,single,hit_into_play,,,,,4,"Luis Robert Jr. singles on a line drive to left fielder Jake Mangum, deflected by third baseman Nick Gonzales.",R,R,R,NYM,PIT,X,5,line_drive,1,2,2026,-1.5,0.29,-0.6343252380040847,2.412746197774659,,,,1,2,Bot,106.2,167.9,,,,,6.104059080652782,-136.42450499509104,-1.8293878144539661,-20.013996761305243,32.3234447095785,-28.42149780597509,3.310400263,1.670669291,149,101.3,8,93.8,1962,6.5,823647,680779,687462,664040,693304,669707,663968,665833,656811,53.98,0.669,0.628,0.9,1,1,0,4,14,4,Sinker,0,1,0,1,1,0,0,1,Standard,Standard,231,0.033,0.489,76.1,7.3,0.772,-0.489,101.3,-1,-1,0.413,0.413,27,28,27,29,1,0,,1,6,1,2.32,1.5,1.5,28.9,10.79752127427292,-0.004893777799924868,41.92835156153689,29.066492217396718,28.17567136435001
FF,2026-03-29,95,-1.27,5.71,"Baty, Brett",683146,669387,single,hit_into_play,,,,,7,Brett Baty singles on a ground ball to center fielder Oneil Cruz. Luis Robert Jr. to 3rd.,R,L,R,NYM,PIT,X,8,ground_ball,0,0,2026,-0.98,1.1,-0.30470020127154396,1.908782524596822,,,673357,1,2,Bot,134.07,147.63,,,,,4.74750371322345,-138.0368733800003,-6.521549955180581,-13.640935889873921,33.50556880522657,-16.8472157006167,3.327952756,1.679527559,7,107.1,-15,94.7,1946,6.4,823647,680779,687462,664040,693304,669707,663968,665833,656811,54.09,0.184,0.166,0.9,1,1,0,2,15,1,4-Seam Fastball,0,1,0,1,1,0,0,1,Standard,Standard,222,0.071,0.406,73.8,7.4,0.186,-0.406,107.1,-1,-1,0.446,0.446,27,26,27,27,1,0,,1,6,1,1.45,0.98,-0.98,39.0,0.5830861022252043,14.144165873873316,35.884708184337384,40.373103295744656,23.512035998431696
SI,2026-03-29,96,-1.49,5.51,"Semien, Marcus",543760,669387,,foul,,,,,5,Foul,R,R,R,NYM,PIT,S,,,0,0,2026,-1.24,0.65,0.05650230554835778,2.6223415510318304,673357,,683146,1,2,Bot,,,,,,,6.922714635932203,-139.73566789468407,-3.3904419876970455,-17.738567889123544,29.468714115061605,-23.060105012014823,3.212106299,1.621062992,191,70.1,50,96.8,2012,6.6,823647,680779,687462,664040,693304,669707,663968,665833,656811,53.94,,,,,,,,16,1,Sinker,0,1,0,1,1,0,0,1,Standard,Standard,221,-0.011,-0.041,64.5,7.1,,0.041,88.0,-1,-1,0.517,0.517,27,35,27,36,1,0,,1,6,1,1.81,1.24,1.24,34.9,3.4904233329830854,16.574486800713803,35.11133648151077,32.90982840204809,19.877398821031953
SI,2026-03-29,92.3,-1.61,5.34,"Semien, Marcus",543760,669387,sac_fly,hit_into_play,,,,,4,Marcus Semien out on a sacrifice fly to center fielder Oneil Cruz. Luis Robert Jr. scores.,R,R,R,NYM,PIT,X,8,fly_ball,0,1,2026,-1.39,0.47,-0.5509815147591537,2.240009071533799,673357,,683146,1,2,Bot,115.4,57.48,,,,,5.7693740764185035,-134.35275314610075,-2.9397396924967287,-18.10794706540715,28.56867417795882,-26.040786665500573,3.212106299,1.621062992,352,96.1,29,92.8,1896,6.5,823647,680779,687462,664040,693304,669707,663968,665833,656811,53.95,,0.398,0,1,0,0,5,16,2,Sinker,0,1,0,1,1,1,1,1,Standard,Standard,237,0.018,-0.097,65.5,7.6,,0.097,96.1,-1,-1,0.506,0.506,27,35,27,36,1,0,,1,6,1,2.2,1.39,1.39,30.1,18.596897971720907,-3.863678786531846,39.89131631609273,25.784691298088966,28.88620946324447
FF,2026-03-29,94.4,-1.43,5.69,"Benge, Carson",701807,669387,,ball,,,,,11,Ball,R,L,R,NYM,PIT,B,,,0,0,2026,-0.6,1.27,-0.0025570838935200513,3.578865334177607,,,683146,2,2,Bot,,,,,,,5.041057528888941,-137.39123354179844,-2.4801969187005706,-8.754762121866282,32.68671999101268,-15.755306531668355,3.259498032,1.644980315,,,,94.3,2052,6.4,823647,680779,687462,664040,693304,669707,663968,665833,656811,54.13,,,,,,,,17,1,4-Seam Fastball,1,1,1,1,1,1,1,1,Standard,Standard,221,0.002,0.035,,,,-0.035,,0,0,0.524,0.524,27,23,27,23,1,0,,1,6,1,1.3,0.6,-0.6,38.2,,,,,
FF,2026-03-29,95.7,-1.38,5.54,"Benge, Carson",701807,669387,,foul,,,,,1,Foul,R,L,R,NYM,PIT,S,,,1,0,2026,-0.86,1.16,-0.3113122342666981,3.0409937252017345,,,683146,2,2,Bot,,,,,,,4.763251752634357,-139.26151758197165,-3.420934183769082,-12.22228040884886,33.49614775530906,-16.558414517120852,3.259498032,1.644980315,227,75.9,27,95.7,2083,6.4,823647,680779,687462,664040,693304,669707,663968,665833,656811,54.05,,,,,,,,17,2,4-Seam Fastball,1,1,1,1,1,1,1,1,Infield shade,Standard,213,-0.003,-0.05,73.0,6.3,,0.05,88.0,0,0,0.526,0.526,27,23,27,23,1,0,,1,6,1,1.34,0.86,-0.86,36.7,-0.1977424409300808,10.235756489332406,26.369106722053747,40.546214905358966,29.82903882418918
FF,2026-03-29,95.2,-1.47,5.58,"Benge, Carson",701807,669387,field_error,hit_into_play,,,,,8,"Pirates challenged (play at 1st), call on the field was upheld: Carson Benge reaches on a fielding error by shortstop Jared Triolo. Brett Baty to 2nd.",R,L,R,NYM,PIT,X,6,ground_ball,1,1,2026,-0.9,0.93,-0.26282520413458377,2.0331524950517794,,,683146,2,2,Bot,113.3,154.72,,,,,5.1919988349066495,-138.40482738971573,-5.483068718940006,-12.801981577735532,35.57758720241419,-19.22491179738128,3.259498032,1.644980315,26,108.9,-3,94.8,2037,6.5,823647,680779,687462,664040,693304,669707,663968,665833,656811,54.04,0.437,0.393,0.9,1,0,0,4,17,3,4-Seam Fastball,1,1,1,1,1,1,1,1,Standard,Standard,221,0.023,0.363,73.7,6.4,0.445,-0.363,108.9,0,0,0.523,0.523,27,23,27,23,1,0,,1,6,1,1.63,0.9,-0.9,37.3,-7.279288096896627,14.078744897099732,32.361567918310115,39.62769198251087,26.409371097114565
SI,2026-03-29,94,-1.55,5.2,"Torrens, Luis",620443,669387,,called_strike,,,,,8,Called Strike,R,R,R,NYM,PIT,S,,,0,0,2026,-1.41,0.7,0.12130251568719363,2.0119689551256856,,683146,701807,2,2,Bot,,,,,,,7.484063585486302,-136.5182521267243,-3.8031684216546284,-19.295348215243802,34.69510995538446,-22.837159490062945,3.178756562,1.604232283,,,,93.8,1896,6.6,823647,680779,687462,664040,693304,669707,663968,665833,656811,53.87,,,,,,,,18,1,Sinker,1,1,1,1,1,1,1,1,Standard,Standard,232,-0.007,-0.047,,,,0.047,,0,0,0.546,0.546,27,30,27,30,1,0,,1,6,2,1.93,1.41,1.41,31.2,,,,,
SI,2026-03-29,93.6,-1.55,5.16,"Torrens, Luis",620443,669387,,called_strike,,,,,6,Called Strike,R,R,R,NYM,PIT,S,,,0,1,2026,-1.52,0.48,0.7748165097492667,2.5614846691074673,,683146,701807,2,2,Bot,,,,,,,9.373861949414334,-135.91766510894655,-1.7811564483518225,-21.0253448040006,33.59922879055919,-26.022371688406146,3.178756562,1.604232283,,,,93.4,1875,6.6,823647,680779,687462,664040,693304,669707,663968,665833,656811,53.9,,,,,,,,18,2,Sinker,1,1,1,1,1,1,1,1,Standard,Standard,232,-0.011,-0.057,,,,0.057,,0,0,0.539,0.539,27,30,27,30,1,0,,1,6,2,2.16,1.52,1.52,28.1,,,,,
SL,2026-03-29,90.6,-1.6,5.29,"Torrens, Luis",620443,669387,,blocked_ball,,,,,14,Ball In Dirt,R,R,R,NYM,PIT,B,,,0,2,2026,0.11,0.4,1.4263581338132578,0.12849394070096043,,683146,701807,2,2,Bot,,,,,,,7.231921027625319,-131.62187543219676,-7.5283574938983016,-0.3421926004546706,29.075664654066724,-26.04649512134584,3.178756562,1.604232283,,,,90.7,2298,6.5,823647,680779,687462,664040,693304,669707,663968,665833,656811,53.98,,,,,,,,18,3,Slider,1,1,1,1,1,1,1,1,Standard,Standard,208,0.004,0.012,,,,-0.012,,0,0,0.528,0.528,27,30,27,30,1,0,,1,6,2,2.39,-0.11,-0.11,31.2,,,,,
FS,2026-03-29,84.3,-1.55,5.29,"Torrens, Luis",620443,669387,,foul,,,,,14,Foul,R,R,R,NYM,PIT,S,,,1,2,2026,-0.67,-0.17,0.20975791260905063,1.447282360090719,,683146,701807,2,2,Bot,,,,,,,5.411947114185991,-122.65681083455092,-1.9360661888016826,-7.855834879495014,25.793594130520223,-33.69721249464194,3.178756562,1.604232283,,,,84.4,1605,6.5,823647,680779,687462,664040,693304,669707,663968,665833,656811,53.98,,,,,,,,18,4,Split-Finger,1,1,1,1,1,1,1,1,Standard,Standard,258,0,0,60.4,8.1,,0,,0,0,0.532,0.532,27,30,27,30,1,0,,1,6,2,3.39,0.67,0.67,33.2,24.546586216260003,-7.741400336743461,31.482972805581205,40.53476403403912,33.91823216470597
FF,2026-03-29,95.4,-1.56,5.26,"Torrens, Luis",620443,669387,strikeout,called_strike,,,,,6,Luis Torrens called out on strikes.,R,R,R,NYM,PIT,S,2,,1,2,2026,-0.87,0.99,0.409184919979371,2.3420481118928125,,683146,701807,2,2,Bot,,,,,,,7.1304108605634875,-138.63802764802298,-4.0653046856384,-12.92117246273611,34.46663628733669,-18.66679723915306,3.178756562,1.604232283,,,,95.4,1990,6.6,823647,680779,687462,664040,693304,669707,663968,665833,656811,53.88,,0,0,1,0,0,,18,5,4-Seam Fastball,1,1,1,1,1,1,1,1,Standard,Standard,234,-0.032,-0.191,,,,0.191,,0,0,0.532,0.532,27,30,27,30,1,0,,1,6,2,1.54,0.87,0.87,29.8,,,,,
CU,2026-03-29,82.1,-1.21,5.64,"Lindor, Francisco",596019,669387,,ball,,,,,14,Ball,R,L,R,NYM,PIT,B,,,0,0,2026,0.75,-0.93,1.2444682453480753,1.711276554134253,,,,0,3,Bot,,,,,,,3.996712288223754,-119.43825568251258,-0.20205350892356155,6.270956691260407,26.088805159056825,-41.140335126406164,3.107668963,1.568356299,,,,81.7,2472,6.4,823647,680779,687462,664040,693304,669707,663968,665833,656811,54.15,,,,,,,,25,1,Curveball,1,2,1,2,2,1,1,2,Standard,Standard,37,0.004,0.041,,,,-0.041,,-1,-1,0.437,0.437,27,32,27,33,2,1,,1,6,1,4.35,-0.75,0.75,44.1,,,,,
FF,2026-03-29,93.4,-1.53,5.47,"Lindor, Francisco",596019,669387,,called_strike,,,,,4,Called Strike,R,L,R,NYM,PIT,S,,,1,0,2026,-0.92,0.87,-0.6284305128351174,2.3736336614083124,,,,0,3,Bot,,,,,,,4.360174774792154,-135.96939819082186,-3.9841276004952957,-12.318607978399342,29.9844727360837,-20.69797459839643,3.107668963,1.568356299,,,,93.9,1971,6.6,823647,680779,687462,664040,693304,669707,663968,665833,656811,53.94,,,,,,,,25,2,4-Seam Fastball,1,2,1,2,2,1,1,2,Standard,Standard,224,-0.005,-0.05,,,,0.05,,-1,-1,0.441,0.441,27,32,27,33,2,1,,1,6,1,1.74,0.92,-0.92,36.3,,,,,
FF,2026-03-29,93.2,-1.54,5.45,"Lindor, Francisco",596019,669387,,called_strike,,,,,3,Called Strike,R,L,R,NYM,PIT,S,,,1,1,2026,-0.72,1.06,0.5444769896466466,3.114339595785898,,,,0,3,Bot,,,,,,,6.925937057405196,-135.4975159823339,-2.3731313476502414,-10.451916225096571,31.864475999739824,-18.867966389232134,3.107668963,1.568356299,,,,93.4,2011,6.6,823647,680779,687462,664040,693304,669707,663968,665833,656811,53.88,,,,,,,,25,3,4-Seam Fastball,1,2,1,2,2,1,1,2,Standard,Standard,221,-0.007,-0.061,,,,0.061,,-1,-1,0.436,0.436,27,32,27,33,2,1,,1,6,1,1.59,0.72,-0.72,34.5,,,,,
FF,2026-03-29,94.1,-1.52,5.43,"Lindor, Francisco",596019,669387,,ball,,,,,11,Ball,R,L,R,NYM,PIT,B,,,1,2,2026,-0.96,1.06,-0.7208361771422451,3.355151405727778,,,,0,3,Bot,,,,,,,4.270254132244169,-136.9942646863525,-1.8665961922499852,-13.09677525599238,32.98569943085222,-18.69959953849047,3.107668963,1.568356299,,,,94.4,2024,6.7,823647,680779,687462,664040,693304,669707,663968,665833,656811,53.85,,,,,,,,25,4,4-Seam Fastball,1,2,1,2,2,1,1,2,Standard,Standard,225,0.004,0.043,,,,-0.043,,-1,-1,0.429,0.429,27,32,27,33,2,1,,1,6,1,1.53,0.96,-0.96,35.4,,,,,
CU,2026-03-29,83.3,-1.38,5.5,"Lindor, Francisco",596019,669387,,ball,,,,,14,Ball,R,L,R,NYM,PIT,B,,,2,2,2026,1.09,-0.74,1.4524522602758854,1.71196811577361,,,,0,3,Bot,,,,,,,4.239625586422939,-121.21374079270602,-0.49737302549213736,9.814957799984724,24.854972358737722,-39.5704719652038,3.107668963,1.568356299,,,,83.3,2469,6.4,823647,680779,687462,664040,693304,669707,663968,665833,656811,54.13,,,,,,,,25,5,Curveball,1,2,1,2,2,1,1,2,Standard,Standard,38,0.011,0.112,,,,-0.112,,-1,-1,0.433,0.433,27,32,27,33,2,1,,1,6,1,4.04,-1.09,1.09,37.5,,,,,
FF,2026-03-29,94.4,-1.46,5.49,"Lindor, Francisco",596019,669387,strikeout,swinging_strike,,,,,2,Francisco Lindor strikes out swinging.,R,L,R,NYM,PIT,S,2,,3,2,2026,-0.68,1.04,0.12227920928709801,2.6977126780637715,,,,0,3,Bot,,,,,,,5.627530905301993,-137.3390697132695,-3.7348837100961196,-9.851152967216109,30.367867292533724,-18.41836838752651,3.107668963,1.568356299,,,,94.9,2062,6.6,823647,680779,687462,664040,693304,669707,663968,665833,656811,53.92,,0,0,1,0,0,,25,6,4-Seam Fastball,1,2,1,2,2,1,1,2,Strategic,Standard,222,-0.035,-0.345,67.6,5.9,,0.345,,-1,-1,0.444,0.444,27,32,27,33,2,1,,1,6,1,1.52,0.68,-0.68,36.6,-7.652679745587526,31.42526821166322,35.82221221497611,31.346383725445065,14.460862770562791
FF,2026-03-29,94.6,-1.53,5.47,"Soto, Juan",665742,669387,,foul,,,,,7,Foul,R,L,R,NYM,PIT,S,,,0,0,2026,-0.95,0.94,-0.5510499566106647,1.9649733859021241,,,,1,3,Bot,,,,,,,4.697035066399882,-137.59951760610886,-5.355172452947692,-13.095961546113397,31.703509125751697,-19.280652894465877,3.259498032,1.644980315,217,86.1,56,94.9,2063,6.6,823647,680779,687462,664040,693304,669707,663968,665833,656811,53.91,,,,,,,,26,1,4-Seam Fastball,1,2,1,2,2,1,1,2,Infield shade,Standard,225,-0.003,-0.039,72.1,7.3,,0.039,88.0,-1,-1,0.409,0.409,27,27,27,28,2,1,,1,6,1,1.62,0.95,-0.95,35.9,3.4958946871913303,14.420946489340507,30.688172157203955,46.77829104703338,17.021897807579776
CU,2026-03-29,83.2,-1.42,5.43,"Soto, Juan",665742,669387,,ball,,,,,13,Ball,R,L,R,NYM,PIT,B,,,0,1,2026,0.46,-1.01,-0.6325901987407453,0.5385124825993448,,,,1,3,Bot,,,,,,,0.8720649019132987,-121.14506692021492,-2.493015569776875,4.348368854332491,24.505319076557402,-41.764701438298445,3.259498032,1.644980315,,,,83.4,2434,6.4,823647,680779,687462,664040,693304,669707,663968,665833,656811,54.06,,,,,,,,26,2,Curveball,1,2,1,2,2,1,1,2,Infield shade,Standard,31,0.002,0.029,,,,-0.029,,-1,-1,0.406,0.406,27,27,27,28,2,1,,1,6,1,4.3,-0.46,0.46,36.6,,,,,
SI,2026-03-29,93.5,-1.56,5.16,"Soto, Juan",665742,669387,,foul,,,,,8,Foul,R,L,R,NYM,PIT,S,,,1,1,2026,-1.6,0.52,-0.05807532567416107,1.7534367399986592,,,,1,3,Bot,,,,,,,7.460825103284051,-135.73184343699526,-3.8799742754754827,-21.401395009850656,34.98034730898025,-25.09427904104214,3.259498032,1.644980315,,,,93.3,2302,6.7,823647,680779,687462,664040,693304,669707,663968,665833,656811,53.81,,,,,,,,26,3,Sinker,1,2,1,2,2,1,1,2,Infield shade,Standard,236,-0.005,-0.064,74.2,7.9,,0.064,,-1,-1,0.408,0.408,27,27,27,28,2,1,,1,6,1,2.14,1.6,-1.6,28.4,22.550593928078005,-6.893234958821878,30.25750560767814,40.72885396928004,31.656511477686422
CU,2026-03-29,83.2,-1.32,5.58,"Soto, Juan",665742,669387,,foul,,,,,2,Foul,R,L,R,NYM,PIT,S,,,1,2,2026,0.74,-0.79,0.11163335417087694,3.0262698158578893,,,,1,3,Bot,,,,,,,1.746467011165908,-121.05395026691544,2.4549972165709675,6.812978915970543,27.265834507656685,-40.60583036353898,3.259498032,1.644980315,,,,82.7,2535,6.3,823647,680779,687462,664040,693304,669707,663968,665833,656811,54.2,,,,,,,,26,4,Curveball,1,2,1,2,2,1,1,2,Infield shade,Standard,39,0,0,72.1,7.3,,0,,-1,-1,0.403,0.403,27,27,27,28,2,1,,1,6,1,4.12,-0.74,0.74,38.2,27.61562464258739,-14.08845262246865,25.987814867879056,39.48806924824942,32.027541271692975
CU,2026-03-29,84.3,-1.35,5.55,"Soto, Juan",665742,669387,,ball,,,,,14,Ball,R,L,R,NYM,PIT,B,,,1,2,2026,0.47,-1.3,1.2598962639717297,1.1996239180356838,,,,1,3,Bot,,,,,,,5.056432142608179,-122.62688017074761,-0.7451122281650457,3.504510960193104,28.027814792000296,-45.187821486096375,3.259498032,1.644980315,,,,84,2475,6.4,823647,680779,687462,664040,693304,669707,663968,665833,656811,54.05,,,,,,,,26,5,Curveball,1,2,1,2,2,1,1,2,Infield shade,Standard,30,0.003,0.048,,,,-0.048,,-1,-1,0.403,0.403,27,27,27,28,2,1,,1,6,1,4.55,-0.47,0.47,38.9,,,,,
FS,2026-03-29,84.9,-1.46,5.36,"Soto, Juan",665742,669387,strikeout,swinging_strike,,,,,13,Juan Soto strikes out swinging.,R,L,R,NYM,PIT,S,2,,2,2,2026,-1.16,0,-0.0664583540596626,0.956485613647986,,,,1,3,Bot,,,,,,,5.593881516740944,-123.44174324049655,-3.6890804915738373,-12.944700637179423,25.998888938748383,-31.653910365307688,3.259498032,1.644980315,,,,85,1719,6.5,823647,680779,687462,664040,693304,669707,663968,665833,656811,54,,0,0,1,0,0,,26,6,Split-Finger,1,2,1,2,2,1,1,2,Infield shade,Standard,247,-0.016,-0.228,72.6,7.8,,0.228,,-1,-1,0.406,0.406,27,27,27,28,2,1,,1,6,1,3.19,1.16,-1.16,34.9,22.59818736167326,-20.490110013975542,34.289993693137035,40.40246832367674,38.70001720365385
CU,2026-03-29,84.1,-1.4,5.56,"Bichette, Bo",666182,669387,,called_strike,,,,,12,Called Strike,R,R,R,NYM,PIT,S,,,0,0,2026,0.63,-1.25,0.8351041346939367,2.563438954826716,,,,2,3,Bot,,,,,,,3.8378159902806632,-122.37989807975585,2.1947201563715604,5.603464756440028,24.443908112816377,-45.424194894076805,3.162081693,1.595816929,,,,84.2,2543,6.4,823647,680779,687462,664040,693304,669707,663968,665833,656811,54.12,,,,,,,,27,1,Curveball,1,2,1,2,2,1,1,2,Standard,Standard,38,-0.002,-0.043,,,,0.043,,-1,-1,0.39,0.39,27,28,27,28,2,1,,1,6,1,4.48,-0.63,-0.63,38.7,,,,,
SI,2026-03-29,94.4,-1.68,5.15,"Bichette, Bo",666182,669387,,foul,,,,,8,Foul,R,R,R,NYM,PIT,S,,,0,1,2026,-1.15,0.55,0.1777450388633386,1.7022543654768023,,,,2,3,Bot,,,,,,,7.418834710260539,-137.37746492366367,-4.379368742172237,-16.1892031580909,28.163334340257002,-24.417904363592704,3.162081693,1.595816929,264,87.1,25,95.4,2065,6.7,823647,680779,687462,664040,693304,669707,663968,665833,656811,53.83,,,,,,,,27,2,Sinker,1,2,1,2,2,1,1,2,Standard,Standard,234,-0.003,-0.057,68.4,6.5,,0.057,88.0,-1,-1,0.388,0.388,27,28,27,28,2,1,,1,6,1,1.99,1.15,1.15,27.7,-16.701671608624792,23.956644929609194,43.323792446711465,35.389962489902885,16.24225989454187
FF,2026-03-29,94.4,-1.47,5.4,"Bichette, Bo",666182,669387,,foul,,,,,12,Foul,R,R,R,NYM,PIT,S,,,0,2,2026,-0.86,1.1,0.03602670533717345,3.5691991353353885,,,,2,3,Bot,,,,,,,5.831419166991278,-137.3659434515173,-1.4089660356238398,-12.16593986874707,31.050347864533713,-18.129070564550215,3.162081693,1.595816929,259,81.8,41,94.8,2155,6.6,823647,680779,687462,664040,693304,669707,663968,665833,656811,53.92,,,,,,,,27,3,4-Seam Fastball,1,2,1,2,2,1,1,2,Standard,Standard,226,0,0,57.0,5.5,,0,88.0,-1,-1,0.385,0.385,27,28,27,28,2,1,,1,6,1,1.46,0.86,0.86,35.7,-13.207122676144673,28.74118437237877,28.693463306285548,33.58573942732496,7.044240336762714
SL,2026-03-29,90.1,-1.55,5.38,"Bichette, Bo",666182,669387,,ball,,,,,14,Ball,R,R,R,NYM,PIT,B,,,0,2,2026,0.2,0.4,1.5344157423287672,0.6275243890100586,,,,2,3,Bot,,,,,,,7.156066688605907,-130.86319363713812,-6.360032168605209,0.5678100581800023,31.21177174042396,-26.355757670696914,3.162081693,1.595816929,,,,90.1,2372,6.7,823647,680779,687462,664040,693304,669707,663968,665833,656811,53.83,,,,,,,,27,4,Slider,1,2,1,2,2,1,1,2,Standard,Strategic,210,0.001,0.022,,,,-0.022,,-1,-1,0.385,0.385,27,28,27,28,2,1,,1,6,1,2.45,-0.2,-0.2,41.2,,,,,
FF,2026-03-29,94.9,-1.39,5.48,"Bichette, Bo",666182,669387,strikeout,swinging_strike,,,,,12,Bo Bichette strikes out swinging.,R,R,R,NYM,PIT,S,2,,1,2,2026,-0.63,1.27,1.2664678860122578,2.6916710627476883,,,,2,3,Bot,,,,,,,8.32064300478916,-137.81489638847725,-4.276955256786513,-9.924401004962856,32.74719757811987,-15.293765521323568,3.162081693,1.595816929,,,,95.1,2031,6.7,823647,680779,687462,664040,693304,669707,663968,665833,656811,53.8,,0,0,1,0,0,,27,5,4-Seam Fastball,1,2,1,2,2,1,1,2,Standard,Strategic,220,-0.009,-0.182,67.9,7.1,,0.182,,-1,-1,0.386,0.386,27,28,27,28,2,1,,1,6,1,1.29,0.63,0.63,38.0,-5.7886869255395625,24.667223244800837,30.374051436291655,48.7476234214166,5.4584236527898575
FF,2026-03-29,94.1,-1.55,5.56,"Polanco, Jorge",593871,669387,,ball,,,,,11,Ball,R,L,R,NYM,PIT,B,,,0,0,2026,-1,1.3,-1.646471903779271,3.172151780025967,,,,0,4,Bot,,,,,,,2.003057596988473,-136.8368920831693,-3.1344680135068677,-12.852938266549183,36.00905341342456,-15.523592809677226,3.191043307,1.610433071,,,,93.5,2579,6.4,823647,680779,687462,664040,693304,669707,663968,665833,656811,54.06,,,,,,,,31,1,4-Seam Fastball,1,2,1,2,2,1,1,2,Standard,Standard,235,0.005,0.041,,,,-0.041,,-1,-1,0.428,0.428,27,32,27,33,2,1,,1,6,1,1.32,1,-1,36.9,,,,,
FS,2026-03-29,83.1,-1.59,5.42,"Polanco, Jorge",593871,669387,,foul,,,,,1,Foul,R,L,R,NYM,PIT,S,,,1,0,2026,-0.9,-0.14,-0.3229220393623219,2.7060870202746474,,,,0,4,Bot,,,,,,,4.69506439621014,-120.94751604991015,0.7952795352408772,-9.815485140706269,25.554633740748777,-33.99042790897262,3.191043307,1.610433071,158,61.7,52,83.1,1501,6.5,823647,680779,687462,664040,693304,669707,663968,665833,656811,54.04,,,,,,,,31,2,Split-Finger,1,2,1,2,2,1,1,2,Standard,Standard,250,-0.007,-0.05,65.0,6.5,,0.05,88.0,-1,-1,0.433,0.433,27,32,27,33,2,1,,1,6,1,3.47,0.9,-0.9,34.8,-2.0073031271083237,2.2843085111098205,25.81598188443716,40.95714391968275,23.19575279686079
FS,2026-03-29,84.7,-1.5,5.45,"Polanco, Jorge",593871,669387,,called_strike,,,,,4,Called Strike,R,L,R,NYM,PIT,S,,,1,1,2026,-0.77,0.06,-0.81828819141274,2.6553173335708458,,,,0,4,Bot,,,,,,,3.1621741151046883,-123.39676043607189,-0.09618666591117386,-8.497485961705024,24.994376692205645,-31.790152267909676,3.191043307,1.610433071,,,,85.2,1616,6.6,823647,680779,687462,664040,693304,669707,663968,665833,656811,53.94,,,,,,,,31,3,Split-Finger,1,2,1,2,2,1,1,2,Standard,Standard,259,-0.007,-0.061,,,,0.061,,-1,-1,0.426,0.426,27,32,27,33,2,1,,1,6,1,3.12,0.77,-0.77,34.7,,,,,
FS,2026-03-29,84.7,-1.44,5.49,"Polanco, Jorge",593871,669387,,ball,,,,,13,Ball,R,L,R,NYM,PIT,B,,,1,2,2026,-0.82,-0.08,-0.6498325038498465,0.6759710029146233,,,,0,4,Bot,,,,,,,3.493398191641898,-123.16899352554347,-4.401802379398791,-9.055381482151226,27.58615116069928,-32.19974142246069,3.191043307,1.610433071,,,,84.6,2059,6.5,823647,680779,687462,664040,693304,669707,663968,665833,656811,53.97,,,,,,,,31,4,Split-Finger,1,2,1,2,2,1,1,2,Infield shade,Standard,261,0.004,0.043,,,,-0.043,,-1,-1,0.419,0.419,27,32,27,33,2,1,,1,6,1,3.29,0.82,-0.82,35.2,,,,,
FF,2026-03-29,94.2,-1.45,5.49,"Polanco, Jorge",593871,669387,,ball,,,,,13,Ball,R,L,R,NYM,PIT,B,,,2,2,2026,-0.92,1.21,-1.444670830005748,1.7066188376085236,,,,0,4,Bot,,,,,,,2.1243701799628667,-136.86881089814176,-6.504428725265682,-11.97905776028539,36.785815016392135,-15.731273475790138,3.191043307,1.610433071,,,,93.6,2080,6.5,823647,680779,687462,664040,693304,669707,663968,665833,656811,53.97,,,,,,,,31,5,4-Seam Fastball,1,2,1,2,2,1,1,2,Infield shade,Standard,209,0.012,0.112,,,,-0.112,,-1,-1,0.423,0.423,27,32,27,33,2,1,,1,6,1,1.41,0.92,-0.92,35.8,,,,,
FS,2026-03-29,84.5,-1.59,5.38,"Polanco, Jorge",593871,669387,field_out,hit_into_play,,,,,13,"Jorge Polanco grounds out, second baseman Brandon Lowe to first baseman Spencer Horwitz.",R,L,R,NYM,PIT,X,4,ground_ball,3,2,2026,-0.6,-0.07,-0.18645817331865078,1.4479255940488924,,,,0,4,Bot,142.18,160.3,,,,,4.461931042705568,-122.9201367380212,-2.3610098590731297,-6.963495022018073,26.46344442983604,-32.647663677091806,3.191043307,1.610433071,16,76.5,-5,84.6,1613,6.5,823647,680779,687462,664040,693304,669707,663968,665833,656811,53.96,0.108,0.103,0,1,0,0,2,31,6,Split-Finger,1,2,1,2,2,1,1,2,Infield shade,Standard,252,-0.037,-0.345,72.7,7.9,0.118,0.345,88.0,-1,-1,0.435,0.435,27,32,27,33,2,1,,1,6,1,3.29,0.6,-0.6,34.0,11.116278793619738,-16.4465570661271,33.42086929040932,41.092088034022666,39.6378759370603
SI,2026-03-29,93.9,-1.66,5.09,"Robert Jr., Luis",673357,669387,,called_strike,,,,,9,Called Strike,R,R,R,NYM,PIT,S,,,0,0,2026,-1.5,0.44,0.27861518064488777,2.098953205122779,,,,1,4,Bot,,,,,,,8.380566722520873,-136.40656824154235,-2.758681885253662,-20.5699022447587,33.10116584183531,-26.23454165890524,3.310400263,1.670669291,,,,94,2001,6.7,823647,680779,687462,664040,693304,669707,663968,665833,656811,53.8,,,,,,,,32,1,Sinker,1,2,1,2,2,1,1,2,Standard,Standard,237,-0.003,-0.039,,,,0.039,,-1,-1,0.398,0.398,27,28,27,29,2,1,,1,6,1,2.17,1.5,1.5,26.2,,,,,
SL,2026-03-29,90.4,-1.67,5.34,"Robert Jr., Luis",673357,669387,single,hit_into_play,,,,,5,Luis Robert Jr. singles on a line drive to right fielder Ryan O'Hearn.,R,R,R,NYM,PIT,X,9,line_drive,0,1,2026,-0.02,0.4,-0.19701157133694963,2.3178801886852916,,,,1,4,Bot,195.45,123.98,,,,,3.692648274946004,-131.58177468771387,-2.225493954024082,-1.070220567243379,30.276950220742304,-27.25086836131654,3.310400263,1.670669291,233,79.2,23,90.5,2269,6.5,823647,680779,687462,664040,693304,669707,663968,665833,656811,53.96,0.714,0.674,0.9,1,1,0,4,32,2,Slider,1,2,1,2,2,1,1,2,Standard,Standard,203,0.037,0.453,77.6,6.8,0.829,-0.453,88.0,-1,-1,0.395,0.395,27,28,27,29,2,1,,1,6,1,2.41,0.02,0.02,31.8,-10.28782434324452,15.329990795420283,38.31970606583052,37.45053053299173,18.98282006573286
FS,2026-03-29,85.2,-1.63,5.53,"Baty, Brett",683146,669387,,ball,,,,,14,Ball,R,L,R,NYM,PIT,B,,,0,0,2026,-0.65,-0.62,0.5142017335610332,1.1019937864782068,,,673357,1,4,Bot,,,,,,,6.296763166756517,-123.94043278974894,-2.555718794065605,-7.976974059434292,25.726222635532796,-38.25622868700114,3.327952756,1.679527559,,,,85.2,1593,6.4,823647,680779,687462,664040,693304,669707,663968,665833,656811,54.1,,,,,,,,33,1,Split-Finger,1,2,1,2,2,1,1,2,Standard,Standard,255,0.005,0.035,,,,-0.035,,-1,-1,0.432,0.432,27,26,27,27,2,1,,1,6,1,3.77,0.65,-0.65,35.6,,,,,
FF,2026-03-29,94.3,-1.49,5.57,"Baty, Brett",683146,669387,,ball,,,,,11,Ball,R,L,R,NYM,PIT,B,,,1,0,2026,-0.85,1.04,-2.0511053755394477,3.432457961322118,,,673357,1,4,Bot,,,,,,,0.4885051978378956,-137.34749402215581,-2.008876202994145,-10.818632411437495,32.66447995472128,-18.834390488641816,3.327952756,1.679527559,,,,94.5,1958,6.5,823647,680779,687462,664040,693304,669707,663968,665833,656811,53.96,,,,,,,,33,2,4-Seam Fastball,1,2,1,2,2,1,1,2,Infield shade,Standard,220,0.01,0.068,,,,-0.068,,-1,-1,0.437,0.437,27,26,27,27,2,1,,1,6,1,1.53,0.85,-0.85,37.5,,,,,
FF,2026-03-29,94.9,-1.41,5.52,"Baty, Brett",683146,669387,,ball,,,,,12,Ball,R,L,R,NYM,PIT,B,,,2,0,2026,-1.04,1.03,0.05929487558742652,3.5819453438828273,,,673357,1,4,Bot,,,,,,,6.2127215076925,-138.07925687475182,-1.5230607290091833,-14.77785252029822,33.67492238905852,-18.993615332653754,3.327952756,1.679527559,,,,95.2,1995,6.7,823647,680779,687462,664040,693304,669707,663968,665833,656811,53.82,,,,,,,,33,3,4-Seam Fastball,1,2,1,2,2,1,1,2,Standard,Standard,217,0.015,0.097,,,,-0.097,,-1,-1,0.447,0.447,27,26,27,27,2,1,,1,6,1,1.52,1.04,-1.04,35.8,,,,,
FF,2026-03-29,94.8,-1.56,5.4,"Baty, Brett",683146,669387,,called_strike,,,,,4,Called Strike,R,L,R,NYM,PIT,S,,,3,0,2026,-0.88,0.98,-0.30121260405896466,2.393143312058606,,,673357,1,4,Bot,,,,,,,5.279964823939096,-137.89248324620587,-4.1661600925178375,-12.469926090802296,33.92267347864126,-19.012540256096326,3.327952756,1.679527559,,,,94.9,2017,6.6,823647,680779,687462,664040,693304,669707,663968,665833,656811,53.89,,,,,,,,33,4,4-Seam Fastball,1,2,1,2,2,1,1,2,Standard,Standard,227,-0.01,-0.05,,,,0.05,,-1,-1,0.462,0.462,27,26,27,27,2,1,,1,6,1,1.58,0.88,-0.88,35.6,,,,,
FS,2026-03-29,84.4,-1.53,5.38,"Baty, Brett",683146,669387,,called_strike,,,,,8,Called Strike,R,L,R,NYM,PIT,S,,,3,1,2026,-0.63,-0.03,-0.004417672400271688,2.06323484626764,,,673357,1,4,Bot,,,,,,,4.806071358979961,-122.76987746587781,-1.0290588916733514,-7.393496910417942,26.36142355791602,-32.46700134224879,3.327952756,1.679527559,,,,84.4,1548,6.5,823647,680779,687462,664040,693304,669707,663968,665833,656811,54,,,,,,,,33,5,Split-Finger,1,2,1,2,2,1,1,2,Standard,Standard,254,-0.013,-0.085,,,,0.085,,-1,-1,0.452,0.452,27,26,27,27,2,1,,1,6,1,3.25,0.63,-0.63,34.4,,,,,
FF,2026-03-29,95.5,-1.5,5.35,"Baty, Brett",683146,669387,single,hit_into_play,,,,,5,Brett Baty singles on a ground ball to center fielder Oneil Cruz. Luis Robert Jr. to 3rd.,R,L,R,NYM,PIT,X,8,ground_ball,3,2,2026,-0.89,1.1,0.19161366275817182,2.251526350534406,,,673357,1,4,Bot,134.07,141.04,,,,,6.4515098583453945,-138.83682093513804,-4.788711293646154,-12.977626874186152,35.1626256910869,-17.031898609024537,3.327952756,1.679527559,104,101.4,6,95.4,2037,6.6,823647,680779,687462,664040,693304,669707,663968,665833,656811,53.9,0.609,0.562,0.9,1,1,0,4,33,6,4-Seam Fastball,1,2,1,2,2,1,1,2,Standard,Standard,219,0.078,0.341,75.2,7.2,0.678,-0.341,101.4,-1,-1,0.439,0.439,27,26,27,27,2,1,,1,6,1,1.43,0.89,-0.89,34.7,1.7774737178225952,8.278379899538914,39.453121689803424,33.97202394090036,26.36545404269671
SI,2026-03-29,93.2,-1.73,5.11,"Semien, Marcus",543760,669387,,called_strike,,,,,7,Called Strike,R,R,R,NYM,PIT,S,,,0,0,2026,-1.48,0.42,-0.29129142356101156,2.0883262134617397,673357,,683146,1,4,Bot,,,,,,,7.019929602078223,-135.55718562514346,-2.7589826728005735,-19.822808800936265,29.70071047061212,-26.53520955918181,3.212106299,1.621062992,,,,93.8,1879,6.7,823647,680779,687462,664040,693304,669707,663968,665833,656811,53.81,,,,,,,,34,1,Sinker,1,2,1,2,2,1,1,2,Standard,Standard,231,-0.013,-0.041,,,,0.041,,-1,-1,0.517,0.517,27,35,27,36,2,1,,1,6,1,2.2,1.48,1.48,27.1,,,,,
FS,2026-03-29,83.3,-1.67,5.36,"Semien, Marcus",543760,669387,,ball,,,,,12,Ball,R,R,R,NYM,PIT,B,,,0,1,2026,-0.46,-0.3,0.06180259857410786,3.5734744221144177,673357,,683146,1,4,Bot,,,,,,,4.8552827293947285,-121.16903196653175,3.1378462634904007,-5.482192366228273,23.31211960343318,-36.01125078589796,3.212106299,1.621062992,,,,83.7,1401,6.5,823647,680779,687462,664040,693304,669707,663968,665833,656811,53.97,,,,,,,,34,2,Split-Finger,1,2,1,2,2,1,1,2,Standard,Standard,254,0.009,0.012,,,,-0.012,,-1,-1,0.504,0.504,27,35,27,36,2,1,,1,6,1,3.59,0.46,0.46,32.6,,,,,
FS,2026-03-29,84.1,-1.53,5.31,"Semien, Marcus",543760,669387,,foul,,,,,9,Foul,R,R,R,NYM,PIT,S,,,1,1,2026,-0.59,-0.31,0.28041247640292577,1.6589152666202578,673357,,683146,1,4,Bot,,,,,,,5.36643067167913,-122.35127154457399,-1.2313544540969532,-7.027335891947203,23.93186774182081,-35.21274109206139,3.212106299,1.621062992,2,71.9,-40,84.6,1538,6.6,823647,680779,687462,664040,693304,669707,663968,665833,656811,53.92,,,,,,,,34,3,Split-Finger,1,2,1,2,2,1,1,2,Standard,Standard,256,-0.023,-0.058,68.8,8.3,,0.058,88.0,-1,-1,0.513,0.513,27,35,27,36,2,1,,1,6,1,3.53,0.59,0.59,33.7,20.760563889967546,-8.457870543271566,35.48956756511678,36.16959751753479,38.09721503853717
FF,2026-03-29,94.7,-1.57,5.23,"Semien, Marcus",543760,669387,strikeout,swinging_strike,,,,,1,Marcus Semien strikes out swinging.,R,R,R,NYM,PIT,S,2,,1,2,2026,-1.06,1,-0.46191364316678873,3.041270517220628,673357,,683146,1,4,Bot,,,,,,,5.3019661538265215,-137.7164455693155,-2.101848033186025,-14.718197325738203,33.4106943918008,-19.21381649798273,3.212106299,1.621062992,,,,95,1922,6.7,823647,680779,687462,664040,693304,669707,663968,665833,656811,53.81,,0,0,1,0,0,,34,4,4-Seam Fastball,1,2,1,2,2,1,1,2,Standard,Standard,224,-0.062,-0.28,66.5,6.6,,0.28,,-1,-1,0.49,0.49,27,35,27,36,2,1,,1,6,1,1.56,1.06,1.06,31.5,3.770439139940699,17.442001051095463,38.348991630825296,27.149557492637538,17.444302970661088
FF,2026-03-29,95.9,-1.51,5.59,"Benge, Carson",701807,669387,,foul,,,,,2,Foul,R,L,R,NYM,PIT,S,,,0,0,2026,-1.03,1.16,-0.04107009554995078,2.988821709113386,673357,,683146,2,4,Bot,,,,,,,6.236815844956846,-139.40151222594096,-3.7282783106501096,-14.881890312421735,33.50200434068526,-16.379890907486303,3.259498032,1.644980315,,,,96.2,2024,6.7,823647,680779,687462,664040,693304,669707,663968,665833,656811,53.81,,,,,,,,35,1,4-Seam Fastball,1,2,1,2,2,1,1,2,Standard,Standard,221,-0.01,-0.035,75.0,6.4,,0.035,,-1,-1,0.428,0.428,27,23,27,23,2,1,,1,6,1,1.33,1.03,-1.03,38.6,0.44301310559293655,5.558234177624319,29.657582801925482,35.9306852752567,28.142253888921726
FF,2026-03-29,93.3,-1.65,5.27,"Benge, Carson",701807,669387,,ball,,,,,11,Ball,R,L,R,NYM,PIT,B,,,0,1,2026,-1.08,0.96,-1.5543741821855852,3.668398798040455,673357,,683146,2,4,Bot,,,,,,,2.6669836284205304,-135.79818760424007,-0.2760536966578364,-13.883759562906363,33.39683159607723,-20.593871064806365,3.259498032,1.644980315,,,,93.3,1950,6.6,823647,680779,687462,664040,693304,669707,663968,665833,656811,53.92,,,,,,,,35,2,4-Seam Fastball,1,2,1,2,2,1,1,2,Standard,Standard,228,0.007,0.007,,,,-0.007,,-1,-1,0.418,0.418,27,23,27,23,2,1,,1,6,1,1.69,1.08,-1.08,32.2,,,,,
FF,2026-03-29,94.4,-1.6,5.39,"Benge, Carson",701807,669387,,ball,,,,,11,Ball,R,L,R,NYM,PIT,B,,,1,1,2026,-0.84,0.96,-1.3302436500297412,4.343265038334615,673357,,683146,2,4,Bot,,,,,,,2.6263192197038423,-137.56878587721857,0.9082379689358117,-11.30173010328254,30.034578475051763,-20.40330016712687,3.259498032,1.644980315,,,,95,1975,6.5,823647,680779,687462,664040,693304,669707,663968,665833,656811,53.97,,,,,,,,35,3,4-Seam Fastball,1,2,1,2,2,1,1,2,Standard,Standard,223,0.006,0.03,,,,-0.03,,-1,-1,0.425,0.425,27,23,27,23,2,1,,1,6,1,1.59,0.84,-0.84,33.0,,,,,
FS,2026-03-29,84.4,-1.61,5.32,"Benge, Carson",701807,669387,field_out,hit_into_play,,,,,7,Carson Benge flies out to left fielder Jake Mangum.,R,L,R,NYM,PIT,X,7,fly_ball,2,1,2026,-0.61,-0.43,-0.7731793379515083,2.128774975030649,673357,,683146,2,4,Bot,66.85,98.4,,,,,3.1752259320102065,-122.891611991042,0.04963726665924617,-6.845028664241507,26.240210794314937,-36.70063473625083,3.259498032,1.644980315,289,89.7,26,84.4,1563,6.4,823647,680779,687462,664040,693304,669707,663968,665833,656811,54.06,0.097,0.129,0,1,0,0,3,35,4,Split-Finger,1,2,1,2,2,1,1,2,Standard,Standard,256,-0.069,-0.273,74.8,6.7,0.21,0.273,89.7,-1,-1,0.431,0.431,27,23,27,23,2,1,,1,6,1,3.64,0.61,-0.61,30.5,5.671194669743344,5.797889567021259,29.883908475481956,45.7486314977422,36.734093643606556
CU,2026-03-29,83.4,-1.43,5.53,"Torrens, Luis",620443,669387,,ball,,,,,14,Ball,R,R,R,NYM,PIT,B,,,0,0,2026,0.46,-0.44,1.512470226564372,0.6231400423496449,,,,0,5,Bot,,,,,,,5.772718727157065,-121.33338803811554,-3.737367989412976,3.4666828068249758,23.19310686713309,-35.9796966976428,3.178756562,1.604232283,,,,83.7,2540,6.4,823647,680779,687462,664040,693304,669707,663968,665833,656811,54.06,,,,,,,,40,1,Curveball,1,2,1,2,2,1,1,2,Standard,Standard,18,0.006,0.041,,,,-0.041,,-1,-1,0.415,0.415,27,30,27,30,2,1,,1,6,2,3.71,-0.46,-0.46,41.4,,,,,
SI,2026-03-29,91.9,-1.72,5.19,"Torrens, Luis",620443,669387,,foul,,,,,13,Foul,R,R,R,NYM,PIT,S,,,1,0,2026,-1.8,0.44,-1.0259823487179007,1.9787626720905873,,,,0,5,Bot,,,,,,,5.754116695641454,-133.57013163286493,-2.9539700344441235,-22.783554492772392,33.05321343824742,-26.4892188779904,3.178756562,1.604232283,,,,91.8,1960,6.6,823647,680779,687462,664040,693304,669707,663968,665833,656811,53.86,,,,,,,,40,2,Sinker,1,2,1,2,2,1,1,2,Standard,Standard,229,-0.008,-0.05,74.1,6.9,,0.05,,-1,-1,0.421,0.421,27,30,27,30,2,1,,1,6,2,2.3,1.8,1.8,27.6,6.608281815063137,3.3869737687300487,35.053729196142406,27.29355710683611,25.77954899258234
FS,2026-03-29,82.5,-1.6,5.42,"Torrens, Luis",620443,669387,field_out,hit_into_play,,,,,5,"Luis Torrens grounds out, shortstop Jared Triolo to first baseman Spencer Horwitz.",R,R,R,NYM,PIT,X,6,ground_ball,1,1,2026,-0.04,-0.36,0.14910155792294444,2.521811697515794,,,,0,5,Bot,111.27,161.31,,,,,4.015795849177646,-119.95448735515258,0.9580554338246938,-1.2567140118436073,26.251675790703636,-36.10124236574012,3.178756562,1.604232283,23,103.2,-5,82.4,1531,6.6,823647,680779,687462,664040,693304,669707,663968,665833,656811,53.93,0.368,0.331,0,1,0,0,2,40,3,Split-Finger,1,2,1,2,2,1,1,2,Standard,Standard,267,-0.031,-0.251,74.2,7.5,0.395,0.251,103.2,-1,-1,0.413,0.413,27,30,27,30,2,1,,1,6,2,3.75,0.04,0.04,34.9,12.642965227806249,0.356695894470839,27.317397897661568,40.81069367185796,33.426600595509974
FS,2026-03-29,83.8,-1.56,5.34,"Lindor, Francisco",596019,669387,triple,hit_into_play,,,,,7,Francisco Lindor triples (1) on a sharp line drive to right fielder Ryan O'Hearn.,R,L,R,NYM,PIT,X,9,line_drive,0,0,2026,-0.63,-0.24,-0.5439222465292978,1.6713015596544358,,,,1,5,Bot,167.77,56.62,,,,,3.61040712944446,-122.02526519617187,-1.3211615506887224,-7.002732915877718,25.50731427314521,-34.50018087699705,3.107668963,1.568356299,383,103.2,20,84,1452,6.5,823647,680779,687462,664040,693304,669707,663968,665833,656811,53.95,0.543,0.713,1.6,1,1,2,5,41,1,Split-Finger,1,2,1,2,2,1,1,2,Standard,Standard,259,0.107,1.074,75.4,7.6,1.169,-1.074,103.2,-1,-1,0.382,0.382,27,32,27,33,3,2,,1,6,1,3.5,0.63,-0.63,32.4,10.368149626118514,-4.058168431022191,36.12180038609227,38.430572325040046,34.11370899021131
FF,2026-03-29,93.9,-1.6,5.59,"Soto, Juan",665742,669387,,ball,,,,,11,Ball,R,L,R,NYM,PIT,B,,,0,0,2026,-0.67,0.87,-2.2208599282070716,3.489993285540777,596019,,,1,5,Bot,,,,,,,-0.07105248683777166,-136.70837442003048,-1.44541719641883,-8.359032483175447,32.9912365903385,-21.251129610998024,3.259498032,1.644980315,,,,93.9,1893,6.5,823647,680779,687462,664040,693304,669707,663968,665833,656811,54.03,,,,,,,,42,1,4-Seam Fastball,1,2,1,2,2,1,1,2,Strategic,Standard,227,0.003,0.026,,,,-0.026,,-1,-1,0.489,0.489,27,27,27,28,3,2,,1,6,1,1.73,0.67,-0.67,36.4,,,,,
FF,2026-03-29,93.1,-1.56,5.26,"Soto, Juan",665742,669387,,called_strike,,,,,4,Called Strike,R,L,R,NYM,PIT,S,,,1,0,2026,-1.51,0.59,-0.6824931845137476,2.345472578445727,596019,,,1,5,Bot,,,,,,,5.625274863413891,-135.32113382713078,-2.678034547506676,-19.731782692079705,36.32964464066515,-24.597657705628006,3.259498032,1.644980315,,,,92.6,2490,6.6,823647,680779,687462,664040,693304,669707,663968,665833,656811,53.94,,,,,,,,42,2,4-Seam Fastball,1,2,1,2,2,1,1,2,Strategic,Standard,202,-0.008,-0.046,,,,0.046,,-1,-1,0.492,0.492,27,27,27,28,3,2,,1,6,1,2.1,1.51,-1.51,35.8,,,,,
FF,2026-03-29,93.6,-1.87,5.12,"Soto, Juan",665742,669387,,ball,,,,,12,Ball,R,L,R,NYM,PIT,B,,,1,1,2026,-1.03,0.94,1.003948725424415,3.9180027209929795,596019,,,1,5,Bot,,,,,,,9.679000653411675,-135.94979260896713,0.6968158285506261,-14.879522903804455,29.10868176180556,-20.876208593386163,3.259498032,1.644980315,,,,94.1,1961,6.7,823647,680779,687462,664040,693304,669707,663968,665833,656811,53.85,,,,,,,,42,3,4-Seam Fastball,1,2,1,2,2,1,1,2,Strategic,Standard,234,0.008,0.027,,,,-0.027,,-1,-1,0.484,0.484,27,27,27,28,3,2,,1,6,1,1.67,1.03,-1.03,27.8,,,,,
CU,2026-03-29,83.5,-1.44,5.48,"Soto, Juan",665742,669387,,swinging_strike,,,,,14,Swinging Strike,R,L,R,NYM,PIT,S,,,2,1,2026,0.32,-0.66,0.8640021831629157,1.4816140623132683,596019,,,1,5,Bot,,,,,,,4.609520504075847,-121.58346586747277,-1.2432339476188086,2.291453892018017,23.247907141510456,-38.66011418845481,3.259498032,1.644980315,,,,83.9,2439,6.5,823647,680779,687462,664040,693304,669707,663968,665833,656811,54.01,,,,,,,,42,4,Curveball,1,2,1,2,2,1,1,2,Strategic,Standard,37,-0.017,-0.09,70.9,6.9,,0.09,,-1,-1,0.492,0.492,27,27,27,28,3,2,,1,6,1,3.91,-0.32,0.32,38.2,9.805675786481217,-5.754177657849307,34.60358952148793,28.283312698997374,29.312833087533658
CU,2026-03-29,83.2,-1.44,5.59,"Soto, Juan",665742,669387,single,hit_into_play,,,,,8,Juan Soto singles on a line drive to right fielder Ryan O'Hearn. Francisco Lindor scores.,R,L,R,NYM,PIT,X,9,line_drive,2,2,2026,0.49,-0.77,-0.033310045240188546,1.7935914099775019,596019,,,1,5,Bot,200.8,110.83,,,,,2.215314288060062,-121.24225915199506,-0.4870627974699431,4.402373610470365,23.847139190392646,-39.891170628429705,3.259498032,1.644980315,285,94.7,20,83.6,2500,6.5,823647,680779,687462,664040,693304,669707,663968,665833,656811,54,0.309,0.342,0.9,1,1,0,4,42,5,Curveball,1,2,1,2,2,2,2,2,Strategic,Standard,39,0.094,0.542,73.6,7.4,0.514,-0.542,94.7,-1,-1,0.475,0.475,27,27,27,28,3,2,,1,6,1,4.06,-0.49,0.49,39.5,21.721618031106825,-9.214890905606362,28.57688074626792,39.41509580385704,34.27290488057654
