"﻿""pitch_type""",game_date,release_speed,release_pos_x,release_pos_z,player_name,batter,pitcher,events,description,spin_dir,spin_rate_deprecated,break_angle_deprecated,break_length_deprecated,zone,des,game_type,stand,p_throws,home_team,away_team,type,hit_location,bb_type,balls,strikes,game_year,pfx_x,pfx_z,plate_x,plate_z,on_3b,on_2b,on_1b,outs_when_up,inning,inning_topbot,hc_x,hc_y,tfs_deprecated,tfs_zulu_deprecated,umpire,sv_id,vx0,vy0,vz0,ax,ay,az,sz_top,sz_bot,hit_distance_sc,launch_speed,launch_angle,effective_speed,release_spin_rate,release_extension,game_pk,fielder_2,fielder_3,fielder_4,fielder_5,fielder_6,fielder_7,fielder_8,fielder_9,release_pos_y,estimated_ba_using_speedangle,estimated_woba_using_speedangle,woba_value,woba_denom,babip_value,iso_value,launch_speed_angle,at_bat_number,pitch_number,pitch_name,home_score,away_score,bat_score,fld_score,post_away_score,post_home_score,post_bat_score,post_fld_score,if_fielding_alignment,of_fielding_alignment,spin_axis,delta_home_win_exp,delta_run_exp,bat_speed,swing_length,estimated_slg_using_speedangle,delta_pitcher_run_exp,hyper_speed,home_score_diff,bat_score_diff,home_win_exp,bat_win_exp,age_pit_legacy,age_bat_legacy,age_pit,age_bat,n_thruorder_pitcher,n_priorpa_thisgame_player_at_bat,pitcher_days_since_prev_game,batter_days_since_prev_game,pitcher_days_until_next_game,batter_days_until_next_game,api_break_z_with_gravity,api_break_x_arm,api_break_x_batter_in,arm_angle,attack_angle,attack_direction,swing_path_tilt,intercept_ball_minus_batter_pos_x_inches,intercept_ball_minus_batter_pos_y_inches
FF,2026-04-03,96.8,-2.49,6,"Alvarez, Francisco",682626,668873,,ball,,,,,11,Ball,R,R,R,SF,NYM,B,,,0,0,2026,-0.16,1.53,-0.4167020763735664,4.348580618437779,,,701807,2,9,Top,,,,,,,5.877650705506699,-140.89762370015853,-2.2578657870032606,-3.479177592948654,34.11927623513429,-11.535631471172952,3.120833333,1.575,,,,97.3,2399,6.7,823240,672275,666464,650333,656305,642715,671218,664056,808982,53.77,,,,,,,,76,1,4-Seam Fastball,3,10,10,3,10,3,10,3,Strategic,Standard,203,0,0.035,,,,-0.035,,-7,7,0.001,0.999,29,24,29,25,1,4,2,1,1,2,0.91,0.16,0.16,49.0,,,,,
SL,2026-04-03,85.4,0.94,6.48,"Baty, Brett",683146,657424,,foul,,,,,8,Foul,R,L,L,SF,NYM,S,,,0,0,2026,-0.3,0.47,0.05370144629550044,1.746113271606017,666182,,673357,1,7,Top,,,,,,,-1.4432901500185904,-124.32290719344849,-5.620345152869801,-2.8817413606815148,22.9856130153165,-26.41537713822349,3.327952756,1.679527559,3,68.1,-36,85.9,2285,6.4,823240,672275,666464,650333,656305,642715,671218,664056,808982,54.11,,,,,,,,53,1,Slider,2,7,7,2,7,2,7,2,Strategic,Standard,193,0.001,-0.041,72.9,8.1,,0.041,88.0,-5,5,0.023,0.977,33,26,33,27,1,3,4,2,3,1,2.63,-0.3,-0.3,49.0,18.837286765698774,-5.952417997737253,40.53297724425902,34.89676354108212,31.20500644550683
SI,2026-04-03,93.5,-2.39,6.31,"Vientos, Mark",668901,664141,,ball,,,,,13,Ball,R,R,R,SF,NYM,B,,,0,0,2026,-1.56,1,-0.727545118622583,1.2040195434952516,,,,0,6,Top,,,,,,,7.6284195470984715,-135.68775799005536,-9.25814286969443,-20.968348879411554,29.488219001449057,-17.899025575225227,3.340239501,1.685728347,,,,92.3,2190,5.7,823240,672275,666464,650333,656305,642715,671218,664056,808982,54.77,,,,,,,,39,1,Sinker,0,5,5,0,5,0,5,0,Infield shade,Standard,226,-0.001,0.041,,,,-0.041,,-5,5,0.048,0.952,32,26,33,27,1,2,3,1,2,1,1.62,1.56,1.56,48.2,,,,,
CH,2026-04-03,86.1,2.01,6.13,"Robert Jr., Luis",673357,669062,,swinging_strike,,,,,14,Swinging Strike,R,R,L,SF,NYM,S,,,0,0,2026,1.55,0.28,0.8331629861185048,1.2117674355024253,,,,0,9,Top,,,,,,,-6.0012428587554805,-125.15625240403992,-5.733743061772384,17.516488508665642,26.44444488248838,-28.236259405436126,3.310400263,1.670669291,,,,86.3,2023,6.6,823240,672275,666464,650333,656305,642715,671218,664056,808982,53.9,,,,,,,,71,1,Changeup,3,8,8,3,8,3,8,3,Infield shade,Standard,100,0,-0.039,68.3,9.2,,0.039,,-5,5,0.006,0.994,28,28,28,29,1,4,6,1,2,2,2.81,1.55,-1.55,25.7,23.703306505343154,-28.52179949016292,36.0351137874517,49.26097635649963,39.58663439095123
FF,2026-04-03,90.5,-1.8,5.58,"Lindor, Francisco",596019,641816,,ball,,,,,11,Ball,R,L,R,SF,NYM,B,,,0,0,2026,-0.76,1.42,-0.8815924931399313,2.9940916116078315,,,,0,1,Top,,,,,,,3.9448235788464237,-131.69745697173562,-3.4066257755534695,-9.705233465303277,28.77109958266002,-15.18025401682657,3.107668963,1.568356299,,,,90.8,2203,6.5,823240,672275,666464,650333,656305,642715,671218,664056,808982,53.95,,,,,,,,1,1,4-Seam Fastball,0,0,0,0,0,0,0,0,Infield shade,Standard,214,-0.004,0.041,,,,-0.041,,0,0,0.5,0.5,31,32,32,33,1,0,6,1,5,1,1.37,0.76,-0.76,41.5,,,,,
SL,2026-04-03,83.9,0.9,6.43,"Baty, Brett",683146,657424,,foul,,,,,13,Foul,R,L,L,SF,NYM,S,,,0,1,2026,-0.45,0.26,-0.560249380983445,1.215045995397407,666182,,673357,1,7,Top,,,,,,,-2.4395695955483694,-122.17839980636933,-6.019525150801794,-4.112724241104458,21.232230764799024,-28.72141293317741,3.327952756,1.679527559,1,66.6,-36,84.7,2280,6.5,823240,672275,666464,650333,656305,642715,671218,664056,808982,53.99,,,,,,,,53,2,Slider,2,7,7,2,7,2,7,2,Strategic,Standard,271,0.003,-0.073,72.7,8.6,,0.073,88.0,-5,5,0.024,0.976,33,26,33,27,1,3,4,2,3,1,2.95,-0.45,-0.45,47.9,21.26529432806448,-4.269215674143706,38.85838424120462,41.97110144621586,33.55957795256718
SI,2026-04-03,91.8,-2.41,6.35,"Vientos, Mark",668901,664141,,ball,,,,,13,Ball,R,R,R,SF,NYM,B,,,1,0,2026,-1.47,0.98,-1.6627533413780173,1.9459771551962106,,,,0,6,Top,,,,,,,5.06420100069924,-133.51855123042563,-7.128760840271784,-18.729303935342525,29.24270764957256,-19.057428658850046,3.340239501,1.685728347,,,,90.9,2149,5.8,823240,672275,666464,650333,656305,642715,671218,664056,808982,54.71,,,,,,,,39,2,Sinker,0,5,5,0,5,0,5,0,Infield shade,Standard,228,-0.001,0.077,,,,-0.077,,-5,5,0.047,0.953,32,26,33,27,1,2,3,1,2,1,1.73,1.47,1.47,44.2,,,,,
FF,2026-04-03,90.1,-1.78,5.48,"Lindor, Francisco",596019,641816,,called_strike,,,,,4,Called Strike,R,L,R,SF,NYM,S,,,1,0,2026,-0.81,1.55,-0.46803069162829813,2.0438209671351677,,,,0,1,Top,,,,,,,5.0090244552811125,-130.98465093591852,-5.708725383521235,-10.442197876084787,28.25534497934338,-13.31314412272562,3.107668963,1.568356299,,,,90.6,2285,6.7,823240,672275,666464,650333,656305,642715,671218,664056,808982,53.8,,,,,,,,1,2,4-Seam Fastball,0,0,0,0,0,0,0,0,Infield shade,Standard,212,0.005,-0.05,,,,0.05,,0,0,0.496,0.504,31,32,32,33,1,0,6,1,5,1,1.27,0.81,-0.81,41.0,,,,,
FF,2026-04-03,95.9,-2.45,5.99,"Alvarez, Francisco",682626,668873,,ball,,,,,11,Ball,R,R,R,SF,NYM,B,,,1,0,2026,-0.16,1.31,-0.3323231336468966,3.7114783868082784,,,701807,2,9,Top,,,,,,,5.925427313578493,-139.60246575233546,-3.2921353608633064,-3.401896986672242,31.73639052782879,-14.49039630475575,3.120833333,1.575,,,,96.6,2421,6.7,823240,672275,666464,650333,656305,642715,671218,664056,808982,53.83,,,,,,,,76,2,4-Seam Fastball,3,10,10,3,10,3,10,3,Strategic,Standard,205,0,0.048,,,,-0.048,,-7,7,0.001,0.999,29,24,29,25,1,4,2,1,1,2,1.17,0.16,0.16,47.6,,,,,
CH,2026-04-03,86.6,1.97,5.93,"Robert Jr., Luis",673357,669062,,ball,,,,,14,Ball,R,R,L,SF,NYM,B,,,0,1,2026,1.42,0.23,0.6292685135676368,0.6292327344281587,,,,0,9,Top,,,,,,,-6.145694523647376,-125.89033958900082,-6.675483687077544,16.34249950121921,26.722992533515065,-28.45696141460343,3.310400263,1.670669291,,,,87.1,1940,6.7,823240,672275,666464,650333,656305,642715,671218,664056,808982,53.76,,,,,,,,71,2,Changeup,3,8,8,3,8,3,8,3,Infield shade,Standard,101,0,0.031,,,,-0.031,,-5,5,0.006,0.994,28,28,28,29,1,4,6,1,2,2,2.82,1.42,-1.42,23.1,,,,,
FS,2026-04-03,82.9,-1.78,5.53,"Lindor, Francisco",596019,641816,,ball,,,,,13,Ball,R,L,R,SF,NYM,B,,,1,1,2026,-1.16,0.32,-1.1782539800390646,0.9533550729081188,,,,0,1,Top,,,,,,,3.6812233034318074,-120.68164593429314,-4.408089084310113,-12.049510144954956,22.04497064979765,-28.46791690274673,3.107668963,1.568356299,,,,83.5,1536,6.5,823240,672275,666464,650333,656305,642715,671218,664056,808982,53.98,,,,,,,,1,3,Split-Finger,0,0,0,0,0,0,0,0,Infield shade,Standard,229,-0.005,0.055,,,,-0.055,,0,0,0.501,0.499,31,32,32,33,1,0,6,1,5,1,2.98,1.16,-1.16,40.4,,,,,
SI,2026-04-03,96.5,-2.38,5.91,"Alvarez, Francisco",682626,668873,,called_strike,,,,,9,Called Strike,R,R,R,SF,NYM,S,,,2,0,2026,-1.25,1.01,0.6046996684559178,1.7273965534663562,,,701807,2,9,Top,,,,,,,10.76698422066127,-139.9099827333382,-7.650876422659762,-18.82489558131878,31.65246484210816,-17.292704151700857,3.120833333,1.575,,,,96.9,2473,6.7,823240,672275,666464,650333,656305,642715,671218,664056,808982,53.8,,,,,,,,76,3,Sinker,3,10,10,3,10,3,10,3,Strategic,Standard,207,0,-0.044,,,,0.044,,-7,7,0.001,0.999,29,24,29,25,1,4,2,1,1,2,1.46,1.25,1.25,49.0,,,,,
FF,2026-04-03,92.1,0.2,6.76,"Baty, Brett",683146,657424,,ball,,,,,12,Ball,R,L,L,SF,NYM,B,,,0,2,2026,0.21,1.4,0.3110477306961273,4.533852484732607,666182,,673357,1,7,Top,,,,,,,-0.1780227961058888,-134.14728521030716,-2.6990081852806282,2.584997006910085,31.052971871013437,-15.004833750621373,3.327952756,1.679527559,,,,91.6,2130,6.1,823240,672275,666464,650333,656305,642715,671218,664056,808982,54.43,,,,,,,,53,3,4-Seam Fastball,2,7,7,2,7,2,7,2,Strategic,Standard,166,-0.001,0.026,,,,-0.026,,-5,5,0.027,0.973,33,26,33,27,1,3,4,2,3,1,1.3,0.21,0.21,55.3,,,,,
SI,2026-04-03,93.3,-2.31,6.34,"Vientos, Mark",668901,664141,,ball,,,,,14,Ball,R,R,R,SF,NYM,B,,,2,0,2026,-1.47,0.96,0.9187130388721709,1.237711719278366,,,,0,6,Top,,,,,,,11.30890135059843,-135.15009839706005,-9.112387493920647,-20.415051682017022,28.807389425733483,-18.534108279958343,3.340239501,1.685728347,,,,92.2,2197,5.8,823240,672275,666464,650333,656305,642715,671218,664056,808982,54.68,,,,,,,,39,3,Sinker,0,5,5,0,5,0,5,0,Infield shade,Standard,225,-0.002,0.152,,,,-0.152,,-5,5,0.046,0.954,32,26,33,27,1,2,3,1,2,1,1.68,1.47,1.47,46.0,,,,,
FF,2026-04-03,97.4,1.47,6.64,"Robert Jr., Luis",673357,669062,,ball,,,,,11,Ball,R,R,L,SF,NYM,B,,,1,1,2026,0.65,1.25,-0.12031628962721563,4.260423857151028,,,,0,9,Top,,,,,,,-5.750041586535842,-141.68018711087703,-3.5752398361469515,10.094365472759812,35.59272270069452,-14.759616285008473,3.310400263,1.670669291,,,,97.5,2273,6.6,823240,672275,666464,650333,656305,642715,671218,664056,808982,53.91,,,,,,,,71,3,4-Seam Fastball,3,8,8,3,8,3,8,3,Infield shade,Standard,134,0,0.055,,,,-0.055,,-5,5,0.006,0.994,28,28,28,29,1,4,6,1,2,2,1.17,0.65,-0.65,40.0,,,,,
FS,2026-04-03,83.5,-1.69,5.58,"Lindor, Francisco",596019,641816,,swinging_strike,,,,,13,Swinging Strike,R,L,R,SF,NYM,S,,,2,1,2026,-1.15,0.52,-0.4834122490479593,1.1365702546015957,,,,0,1,Top,,,,,,,5.065956960288552,-121.5421192974949,-4.62595084429805,-12.427113130794343,22.6351144512226,-26.342326627160723,3.107668963,1.568356299,,,,84,1522,6.5,823240,672275,666464,650333,656305,642715,671218,664056,808982,54.01,,,,,,,,1,4,Split-Finger,0,0,0,0,0,0,0,0,Infield shade,Standard,224,0.007,-0.073,75.0,8.5,,0.073,,0,0,0.496,0.504,31,32,32,33,1,0,6,1,5,1,2.74,1.15,-1.15,44.1,27.29812235463039,-32.73920708656765,35.93013983193586,37.71193283436503,46.59313070333573
FF,2026-04-03,97,-2.5,5.98,"Alvarez, Francisco",682626,668873,,foul,,,,,1,Foul,R,R,R,SF,NYM,S,,,2,1,2026,-0.15,1.3,-0.3019674094940544,2.871344541594559,,,701807,2,9,Top,,,,,,,6.184284546132739,-141.0187366669019,-5.6197097222645835,-3.4372503338374685,32.42434974048062,-13.695004997583723,3.120833333,1.575,216,79.8,57,97.6,2445,6.7,823240,672275,666464,650333,656305,642715,671218,664056,808982,53.82,,,,,,,,76,4,4-Seam Fastball,3,10,10,3,10,3,10,3,Strategic,Standard,205,0,-0.093,70.3,6.5,,0.093,88.0,-7,7,0.001,0.999,29,24,29,25,1,4,2,1,1,2,1.13,0.15,0.15,46.9,-1.309223982922773,8.776549661009634,23.659160471512376,36.08733132097389,20.945177463367937
SL,2026-04-03,85.3,0.96,6.31,"Baty, Brett",683146,657424,,blocked_ball,,,,,13,Ball In Dirt,R,L,L,SF,NYM,B,,,1,2,2026,-0.42,0.36,-0.23110426241111093,0.9019066542590175,666182,,673357,1,7,Top,,,,,,,-1.9114592824667511,-124.20737636819484,-6.963151070940295,-4.008294464845186,22.320040035832008,-27.359812273668712,3.327952756,1.679527559,,,,86,2413,6.5,823240,672275,666464,650333,656305,642715,671218,664056,808982,54.04,,,,,,,,53,4,Slider,2,7,7,2,7,2,7,2,Strategic,Standard,216,-0.002,0.033,,,,-0.033,,-5,5,0.026,0.974,33,26,33,27,1,3,4,2,3,1,2.74,-0.42,-0.42,47.0,,,,,
SI,2026-04-03,93.9,-2.39,6.4,"Vientos, Mark",668901,664141,,called_strike,,,,,4,Called Strike,R,R,R,SF,NYM,S,,,3,0,2026,-1.44,0.96,-0.4225226461301159,2.412049426486596,,,,0,6,Top,,,,,,,8.184705781431996,-136.34900319865693,-6.434057045855667,-19.82323074898353,30.203046115041133,-18.931839017294806,3.340239501,1.685728347,,,,92.9,2205,5.8,823240,672275,666464,650333,656305,642715,671218,664056,808982,54.66,,,,,,,,39,4,Sinker,0,5,5,0,5,0,5,0,Infield shade,Standard,223,0.001,-0.09,,,,0.09,,-5,5,0.044,0.956,32,26,33,27,1,2,3,1,2,1,1.64,1.44,1.44,44.7,,,,,
CH,2026-04-03,87.6,1.92,6.05,"Robert Jr., Luis",673357,669062,,ball,,,,,12,Ball,R,R,L,SF,NYM,B,,,2,1,2026,1.4,0.33,1.7096185865487308,2.9550269596168253,,,,0,9,Top,,,,,,,-3.471864113300434,-127.44926963879645,-1.777933155122497,15.977988404739435,28.44424447944511,-28.39568134665691,3.310400263,1.670669291,,,,87.6,1919,6.5,823240,672275,666464,650333,656305,642715,671218,664056,808982,54,,,,,,,,71,4,Changeup,3,8,8,3,8,3,8,3,Infield shade,Standard,100,0,0.134,,,,-0.134,,-5,5,0.006,0.994,28,28,28,29,1,4,6,1,2,2,2.66,1.4,-1.4,24.8,,,,,
FF,2026-04-03,92.1,0.42,6.65,"Baty, Brett",683146,657424,strikeout,swinging_strike,,,,,11,Brett Baty strikes out swinging.,R,L,L,SF,NYM,S,2,,2,2,2026,0.13,1.35,-0.0422445859607927,3.727519075884164,666182,,673357,1,7,Top,,,,,,,-1.4479400592366833,-134.08776099734217,-4.408877686549463,1.8876273695026753,27.888964939809302,-15.079320701939624,3.327952756,1.679527559,,,,92.2,1936,6.2,823240,672275,666464,650333,656305,642715,671218,664056,808982,54.26,,0,0,1,0,0,,53,5,4-Seam Fastball,2,7,7,2,7,2,7,2,Strategic,Standard,158,0.008,-0.313,72.7,6.0,,0.313,,-5,5,0.024,0.976,33,26,33,27,1,3,4,2,3,1,1.32,0.13,0.13,55.0,3.452366348791415,24.240726557873035,29.177498531591205,36.296607654741315,18.27239816803663
FS,2026-04-03,83.7,-1.75,5.6,"Lindor, Francisco",596019,641816,,foul,,,,,4,Foul,R,L,R,SF,NYM,S,,,2,2,2026,-1.32,0.45,-0.3367013868462836,2.0559668917399767,,,,0,1,Top,,,,,,,5.8956387255750045,-121.79444670139114,-2.4440214224725434,-14.258560191882678,23.594358820417078,-27.468317991472198,3.107668963,1.568356299,,,,84.1,1481,6.5,823240,672275,666464,650333,656305,642715,671218,664056,808982,53.98,,,,,,,,1,5,Split-Finger,0,0,0,0,0,0,0,0,Infield shade,Standard,225,0,0,68.9,7.9,,0,,0,0,0.503,0.497,31,32,32,33,1,0,6,1,5,1,2.8,1.32,-1.32,43.9,28.986979821906466,-24.16498290479936,30.872250347616113,35.93833547765591,44.73779796984056
KC,2026-04-03,82.2,-2.44,6,"Alvarez, Francisco",682626,668873,strikeout,swinging_strike,,,,,14,Francisco Alvarez strikes out swinging.,R,R,R,SF,NYM,S,2,,2,2,2026,0.67,-1.35,0.8165221054808796,-0.3348502131170239,,,701807,2,9,Top,,,,,,,5.948880918364587,-119.42058631829605,-4.686161065110076,4.989438541437889,27.325009877880614,-44.08836430445469,3.120833333,1.575,,,,,,,823240,672275,666464,650333,656305,642715,671218,664056,808982,54.13,,0,0,1,0,0,,76,5,Knuckle Curve,3,10,10,3,10,3,10,3,Strategic,Standard,,0,-0.216,,,,0.216,,-7,7,0.001,0.999,29,24,29,25,1,4,2,1,1,2,4.79,-0.67,-0.67,,,,,,
SI,2026-04-03,93.5,-2.19,6.4,"Vientos, Mark",668901,664141,walk,ball,,,,,14,Mark Vientos walks.,R,R,R,SF,NYM,B,,,3,1,2026,-1.24,0.78,1.1311794324897788,2.1375351396240574,,,,0,6,Top,,,,,,,11.088203907289405,-135.66504802711546,-6.694828716302164,-17.596646956850822,27.350845395886548,-21.201058617713116,3.340239501,1.685728347,,,,92.7,2256,5.8,823240,672275,666464,650333,656305,642715,671218,664056,808982,54.69,,0.709062,0.7,1,0,0,,39,5,Sinker,0,5,5,0,5,0,5,0,Infield shade,Standard,220,-0.004,0.262,,,,-0.262,,-5,5,0.045,0.955,32,26,33,27,1,2,3,1,2,1,1.82,1.24,1.24,53.6,,,,,
SI,2026-04-03,94.2,1.62,6.39,"Robert Jr., Luis",673357,669062,walk,ball,,,,,12,Luis Robert Jr. walks.,R,R,L,SF,NYM,B,,,3,1,2026,1.5,0.72,1.117877568582865,4.031484993355435,,,,0,9,Top,,,,,,,-4.714929495929543,-137.04308732273165,-1.8373856936187958,19.898717528549998,32.935971008096935,-22.901082487935167,3.310400263,1.670669291,,,,94.4,2212,6.6,823240,672275,666464,650333,656305,642715,671218,664056,808982,53.9,,0.709062,0.7,1,0,0,,71,5,Sinker,3,8,8,3,8,3,8,3,Infield shade,Standard,125,-0.001,0.262,,,,-0.262,,-5,5,0.006,0.994,28,28,28,29,1,4,6,1,2,2,1.86,1.5,-1.5,33.6,,,,,
CH,2026-04-03,83.2,0.79,6.36,"Vientos, Mark",668901,657424,,ball,,,,,12,Ball,R,R,L,SF,NYM,B,,,0,0,2026,0.88,0.15,1.813304448432319,2.6453316211055364,666182,,673357,2,7,Top,,,,,,,0.5611658435626677,-121.18542748982614,-2.147376723115576,8.522930179281227,24.11970151045023,-30.447448887054737,3.340239501,1.685728347,,,,83.3,1106,6.4,823240,672275,666464,650333,656305,642715,671218,664056,808982,54.14,,,,,,,,54,1,Changeup,2,7,7,2,7,2,7,2,Infield shade,Standard,136,0,0.009,,,,-0.009,,-5,5,0.032,0.968,33,26,33,27,1,3,4,1,3,1,3.14,0.88,-0.88,46.7,,,,,
SL,2026-04-03,86.7,-2.39,6.47,"Semien, Marcus",543760,664141,,swinging_strike,,,,,9,Swinging Strike,R,R,R,SF,NYM,S,,,0,0,2026,-0.07,0.08,0.5035977473870903,1.6568505853758952,,,668901,0,6,Top,,,,,,,6.8819683103558,-126.18035163051363,-5.234465478915645,-1.969762660097316,22.39100632954723,-30.568010459408775,3.212106299,1.621062992,,,,86.1,2576,5.6,823240,672275,666464,650333,656305,642715,671218,664056,808982,54.88,,,,,,,,40,1,Slider,0,5,5,0,5,0,5,0,Infield shade,Standard,248,0.001,-0.043,69.6,8.3,,0.043,,-5,5,0.041,0.959,32,35,33,36,1,2,3,1,2,1,2.92,0.07,0.07,52.2,26.87984979808759,-31.2630552480621,35.76815932761113,36.13602804935357,50.16090684494902
SI,2026-04-03,95.5,1.47,6.44,"Baty, Brett",683146,669062,,swinging_strike,,,,,14,Swinging Strike,R,L,L,SF,NYM,S,,,0,0,2026,1.44,0.91,1.147907862611974,2.2068058303268554,,,673357,0,9,Top,,,,,,,-4.147979463013183,-138.72898570971847,-7.3080114997848105,19.41258773522027,34.46129610949025,-18.88162059690724,3.327952756,1.679527559,,,,95.5,2228,6.6,823240,672275,666464,650333,656305,642715,671218,664056,808982,53.89,,,,,,,,72,1,Sinker,3,8,8,3,8,3,8,3,Standard,Standard,135,0,-0.043,68.7,6.5,,0.043,,-5,5,0.005,0.995,28,26,28,27,1,4,6,2,2,1,1.62,1.44,1.44,34.7,4.436930384634801,7.840130723170326,38.90255218335942,23.074105758131303,23.139611361300638
FC,2026-04-03,86.6,-1.87,5.41,"Lindor, Francisco",596019,641816,single,hit_into_play,,,,,7,Francisco Lindor singles on a line drive to left fielder Heliot Ramos.,R,L,R,SF,NYM,X,7,line_drive,2,2,2026,0.25,0.75,-0.8037001004932333,1.8743523771539679,,,,0,1,Top,89.99,111.14,,,,,2.0215593475132936,-126.07249202365323,-3.5920963823013556,2.228784893035243,25.905024011412944,-23.637127761049936,3.107668963,1.568356299,153,98.7,7,87.2,2214,6.6,823240,672275,666464,650333,656305,642715,671218,664056,808982,53.86,0.62,0.577,0.9,1,1,0,4,1,6,Cutter,0,0,0,0,0,0,0,0,Infield shade,Standard,191,-0.039,0.465,68.8,6.9,0.697,-0.465,98.7,0,0,0.503,0.497,31,32,32,33,1,0,6,1,5,1,2.29,-0.25,0.25,38.5,5.421510180643412,12.874287674844107,32.09321025653757,41.78433351757982,24.2153291412006
SL,2026-04-03,84.8,0.82,6.34,"Vientos, Mark",668901,657424,,blocked_ball,,,,,13,Ball In Dirt,R,R,L,SF,NYM,B,,,1,0,2026,-0.42,0.14,-0.32499139466249305,0.5079816493498246,666182,,673357,2,7,Top,,,,,,,-1.7980840669066405,-123.45320236693374,-7.351279286042811,-3.9492619153197666,23.56162125970599,-29.500886176792857,3.340239501,1.685728347,,,,85.2,2385,6.5,823240,672275,666464,650333,656305,642715,671218,664056,808982,54.05,,,,,,,,54,2,Slider,2,7,7,2,7,2,7,2,Infield shade,Standard,236,-0.001,0.023,,,,-0.023,,-5,5,0.032,0.968,33,26,33,27,1,3,4,1,3,1,3.01,-0.42,0.42,48.0,,,,,
FF,2026-04-03,90.7,-1.93,5.37,"Soto, Juan",665742,641816,,called_strike,,,,,4,Called Strike,R,L,R,SF,NYM,S,,,0,0,2026,-0.91,1.42,-0.3375576622838483,2.324007424100143,,,596019,0,1,Top,,,,,,,5.968626683881959,-131.95258886990007,-4.6060965968308345,-11.85557824957849,28.25354226311028,-14.804458536213996,3.259498032,1.644980315,,,,91.5,2200,6.8,823240,672275,666464,650333,656305,642715,671218,664056,808982,53.68,,,,,,,,2,1,4-Seam Fastball,0,0,0,0,0,0,0,0,Infield shade,Standard,225,0.005,-0.043,,,,0.043,,0,0,0.464,0.536,31,27,32,28,1,0,6,1,5,,1.35,0.91,-0.91,40.9,,,,,
SL,2026-04-03,87.6,-2.27,6.46,"Semien, Marcus",543760,664141,,called_strike,,,,,9,Called Strike,R,R,R,SF,NYM,S,,,0,1,2026,-0.14,0.1,0.8160800739331857,1.8187883027456238,,,668901,0,6,Top,,,,,,,7.563775157403428,-127.344477542826,-5.032011825003234,-2.992105689594115,24.418013649676656,-30.251817518857333,3.212106299,1.621062992,,,,86.9,2599,5.7,823240,672275,666464,650333,656305,642715,671218,664056,808982,54.75,,,,,,,,40,2,Slider,0,5,5,0,5,0,5,0,Infield shade,Standard,203,0.001,-0.053,,,,0.053,,-5,5,0.042,0.958,32,35,33,36,1,2,3,1,2,1,2.86,0.14,0.14,46.5,,,,,
SL,2026-04-03,86.6,1.35,6.46,"Baty, Brett",683146,669062,,blocked_ball,,,,,14,Ball In Dirt,R,L,L,SF,NYM,B,,,0,1,2026,-0.07,0.16,0.6053771084478716,0.46580452532521033,,,673357,0,9,Top,,,,,,,-1.6002155100616247,-125.65034525297395,-7.889104852110768,-0.3232038396538458,34.24600412500557,-28.629841193464387,3.327952756,1.679527559,,,,85.5,2564,6.5,823240,672275,666464,650333,656305,642715,671218,664056,808982,53.95,,,,,,,,72,2,Slider,3,8,8,3,8,3,8,3,Standard,Standard,5,0,0.034,,,,-0.034,,-5,5,0.005,0.995,28,26,28,27,1,4,6,2,2,1,2.98,-0.07,-0.07,40.0,,,,,
FS,2026-04-03,84,-1.78,5.56,"Soto, Juan",665742,641816,,ball,,,,,13,Ball,R,L,R,SF,NYM,B,,,0,1,2026,-1.02,0.4,-1.3732744773601633,2.432106716113935,,,596019,0,1,Top,,,,,,,2.982936343114942,-122.34272804810288,-1.509477636650004,-10.802956562348744,22.1053724266025,-28.096598025304388,3.259498032,1.644980315,,,,84.8,1521,6.6,823240,672275,666464,650333,656305,642715,671218,664056,808982,53.9,,,,,,,,2,2,Split-Finger,0,0,0,0,0,0,0,0,Infield shade,Standard,231,-0.003,0.034,,,,-0.034,,0,0,0.469,0.531,31,27,32,28,1,0,6,1,5,,2.81,1.02,-1.02,39.1,,,,,
SL,2026-04-03,83.8,0.96,6.33,"Vientos, Mark",668901,657424,,swinging_strike,,,,,13,Swinging Strike,R,R,L,SF,NYM,S,,,2,0,2026,-0.31,-0.07,-0.015664265767263152,1.3821376597510677,666182,,673357,2,7,Top,,,,,,,-1.604921590824205,-122.06945003775559,-4.650357903718337,-2.826130401264163,23.593733400388558,-32.189238625919266,3.340239501,1.685728347,,,,84.2,2310,6.5,823240,672275,666464,650333,656305,642715,671218,664056,808982,54.04,,,,,,,,54,3,Slider,2,7,7,2,7,2,7,2,Infield shade,Standard,220,0.001,-0.031,76.6,8.5,,0.031,,-5,5,0.031,0.969,33,26,33,27,1,3,4,1,3,1,3.3,-0.31,0.31,46.5,20.339723695538556,-25.752956227583557,31.380178723278174,35.12384819222632,39.29088737452322
SL,2026-04-03,87.9,-2.27,6.44,"Semien, Marcus",543760,664141,,blocked_ball,,,,,14,Ball In Dirt,R,R,R,SF,NYM,B,,,0,2,2026,-0.02,0.66,1.4149509701397054,-0.05594649679984065,,,668901,0,6,Top,,,,,,,8.749921486253095,-127.42681904706882,-10.558812098145827,-1.9949843776124236,25.55742818868598,-22.93926300088515,3.212106299,1.621062992,,,,86.8,2623,5.8,823240,672275,666464,650333,656305,642715,671218,664056,808982,54.72,,,,,,,,40,3,Slider,0,5,5,0,5,0,5,0,Infield shade,Standard,226,0,0.017,,,,-0.017,,-5,5,0.043,0.957,32,35,33,36,1,2,3,1,2,1,2.3,0.02,0.02,47.9,,,,,
SI,2026-04-03,96.8,1.37,6.51,"Baty, Brett",683146,669062,,ball,,,,,12,Ball,R,L,L,SF,NYM,B,,,1,1,2026,1.63,0.68,0.9832972065726278,3.5975848761093,,,673357,0,9,Top,,,,,,,-4.828142724140955,-140.79450358747087,-3.590074611512443,22.799794871409322,34.18702836325053,-22.491792676597004,3.327952756,1.679527559,,,,96.9,2366,6.5,823240,672275,666464,650333,656305,642715,671218,664056,808982,53.96,,,,,,,,72,3,Sinker,3,8,8,3,8,3,8,3,Standard,Standard,131,0,0.044,,,,-0.044,,-5,5,0.005,0.995,28,26,28,27,1,4,6,2,2,1,1.77,1.63,1.63,42.5,,,,,
SL,2026-04-03,85.8,0.71,6.43,"Vientos, Mark",668901,657424,single,hit_into_play,,,,,7,Mark Vientos singles on a fly ball to right fielder Jung Hoo Lee. Bo Bichette scores. Luis Robert Jr. to 2nd.,R,R,L,SF,NYM,X,9,fly_ball,2,1,2026,-0.67,0.16,-0.7586289395072721,1.7125371123566722,666182,,673357,2,7,Top,154.2,103.77,,,,,-2.076825375958208,-124.95353912894848,-5.0271858444081525,-6.597931872099717,23.925482663061914,-29.738654942912035,3.340239501,1.685728347,227,74.3,25,86.2,2358,6.4,823240,672275,666464,650333,656305,642715,671218,664056,808982,54.1,0.877,0.789,0.9,1,1,0,4,54,4,Slider,2,7,7,2,8,2,8,2,Infield shade,Standard,215,-0.015,0.62,72.2,7.2,0.92,-0.62,88.0,-5,5,0.032,0.968,33,26,33,27,1,3,4,1,3,1,2.92,-0.67,0.67,49.7,-0.0825347890208661,4.111170734114949,40.76777853358322,25.93041208325343,24.405106325682496
FS,2026-04-03,83.5,-1.79,5.61,"Soto, Juan",665742,641816,,ball,,,,,13,Ball,R,L,R,SF,NYM,B,,,1,1,2026,-1.1,0.24,-0.9044817494772113,1.6192685543266143,,,596019,0,1,Top,,,,,,,4.219541103436406,-121.6483595708844,-3.0616024103573016,-11.735471693657914,22.222183156824624,-29.43530807214032,3.259498032,1.644980315,,,,84,1617,6.4,823240,672275,666464,650333,656305,642715,671218,664056,808982,54.13,,,,,,,,2,3,Split-Finger,0,0,0,0,0,0,0,0,Infield shade,Standard,227,-0.007,0.044,,,,-0.044,,0,0,0.466,0.534,31,27,32,28,1,0,6,1,5,,3.01,1.1,-1.1,39.9,,,,,
SI,2026-04-03,93.4,-2.29,6.34,"Semien, Marcus",543760,664141,strikeout,called_strike,,,,,6,Marcus Semien called out on strikes.,R,R,R,SF,NYM,S,2,,1,2,2026,-1.47,0.93,0.7625863576444505,2.465188741721653,,,668901,0,6,Top,,,,,,,10.895867633151704,-135.40901651776755,-5.951957826887074,-20.499606263112415,30.141524857127674,-19.60464796354963,3.212106299,1.621062992,,,,92.1,2243,5.8,823240,672275,666464,650333,656305,642715,671218,664056,808982,54.73,,0,0,1,0,0,,40,4,Sinker,0,5,5,0,5,0,5,0,Infield shade,Standard,222,0.004,-0.165,,,,0.165,,-5,5,0.043,0.957,32,35,33,36,1,2,3,1,2,1,1.71,1.47,1.47,46.2,,,,,
SI,2026-04-03,95.5,1.39,6.48,"Baty, Brett",683146,669062,,foul,,,,,2,Foul,R,L,L,SF,NYM,S,,,2,1,2026,1.58,0.74,0.1439595499826425,3.1241336975844547,,,673357,0,9,Top,,,,,,,-6.867030408092884,-138.81422583164021,-4.654356381207218,21.904707963308724,32.9477719532269,-21.720290557009488,3.327952756,1.679527559,225,75.9,43,95.6,2213,6.5,823240,672275,666464,650333,656305,642715,671218,664056,808982,53.97,,,,,,,,72,4,Sinker,3,8,8,3,8,3,8,3,Standard,Standard,125,0,-0.078,70.5,6.1,,0.078,88.0,-5,5,0.005,0.995,28,26,28,27,1,4,6,2,2,1,1.78,1.58,1.58,36.6,-1.8241336782622708,27.966059543705473,32.82103555878906,35.33326663884674,22.08510240017615
FF,2026-04-03,97.1,1.18,6.53,"Baty, Brett",683146,669062,double,hit_into_play,,,,,4,Brett Baty doubles (1) on a sharp line drive to left fielder Heliot Ramos. Luis Robert Jr. scores.,R,L,L,SF,NYM,X,7,line_drive,2,2,2026,0.99,1.11,-0.527485998263141,2.6538880726742553,,,673357,0,9,Top,63.81,113.53,,,,,-6.851810733540875,-141.0879269809495,-7.208168122161597,14.763708705196775,33.368712186455035,-15.859106188085267,3.327952756,1.679527559,263,104.7,13,97.5,2220,6.7,823240,672275,666464,650333,656305,642715,671218,664056,808982,53.82,0.826,0.824,1.25,1,1,1,4,72,5,4-Seam Fastball,3,8,8,3,9,3,9,3,Standard,Standard,133,-0.003,0.773,73.7,7.2,1.102,-0.773,104.7,-5,5,0.005,0.995,28,26,28,27,1,4,6,2,2,1,1.32,0.99,0.99,44.2,3.0725331899623747,17.576545642677708,32.13892487718434,43.60098598387371,21.35308490645468
FF,2026-04-03,90.2,0.65,6.68,"Semien, Marcus",543760,657424,field_out,hit_into_play,,,,,1,Marcus Semien flies out to right fielder Jung Hoo Lee.,R,R,L,SF,NYM,X,9,fly_ball,0,0,2026,0.03,1.56,-0.3416828690419657,2.757748356256714,,673357,668901,2,7,Top,150.19,87.51,,,,,-2.478330072607292,-131.1681077675956,-6.89378833966212,0.8735074058691876,28.45721914124443,-12.942688929338576,3.212106299,1.621062992,285,82.6,36,89.9,1982,6.2,823240,672275,666464,650333,656305,642715,671218,664056,808982,54.32,0.014,0.013,0,1,0,0,3,55,1,4-Seam Fastball,2,8,8,2,8,2,8,2,Infield shade,Standard,158,0.003,-0.282,64.1,7.0,0.022,0.282,88.0,-6,6,0.017,0.983,33,35,33,36,1,3,4,1,3,1,1.25,0.03,-0.03,54.6,10.011233682575094,8.640945706585596,37.917609933581616,28.58388037954247,22.92965488279997
SI,2026-04-03,93.4,-2.52,6.39,"Benge, Carson",701807,664141,,ball,,,,,11,Ball,R,L,R,SF,NYM,B,,,0,0,2026,-1.41,0.88,-0.6541286466363192,3.490452538960229,,,668901,1,6,Top,,,,,,,7.778833144746072,-135.75648759726496,-3.4267764934293727,-19.095558644534798,30.321520429900296,-20.738411928149283,3.259498032,1.644980315,,,,92.2,2247,5.7,823240,672275,666464,650333,656305,642715,671218,664056,808982,54.83,,,,,,,,41,1,Sinker,0,5,5,0,5,0,5,0,Standard,Standard,225,-0.001,0.035,,,,-0.035,,-5,5,0.047,0.953,32,23,33,23,1,2,3,2,2,1,1.74,1.41,-1.41,48.9,,,,,
FF,2026-04-03,90.8,-1.88,5.38,"Soto, Juan",665742,641816,,ball,,,,,13,Ball,R,L,R,SF,NYM,B,,,2,1,2026,-0.8,1.24,-1.031979273052637,1.9922790680866225,,,596019,0,1,Top,,,,,,,3.8697578448978023,-132.2091268751999,-5.140084305383519,-10.203958860919705,26.505177430228386,-16.69520231075635,3.259498032,1.644980315,,,,91.9,2065,6.8,823240,672275,666464,650333,656305,642715,671218,664056,808982,53.72,,,,,,,,2,4,4-Seam Fastball,0,0,0,0,0,0,0,0,Infield shade,Standard,225,-0.017,0.116,,,,-0.116,,0,0,0.459,0.5409999999999999,31,27,32,28,1,0,6,1,5,,1.51,0.8,-0.8,39.1,,,,,
CH,2026-04-03,88.5,-2.54,6.29,"Benge, Carson",701807,664141,,foul_tip,,,,,13,Foul Tip,R,L,R,SF,NYM,S,,,1,0,2026,-1.52,0.41,-0.8865690515468738,2.278393836979869,,,668901,1,6,Top,,,,,,,7.090415706102064,-128.60419677998343,-4.2899592963730475,-18.30913186867527,27.0123046728566,-26.89898658795311,3.259498032,1.644980315,,,,87.3,2000,5.6,823240,672275,666464,650333,656305,642715,671218,664056,808982,54.85,,,,,,,,41,2,Changeup,0,5,5,0,5,0,5,0,Standard,Standard,233,0.001,-0.056,76.8,7.2,,0.056,,-5,5,0.046,0.954,32,23,33,23,1,2,3,2,2,1,2.51,1.52,-1.52,41.9,14.3982914669281,-5.444605194351864,26.78176392231056,44.25783132354488,39.573589269823415
SL,2026-04-03,84.6,0.74,6.4,"Benge, Carson",701807,657424,,ball,,,,,13,Ball,R,L,L,SF,NYM,B,,,0,0,2026,-0.48,0.31,-1.0286528647139506,1.3447298788805147,,,,0,8,Top,,,,,,,-3.105346956365127,-123.14764419750435,-5.863557541374553,-4.356280789274317,22.463463344942852,-28.11681497563539,3.259498032,1.644980315,,,,85.1,2230,6.4,823240,672275,666464,650333,656305,642715,671218,664056,808982,54.1,,,,,,,,60,1,Slider,2,8,8,2,8,2,8,2,Strategic,Standard,198,0,0.041,,,,-0.041,,-6,6,0.008,0.992,33,23,33,23,1,3,4,2,3,1,2.85,-0.48,-0.48,46.1,,,,,
SL,2026-04-03,86.6,1.43,6.46,"Vientos, Mark",668901,669062,,called_strike,,,,,4,Called Strike,R,R,L,SF,NYM,S,,,0,0,2026,-0.22,-0.09,-0.8030918142648693,2.366746249739372,,683146,,0,9,Top,,,,,,,-4.844588093260866,-125.9620141046223,-3.1248282882923704,-1.2801905828442997,26.819941290243467,-32.676061950947904,3.340239501,1.685728347,,,,87,2557,6.7,823240,672275,666464,650333,656305,642715,671218,664056,808982,53.83,,,,,,,,73,1,Slider,3,9,9,3,9,3,9,3,Infield shade,Standard,305,0,-0.043,,,,0.043,,-6,6,0.002,0.998,28,26,28,27,1,4,6,1,2,1,3.14,-0.22,0.22,36.9,,,,,
FF,2026-04-03,91.4,-1.73,5.46,"Soto, Juan",665742,641816,,called_strike,,,,,4,Called Strike,R,L,R,SF,NYM,S,,,3,1,2026,-0.82,1.43,-0.7409487548360996,2.6939008408232077,,,596019,0,1,Top,,,,,,,4.280529901902747,-133.04784844521365,-4.080364632176993,-10.612737872923605,28.93630125070955,-14.474918703002507,3.259498032,1.644980315,,,,92.1,2215,6.7,823240,672275,666464,650333,656305,642715,671218,664056,808982,53.77,,,,,,,,2,5,4-Seam Fastball,0,0,0,0,0,0,0,0,Infield shade,Standard,222,0.014,-0.081,,,,0.081,,0,0,0.442,0.558,31,27,32,28,1,0,6,1,5,,1.3,0.82,-0.82,40.7,,,,,
CH,2026-04-03,87.2,1.61,6.11,"Vientos, Mark",668901,669062,,blocked_ball,,,,,13,Ball In Dirt,R,R,L,SF,NYM,B,,,0,1,2026,1.5,0.54,-0.41342521292453505,0.35002789363847464,,683146,,0,9,Top,,,,,,,-7.992264660885566,-126.51420176471085,-8.542966926199023,17.761573143032546,26.40416804997994,-24.704709013671483,3.340239501,1.685728347,,,,87.6,1958,6.8,823240,672275,666464,650333,656305,642715,671218,664056,808982,53.72,,,,,,,,73,2,Changeup,3,9,9,3,9,3,9,3,Infield shade,Standard,105,0,0.026,,,,-0.026,,-6,6,0.002,0.998,28,26,28,27,1,4,6,1,2,1,2.48,1.5,-1.5,29.0,,,,,
FF,2026-04-03,91.8,-1.72,5.41,"Soto, Juan",665742,641816,,foul,,,,,4,Foul,R,L,R,SF,NYM,S,,,3,2,2026,-0.69,1.39,-0.5782769379255556,2.3402895449160566,,,596019,0,1,Top,,,,,,,4.393447796739565,-133.59121479234253,-4.825825028573859,-9.141940793699318,27.856365575890493,-14.70156702707485,3.259498032,1.644980315,188,79.9,65,92.7,2130,6.7,823240,672275,666464,650333,656305,642715,671218,664056,808982,53.76,,,,,,,,2,6,4-Seam Fastball,0,0,0,0,0,0,0,0,Infield shade,Standard,224,0,0,73.5,7.1,,0,88.0,0,0,0.456,0.544,31,27,32,28,1,0,6,1,5,,1.31,0.69,-0.69,40.0,11.99557382794658,11.43905744724827,28.342891271659344,44.67570081880277,18.853865696755705
SL,2026-04-03,84.8,0.93,6.44,"Benge, Carson",701807,657424,,ball,,,,,14,Ball,R,L,L,SF,NYM,B,,,1,0,2026,-0.38,0,0.8341151474971528,1.4591134452529335,,,,0,8,Top,,,,,,,0.5670014938453459,-123.48271553129305,-5.084272744811335,-4.038558952566207,23.53169066443131,-31.42264084220782,3.259498032,1.644980315,,,,84.9,2295,6.2,823240,672275,666464,650333,656305,642715,671218,664056,808982,54.27,,,,,,,,60,2,Slider,2,8,8,2,8,2,8,2,Strategic,Standard,212,0,0.077,,,,-0.077,,-6,6,0.008,0.992,33,23,33,23,1,3,4,2,3,1,3.16,-0.38,-0.38,49.0,,,,,
CH,2026-04-03,87.9,-2.56,6.26,"Benge, Carson",701807,664141,grounded_into_double_play,hit_into_play,,,,,13,"Carson Benge grounds into a double play, pitcher JT Brubaker to shortstop Willy Adames to first baseman Jerar Encarnacion. Mark Vientos out at 2nd. Carson Benge out at 1st.",R,L,R,SF,NYM,X,1,ground_ball,1,1,2026,-1.56,0.39,-1.0944388386716297,2.0121255782821725,,,668901,1,6,Top,127.99,181.07,,,,,6.7119973266588,-127.74696504759332,-4.713032917705546,-18.48343006579555,26.06371064965931,-27.102628569366278,3.259498032,1.644980315,8,78.3,-15,87,1991,5.8,823240,672275,666464,650333,656305,642715,671218,664056,808982,54.73,0.056,0.05,0,1,0,0,2,41,3,Changeup,0,5,5,0,5,0,5,0,Standard,Standard,234,0.01,-0.297,80.1,6.7,0.065,0.297,88.0,-5,5,0.047,0.953,32,23,33,23,1,2,3,2,2,1,2.56,1.56,-1.56,48.1,5.085776184978967,13.001775661141695,28.877044142241147,47.5269630033928,33.693849326603626
SI,2026-04-03,92.4,-2.11,6.46,"Alvarez, Francisco",682626,664141,,called_strike,,,,,12,Called Strike,R,R,R,SF,NYM,S,,,0,0,2026,-1.35,0.77,1.021836685732277,2.853805175686066,,,,0,7,Top,,,,,,,10.703641151249242,-134.12938145719755,-4.788033892035543,-18.552558159882985,28.198179096937903,-22.03299571651527,3.120833333,1.575,,,,91.4,2109,5.7,823240,672275,666464,650333,656305,642715,671218,664056,808982,54.76,,,,,,,,48,1,Sinker,2,5,5,2,5,2,5,2,Strategic,Standard,220,0.001,-0.039,,,,0.039,,-3,3,0.107,0.893,32,24,33,25,1,2,3,1,2,2,1.91,1.35,1.35,44.9,,,,,
SL,2026-04-03,85.1,0.81,6.34,"Benge, Carson",701807,657424,,swinging_strike,,,,,13,Swinging Strike,R,L,L,SF,NYM,S,,,2,0,2026,-0.62,-0.09,-0.7448628199401973,1.2464459076805738,,,,0,8,Top,,,,,,,-2.337516677682579,-123.8617045412109,-5.213252535659991,-5.935799003967871,23.811340285637403,-32.32558716325386,3.259498032,1.644980315,,,,85.5,2297,6.5,823240,672275,666464,650333,656305,642715,671218,664056,808982,54.02,,,,,,,,60,3,Slider,2,8,8,2,8,2,8,2,Strategic,Standard,213,0,-0.072,79.6,7.3,,0.072,,-6,6,0.008,0.992,33,23,33,23,1,3,4,2,3,1,3.23,-0.62,-0.62,49.7,12.023331902972004,-7.121750845058872,33.074398216922226,44.03385749604608,42.61581669982753
FS,2026-04-03,84.5,-1.82,5.45,"Soto, Juan",665742,641816,single,hit_into_play,,,,,7,Juan Soto singles on a ground ball to right fielder Jung Hoo Lee. Francisco Lindor to 2nd.,R,L,R,SF,NYM,X,9,ground_ball,3,2,2026,-0.92,0.33,-0.2841693500051544,1.852139171107937,,,596019,0,1,Top,185.76,110.13,,,,,5.44013339064119,-123.10164313119624,-2.567773290654946,-10.35132395130434,21.559684108208888,-28.570118762683478,3.259498032,1.644980315,33,98.8,-2,85.8,1540,6.8,823240,672275,666464,650333,656305,642715,671218,664056,808982,53.71,0.332,0.304,0.9,1,1,0,2,2,7,Split-Finger,0,0,0,0,0,0,0,0,Infield shade,Standard,233,-0.046,0.398,75.7,7.3,0.387,-0.398,98.8,0,0,0.456,0.544,31,27,32,28,1,0,6,1,5,,2.83,0.92,-0.92,36.6,14.257275610245365,-1.534287270246846,28.776379883243496,41.75686972539867,29.77214848103587
FF,2026-04-03,96.4,1.05,6.64,"Vientos, Mark",668901,669062,,ball,,,,,11,Ball,R,R,L,SF,NYM,B,,,1,1,2026,0.87,1.19,-0.92428092115147,2.739809594806946,,683146,,0,9,Top,,,,,,,-7.232130648210122,-140.1294030827115,-7.35155129987517,13.060222809207497,31.94594263481014,-15.001063751951772,3.340239501,1.685728347,,,,97,2307,6.7,823240,672275,666464,650333,656305,642715,671218,664056,808982,53.81,,,,,,,,73,3,4-Seam Fastball,3,9,9,3,9,3,9,3,Infield shade,Standard,135,0,0.045,,,,-0.045,,-6,6,0.002,0.998,28,26,28,27,1,4,6,1,2,1,1.27,0.87,-0.87,43.4,,,,,
FF,2026-04-03,91.8,0.36,6.7,"Benge, Carson",701807,657424,,ball,,,,,12,Ball,R,L,L,SF,NYM,B,,,2,1,2026,0.09,1.32,0.7377532038492706,4.153996441302131,,,,0,8,Top,,,,,,,0.7651481654853783,-133.70672110675844,-3.316730415786389,0.8542212736801501,29.028712272169436,-15.853103568168724,3.259498032,1.644980315,,,,91.6,2054,6.1,823240,672275,666464,650333,656305,642715,671218,664056,808982,54.39,,,,,,,,60,4,4-Seam Fastball,2,8,8,2,8,2,8,2,Strategic,Standard,155,0,0.134,,,,-0.134,,-6,6,0.008,0.992,33,23,33,23,1,3,4,2,3,1,1.38,0.09,0.09,54.8,,,,,
SL,2026-04-03,85.5,-2.19,6.42,"Alvarez, Francisco",682626,664141,,called_strike,,,,,5,Called Strike,R,R,R,SF,NYM,S,,,0,1,2026,-0.09,0.08,0.18742940286071996,2.550297647408696,,,,0,7,Top,,,,,,,5.64214569880588,-124.51294728073144,-2.7856158892088514,-2.0469301516886635,23.842118488575434,-31.00411512079286,3.120833333,1.575,,,,84.5,2437,5.5,823240,672275,666464,650333,656305,642715,671218,664056,808982,54.98,,,,,,,,48,2,Slider,2,5,5,2,5,2,5,2,Strategic,Standard,135,0.003,-0.055,,,,0.055,,-3,3,0.108,0.892,32,24,33,25,1,2,3,1,2,2,3.02,0.09,0.09,52.9,,,,,
CH,2026-04-03,88.9,1.72,6.22,"Vientos, Mark",668901,669062,,foul,,,,,13,Foul,R,R,L,SF,NYM,S,,,2,1,2026,1.19,0.47,-0.8448442057442802,2.4592643769050992,,683146,,0,9,Top,,,,,,,-8.814606168004792,-129.13390410865262,-3.9649770760677328,15.152421696802648,26.10956719044118,-26.27823457296354,3.340239501,1.685728347,4,74,-35,89.7,1737,6.8,823240,672275,666464,650333,656305,642715,671218,664056,808982,53.72,,,,,,,,73,4,Changeup,3,9,9,3,9,3,9,3,Infield shade,Standard,107,0,-0.081,72.5,7.2,,0.081,88.0,-6,6,0.002,0.998,28,26,28,27,1,4,6,1,2,1,2.42,1.19,-1.19,28.9,20.577831519973763,-9.277683614945516,32.369006520346666,25.389440539213368,37.092247226846546
FS,2026-04-03,84.8,-1.57,5.54,"Bichette, Bo",666182,641816,single,hit_into_play,,,,,5,Bo Bichette singles on a sharp line drive to center fielder Harrison Bader. Francisco Lindor scores. Juan Soto to 3rd.,R,R,R,SF,NYM,X,8,line_drive,0,0,2026,-1.18,0.47,-0.0331835664956277,2.418824201452247,,596019,665742,0,1,Top,160.22,72.39,,,,,5.992696721192158,-123.3688875620205,-1.695342282227515,-13.281468883629648,25.116711151612105,-27.27746809187124,3.162081693,1.595816929,286,104.4,15,85.2,1631,6.6,823240,672275,666464,650333,656305,642715,671218,664056,808982,53.87,0.677,0.72,0.9,1,1,0,5,3,1,Split-Finger,0,0,0,0,1,0,1,0,Standard,Standard,224,-0.112,0.487,,,1.013,-0.487,104.4,0,0,0.41,0.5900000000000001,31,28,32,28,1,0,6,1,5,1,2.71,1.18,1.18,41.6,,,,,
SL,2026-04-03,86.6,-2.18,6.38,"Alvarez, Francisco",682626,664141,,foul,,,,,14,Foul,R,R,R,SF,NYM,S,,,0,2,2026,-0.02,0.11,0.7008939616757972,1.3021063866580174,,,,0,7,Top,,,,,,,6.763937246181322,-125.97709145923442,-5.85164656107423,-1.5875434616646154,24.848879895571166,-30.022498256149206,3.120833333,1.575,1,68.1,-42,85.7,2486,5.7,823240,672275,666464,650333,656305,642715,671218,664056,808982,54.83,,,,,,,,48,3,Slider,2,5,5,2,5,2,5,2,Strategic,Standard,257,0,0,63.7,7.8,,0,88.0,-3,3,0.111,0.889,32,24,33,25,1,2,3,1,2,2,2.92,0.02,0.02,51.9,13.538120024964213,-2.5731718917580655,28.798836634294094,42.24507910847568,31.308411607725184
SL,2026-04-03,84.1,1.19,6.4,"Benge, Carson",701807,657424,,called_strike,,,,,6,Called Strike,R,L,L,SF,NYM,S,,,3,1,2026,-0.53,0.27,0.4091342880418273,2.49668574186542,,,,0,8,Top,,,,,,,-0.7239279891572584,-122.52339492350791,-3.066026265336909,-5.228659498226499,21.825302276506324,-29.05878842954579,3.259498032,1.644980315,,,,84.5,2250,6.2,823240,672275,666464,650333,656305,642715,671218,664056,808982,54.26,,,,,,,,60,5,Slider,2,8,8,2,8,2,8,2,Strategic,Standard,225,0,-0.094,,,,0.094,,-6,6,0.008,0.992,33,23,33,23,1,3,4,2,3,1,2.92,-0.53,-0.53,47.4,,,,,
CH,2026-04-03,88.4,1.79,6.23,"Vientos, Mark",668901,669062,,foul,,,,,14,Foul,R,R,L,SF,NYM,S,,,2,2,2026,1.38,0.06,0.9480002497818385,2.3142560153293004,,683146,,0,9,Top,,,,,,,-4.994341324475213,-128.6018157974054,-3.3307389626983004,16.37184934678706,28.887002601505575,-31.005595575720722,3.340239501,1.685728347,176,67.7,57,88.7,1764,6.7,823240,672275,666464,650333,656305,642715,671218,664056,808982,53.83,,,,,,,,73,5,Changeup,3,9,9,3,9,3,9,3,Infield shade,Standard,104,0,0,73.5,7.6,,0,88.0,-6,6,0.002,0.998,28,26,28,27,1,4,6,1,2,1,2.88,1.38,-1.38,28.6,6.819252001657814,10.160901398648406,27.291822534751507,47.34546400651852,21.970813616526804
FF,2026-04-03,91.5,-1.61,5.44,"Robert Jr., Luis",673357,641816,,ball,,,,,12,Ball,R,R,R,SF,NYM,B,,,0,0,2026,-0.92,1.43,0.8911716292660288,2.5181563947758576,665742,,666182,0,1,Top,,,,,,,8.34378221951521,-132.9568532010059,-4.478764143243999,-12.73459236747833,28.25966201399425,-14.429408221007522,3.310400263,1.670669291,,,,92.5,2273,6.9,823240,672275,666464,650333,656305,642715,671218,664056,808982,53.57,,,,,,,,4,1,4-Seam Fastball,0,1,1,0,1,0,1,0,Infield shade,Standard,211,-0.004,0.024,,,,-0.024,,-1,1,0.298,0.702,31,28,32,29,1,0,6,1,5,2,1.3,0.92,0.92,45.4,,,,,
FF,2026-04-03,92,-1.65,5.37,"Robert Jr., Luis",673357,641816,,called_strike,,,,,9,Called Strike,R,R,R,SF,NYM,S,,,1,0,2026,-1,1.34,0.6863734451518364,1.5853106928765197,665742,,666182,0,1,Top,,,,,,,8.126052647861759,-133.64098086452964,-6.475208908890539,-13.81444631394736,31.12024821580821,-14.923907725376795,3.310400263,1.670669291,,,,92.5,2240,6.9,823240,672275,666464,650333,656305,642715,671218,664056,808982,53.64,,,,,,,,4,2,4-Seam Fastball,0,1,1,0,1,0,1,0,Infield shade,Standard,213,0.006,-0.05,,,,0.05,,-1,1,0.294,0.706,31,28,32,29,1,0,6,1,5,2,1.38,1,1,41.5,,,,,
SL,2026-04-03,83.6,1.09,6.4,"Benge, Carson",701807,657424,,foul,,,,,2,Foul,R,L,L,SF,NYM,S,,,3,2,2026,-0.47,0.02,-0.11308203685770746,2.874442670695593,,,,0,8,Top,,,,,,,-1.8142613758701056,-121.78206033616053,-1.5699650707412882,-4.333571610609749,22.185028328404083,-31.912719474037825,3.259498032,1.644980315,256,77.5,37,83.9,2300,6.3,823240,672275,666464,650333,656305,642715,671218,664056,808982,54.24,,,,,,,,60,6,Slider,2,8,8,2,8,2,8,2,Infield shade,Standard,244,0,0,60.8,5.5,,0,88.0,-6,6,0.008,0.992,33,23,33,23,1,3,4,2,3,1,3.22,-0.47,-0.47,48.8,-11.90606423683584,34.89511714969879,24.173867794205027,37.3370588203518,23.666379073560606
SL,2026-04-03,86,-2.15,6.35,"Alvarez, Francisco",682626,664141,,ball,,,,,14,Ball,R,R,R,SF,NYM,B,,,0,2,2026,0.08,0.12,1.7270266126909133,1.0025522246651182,,,,0,7,Top,,,,,,,8.807902343701826,-124.80833041311332,-6.288506462389862,-1.0579201156628972,26.836336558308474,-29.704679664550238,3.120833333,1.575,,,,84.8,2515,5.8,823240,672275,666464,650333,656305,642715,671218,664056,808982,54.66,,,,,,,,48,4,Slider,2,5,5,2,5,2,5,2,Strategic,Standard,185,-0.001,0.024,,,,-0.024,,-3,3,0.111,0.889,32,24,33,25,1,2,3,1,2,2,2.99,-0.08,-0.08,52.4,,,,,
FF,2026-04-03,95.7,1.17,6.72,"Vientos, Mark",668901,669062,,ball,,,,,11,Ball,R,R,L,SF,NYM,B,,,2,2,2026,1.04,1.38,-0.8228894880715691,4.113908508812786,,683146,,0,9,Top,,,,,,,-7.616683838192067,-139.16823488387888,-4.2476501536871725,15.196056622380501,32.14425063946295,-13.469060059298943,3.340239501,1.685728347,,,,96.1,2288,6.6,823240,672275,666464,650333,656305,642715,671218,664056,808982,53.85,,,,,,,,73,6,4-Seam Fastball,3,9,9,3,9,3,9,3,Infield shade,Standard,134,0,0.1,,,,-0.1,,-6,6,0.002,0.998,28,26,28,27,1,4,6,1,2,1,1.12,1.04,-1.04,44.3,,,,,
CU,2026-04-03,82.9,-2.19,6.4,"Alvarez, Francisco",682626,664141,,ball,,,,,14,Ball,R,R,R,SF,NYM,B,,,1,2,2026,0.59,-0.67,1.6350854071634315,0.4254647063054837,,,,0,7,Top,,,,,,,7.360944925276173,-120.33547188133856,-5.37547611495642,4.043080940258527,26.260003713782957,-37.659316728131635,3.120833333,1.575,,,,81.3,2753,5.6,823240,672275,666464,650333,656305,642715,671218,664056,808982,54.87,,,,,,,,48,5,Curveball,2,5,5,2,5,2,5,2,Strategic,Standard,25,-0.002,0.043,,,,-0.043,,-3,3,0.11,0.89,32,24,33,25,1,2,3,1,2,2,4.04,-0.59,-0.59,46.0,,,,,
CH,2026-04-03,87.3,1.59,6.22,"Vientos, Mark",668901,669062,strikeout,swinging_strike,,,,,13,Mark Vientos strikes out swinging.,R,R,L,SF,NYM,S,2,,3,2,2026,1.54,0.23,-0.3032150838479424,1.253826819127629,,683146,,0,9,Top,,,,,,,-7.777303904269653,-126.84975546263287,-6.011801731668108,18.26822619960278,26.54027667665696,-28.631151090954624,3.340239501,1.685728347,,,,87.7,1754,6.7,823240,672275,666464,650333,656305,642715,671218,664056,808982,53.81,,0,0,1,0,0,,73,7,Changeup,3,9,9,3,9,3,9,3,Infield shade,Standard,109,0,-0.386,86.6,8.1,,0.386,,-6,6,0.002,0.998,28,26,28,27,1,4,6,1,2,1,2.78,1.54,-1.54,28.8,9.398727736125538,-11.007205225827876,36.764598396596114,31.487157570689924,45.3080994521512
FF,2026-04-03,91.4,0.29,6.56,"Benge, Carson",701807,657424,,foul,,,,,7,Foul,R,L,L,SF,NYM,S,,,3,2,2026,0.05,1.32,-0.37009485922444363,2.0719446349834416,,,,0,8,Top,,,,,,,-1.7480032729073942,-133.017493119343,-8.096318493511948,0.9584631548252549,27.659849338771508,-14.960177119182083,3.259498032,1.644980315,192,77.3,56,91.7,2098,6.4,823240,672275,666464,650333,656305,642715,671218,664056,808982,54.12,,,,,,,,60,7,4-Seam Fastball,2,8,8,2,8,2,8,2,Strategic,Standard,164,0,0,69.3,6.4,,0,88.0,-6,6,0.008,0.992,33,23,33,23,1,3,4,2,3,1,1.4,0.05,0.05,55.5,-3.7783706067426883,-0.6628893668613173,36.77769466214153,39.81732990454796,34.25184396523332
SL,2026-04-03,82.8,-1.73,5.66,"Robert Jr., Luis",673357,641816,,ball,,,,,14,Ball,R,R,R,SF,NYM,B,,,1,1,2026,0.71,0.35,1.2335405192297273,1.7543925073983817,665742,,666182,0,1,Top,,,,,,,5.299588913362893,-120.47585087110656,-2.8414199231480035,5.713967307733013,25.74485589577007,-28.448015701315235,3.310400263,1.670669291,,,,83.1,2457,6.7,823240,672275,666464,650333,656305,642715,671218,664056,808982,53.79,,,,,,,,4,3,Slider,0,1,1,0,1,0,1,0,Infield shade,Standard,60,-0.006,0.052,,,,-0.052,,-1,1,0.3,0.7,31,28,32,29,1,0,6,1,5,2,3.01,-0.71,-0.71,44.4,,,,,
SL,2026-04-03,86.3,-2.27,6.39,"Alvarez, Francisco",682626,664141,,foul,,,,,14,Foul,R,R,R,SF,NYM,S,,,2,2,2026,-0.08,0.21,0.8526651894106624,1.6689449672177967,,,,0,7,Top,,,,,,,7.407859859360896,-125.30793087105053,-5.020626505758827,-2.5277313882439696,28.274694083159662,-29.09099176350336,3.120833333,1.575,2,63.6,-48,84.9,2486,5.8,823240,672275,666464,650333,656305,642715,671218,664056,808982,54.75,,,,,,,,48,6,Slider,2,5,5,2,5,2,5,2,Strategic,Standard,316,0,0,63.9,8.4,,0,88.0,-3,3,0.108,0.892,32,24,33,25,1,2,3,1,2,2,2.9,0.08,0.08,46.8,21.956478035749043,-13.270597787761378,27.52892763090959,45.23938030761754,34.9147494260777
FF,2026-04-03,96.1,1.34,6.53,"Semien, Marcus",543760,669062,,called_strike,,,,,4,Called Strike,R,R,L,SF,NYM,S,,,0,0,2026,1.06,1.36,-0.5916945345624087,2.2053102307728043,,683146,,1,9,Top,,,,,,,-7.556998644177095,-139.59907159236377,-8.77344535642375,15.549460976842886,31.873535571846855,-12.614361297241507,3.212106299,1.621062992,,,,96.7,2340,6.8,823240,672275,666464,650333,656305,642715,671218,664056,808982,53.74,,,,,,,,74,1,4-Seam Fastball,3,9,9,3,9,3,9,3,Infield shade,Standard,127,0,-0.038,,,,0.038,,-6,6,0.002,0.998,28,35,28,36,1,4,6,1,2,1,1.12,1.06,-1.06,40.0,,,,,
CH,2026-04-03,84.2,0.55,6.38,"Benge, Carson",701807,657424,,foul,,,,,3,Foul,R,L,L,SF,NYM,S,,,3,2,2026,0.28,0.54,0.6774576962722028,3.0517071461906604,,,,0,8,Top,,,,,,,-0.2639823344702934,-122.632506570936,-2.2061225550115893,2.84365332331939,24.990021860188673,-26.542077919337206,3.259498032,1.644980315,97,61,71,84.3,1114,6.4,823240,672275,666464,650333,656305,642715,671218,664056,808982,54.13,,,,,,,,60,8,Changeup,2,8,8,2,8,2,8,2,Infield shade,Standard,141,0,0,58.0,5.6,,0,88.0,-6,6,0.008,0.992,33,23,33,23,1,3,4,2,3,1,2.68,0.28,0.28,49.6,0.1394083890395616,-0.2472682717572772,32.107651550931806,27.565798167036014,30.894902576348713
FF,2026-04-03,91.6,-1.64,5.48,"Robert Jr., Luis",673357,641816,,called_strike,,,,,9,Called Strike,R,R,R,SF,NYM,S,,,2,1,2026,-0.93,1.46,0.38569794844683625,2.088063684717412,665742,,666182,0,1,Top,,,,,,,7.16591766106365,-133.01094369092223,-5.680380482450716,-12.692231696671705,31.329184970060798,-13.77628719490166,3.310400263,1.670669291,,,,92,2243,6.9,823240,672275,666464,650333,656305,642715,671218,664056,808982,53.6,,,,,,,,4,4,4-Seam Fastball,0,1,1,0,1,0,1,0,Infield shade,Standard,212,0.011,-0.08,,,,0.08,,-1,1,0.294,0.706,31,28,32,29,1,0,6,1,5,2,1.29,0.93,0.93,44.0,,,,,
FF,2026-04-03,96.4,1.33,6.68,"Semien, Marcus",543760,669062,,ball,,,,,11,Ball,R,R,L,SF,NYM,B,,,0,1,2026,1.02,1.47,-0.5711456710117688,4.186396907430686,,683146,,1,9,Top,,,,,,,-7.367359968635489,-140.10612010153352,-4.223768967665367,15.167545579878306,33.87234834259182,-12.14584554640153,3.212106299,1.621062992,,,,96.4,2417,6.5,823240,672275,666464,650333,656305,642715,671218,664056,808982,54,,,,,,,,74,2,4-Seam Fastball,3,9,9,3,9,3,9,3,Infield shade,Standard,140,0,0.025,,,,-0.025,,-6,6,0.002,0.998,28,35,28,36,1,4,6,1,2,1,1.01,1.02,-1.02,40.1,,,,,
FS,2026-04-03,86.3,-1.67,5.68,"Robert Jr., Luis",673357,641816,,ball,,,,,13,Ball,R,R,R,SF,NYM,B,,,2,2,2026,-1.18,0.62,-0.8180596961981137,1.329700983228499,665742,,666182,0,1,Top,,,,,,,4.474324245666017,-125.51606351894422,-5.1396856325241975,-13.393345200929232,27.190590787875113,-24.717893839825233,3.310400263,1.670669291,,,,86.5,1631,6.6,823240,672275,666464,650333,656305,642715,671218,664056,808982,53.91,,,,,,,,4,5,Split-Finger,0,1,1,0,1,0,1,0,Infield shade,Standard,229,-0.012,0.045,,,,-0.045,,-1,1,0.305,0.6950000000000001,31,28,32,29,1,0,6,1,5,2,2.46,1.18,1.18,42.5,,,,,
SL,2026-04-03,85.5,1.09,6.31,"Benge, Carson",701807,657424,walk,ball,,,,,13,Carson Benge walks.,R,L,L,SF,NYM,B,,,3,2,2026,-0.39,0.19,-0.06135455561222797,0.8351045869071632,,,,0,8,Top,,,,,,,-1.8670074370048255,-124.48842770928225,-6.811332590657697,-3.786202903826016,22.9493407044505,-29.13836278832817,3.259498032,1.644980315,,,,86.2,2391,6.5,823240,672275,666464,650333,656305,642715,671218,664056,808982,53.96,,0.709062,0.7,1,0,0,,60,9,Slider,2,8,8,2,8,2,8,2,Strategic,Standard,257,-0.001,0.356,,,,-0.356,,-6,6,0.008,0.992,33,23,33,23,1,3,4,2,3,1,2.9,-0.39,-0.39,47.1,,,,,
SI,2026-04-03,93.6,-2.18,6.36,"Alvarez, Francisco",682626,664141,,ball,,,,,11,Ball,R,R,R,SF,NYM,B,,,2,2,2026,-1.37,0.63,-0.07619385192650974,4.033983415590454,,,,0,7,Top,,,,,,,8.31415717162944,-136.11828093134253,-1.509571820079751,-18.785166084446036,27.654255747964616,-24.194911928664784,3.120833333,1.575,,,,92.9,2157,5.7,823240,672275,666464,650333,656305,642715,671218,664056,808982,54.77,,,,,,,,48,7,Sinker,2,5,5,2,5,2,5,2,Strategic,Standard,223,-0.003,0.112,,,,-0.112,,-3,3,0.108,0.892,32,24,33,25,1,2,3,1,2,2,1.96,1.37,1.37,43.7,,,,,
CH,2026-04-03,88.9,1.76,6.16,"Semien, Marcus",543760,669062,single,hit_into_play,,,,,9,Marcus Semien singles on a ground ball to right fielder Jung Hoo Lee. Brett Baty to 3rd.,R,R,L,SF,NYM,X,9,ground_ball,1,1,2026,1.52,0.36,0.6917764655067535,1.8987425567543972,,683146,,1,9,Top,161.4,101.1,,,,,-5.847651005146276,-129.29958420046344,-4.908380809716041,18.254012071937808,28.690068695790593,-27.22313692395571,3.212106299,1.621062992,144,87.2,8,89.1,2045,6.6,823240,672275,666464,650333,656305,642715,671218,664056,808982,53.9,0.477,0.451,0.9,1,1,0,4,74,3,Changeup,3,9,9,3,9,3,9,3,Infield shade,Standard,103,0,0.552,59.5,7.4,0.542,-0.552,88.0,-6,6,0.002,0.998,28,35,28,36,1,4,6,1,2,1,2.54,1.52,-1.52,27.6,-0.04146353547810413,16.504668700526043,37.12727758091876,41.366131681499525,18.879784441002606
FF,2026-04-03,92.4,-1.59,5.51,"Robert Jr., Luis",673357,641816,walk,ball,,,,,14,"Patrick Bailey challenged (pitch result), call on the field was confirmed: Luis Robert Jr. walks. Bo Bichette to 2nd.",R,R,R,SF,NYM,B,,,3,2,2026,-1,1.4,0.20348814761210754,1.5329822246344254,665742,,666182,0,1,Top,,,,,,,6.791363606173354,-134.2594292116164,-7.236307038008155,-13.5440612677658,28.51765899273517,-13.840891585768109,3.310400263,1.670669291,,,,93.3,2339,6.9,823240,672275,666464,650333,656305,642715,671218,664056,808982,53.62,,0.709062,0.7,1,0,0,,4,6,4-Seam Fastball,0,1,1,0,1,0,1,0,Infield shade,Standard,215,-0.03,0.335,,,,-0.335,,-1,1,0.293,0.7070000000000001,31,28,32,29,1,0,6,1,5,2,1.27,1,1,41.6,,,,,
FF,2026-04-03,91.7,0.46,6.65,"Alvarez, Francisco",682626,657424,,foul,,,,,2,Foul,R,R,L,SF,NYM,S,,,0,0,2026,-0.06,1.32,0.08448184797999997,3.0747370523045614,,,701807,0,8,Top,,,,,,,-0.8143514903664105,-133.4008390360321,-5.830939269547338,-0.503847365090692,29.921826205590722,-15.395375958007486,3.120833333,1.575,194,77.9,14,91.4,2089,6.2,823240,672275,666464,650333,656305,642715,671218,664056,808982,54.25,,,,,,,,61,1,4-Seam Fastball,2,8,8,2,8,2,8,2,Standard,Standard,155,0,-0.043,72.3,6.2,,0.043,88.0,-6,6,0.007,0.993,33,24,33,25,1,3,4,1,3,2,1.4,-0.06,0.06,54.9,0.12521260215474767,28.035334919249504,23.507916200871307,38.313288644270315,11.031656082487403
SL,2026-04-03,85.7,-2.24,6.33,"Alvarez, Francisco",682626,664141,home_run,hit_into_play,,,,,8,Francisco Alvarez homers (3) on a fly ball to left field.,R,R,R,SF,NYM,X,,fly_ball,3,2,2026,-0.03,0.15,0.13670109842536102,1.9861068620470985,,,,0,7,Top,14.8,79.38,,,,,5.563292565795611,-124.83793665340593,-4.133389170617376,-1.3323708863819919,22.394743986906047,-29.998065458546634,3.120833333,1.575,401,107,32,85.4,2601,5.8,823240,672275,666464,650333,656305,642715,671218,664056,808982,54.69,0.897,1.809,2,1,0,3,6,48,8,Slider,2,5,5,2,6,2,6,2,Strategic,Standard,291,-0.046,1.029,79.7,7.9,3.533,-1.029,107.0,-3,3,0.105,0.895,32,24,33,25,1,2,3,1,2,2,2.92,0.03,0.03,46.4,13.929168623441665,-22.57429754208284,27.600808701092564,35.175335094336184,39.40009684702068
SL,2026-04-03,84.3,0.94,6.32,"Alvarez, Francisco",682626,657424,field_out,hit_into_play,,,,,8,Francisco Alvarez flies out sharply to center fielder Harrison Bader.,R,R,L,SF,NYM,X,8,fly_ball,0,1,2026,-0.37,-0.08,-0.026430200663851655,1.9632491456336107,,,701807,0,8,Top,147.94,48.44,,,,,-1.4587810943843793,-122.83361305878236,-3.3951858029403583,-3.508374188872897,24.19391569444325,-32.483653417575006,3.120833333,1.575,376,102.3,33,84.7,2245,6.5,823240,672275,666464,650333,656305,642715,671218,664056,808982,54.03,0.554,1.116,0,1,0,0,6,61,2,Slider,2,8,8,2,8,2,8,2,Standard,Standard,237,0.001,-0.199,77.9,7.6,2.161,0.199,102.3,-6,6,0.007,0.993,33,24,33,25,1,3,4,1,3,2,3.27,-0.37,0.37,48.8,7.405660826406821,-6.719583925631406,28.212903602100493,36.89216701867362,29.059131369767712
CU,2026-04-03,80.7,-2.47,6.37,"Lindor, Francisco",596019,664141,,called_strike,,,,,1,Called Strike,R,L,R,SF,NYM,S,,,0,0,2026,0.96,-0.67,-0.5992814201515195,3.2159735690594347,,,,0,7,Top,,,,,,,2.2247593832017913,-117.44274982238849,1.1784980527913533,8.330849485295003,24.60990796691048,-38.827711944186746,3.107668963,1.568356299,,,,79.1,2701,5.4,823240,672275,666464,650333,656305,642715,671218,664056,808982,55.1,,,,,,,,49,1,Curveball,2,6,6,2,6,2,6,2,Infield shade,Standard,36,0.001,-0.039,,,,0.039,,-4,4,0.059,0.9410000000000001,32,32,33,33,1,3,3,1,2,1,4.2,-0.96,0.96,44.8,,,,,
FS,2026-04-03,85.6,-1.74,5.62,"Baty, Brett",683146,641816,,swinging_strike,,,,,13,Swinging Strike,R,L,R,SF,NYM,S,,,0,0,2026,-1.38,0.49,-0.4297423896983663,1.317939317360207,665742,666182,673357,0,1,Top,,,,,,,5.916673674313182,-124.42090278647056,-4.619607469135205,-15.508135000446545,25.847243911697895,-26.345512694284565,3.327952756,1.679527559,,,,85.8,1577,6.6,823240,672275,666464,650333,656305,642715,671218,664056,808982,53.92,,,,,,,,5,1,Split-Finger,0,1,1,0,1,0,1,0,Standard,Standard,227,0.008,-0.045,77.8,8.3,,0.045,,-1,1,0.263,0.737,31,26,32,27,1,0,6,2,5,1,2.64,1.38,-1.38,40.9,18.34381528905718,-8.16188791308713,40.18904706171839,41.179420486543556,34.5508040192685
SI,2026-04-03,95.8,1.36,6.59,"Benge, Carson",701807,669062,,ball,,,,,12,Ball,R,L,L,SF,NYM,B,,,0,0,2026,1.58,0.77,1.976530485111399,3.6745881275137116,683146,,543760,1,9,Top,,,,,,,-2.018144260986209,-139.43499451924367,-3.6381014899349187,20.966165887856086,32.57824974290074,-21.575385643122765,3.259498032,1.644980315,,,,96.2,2233,6.6,823240,672275,666464,650333,656305,642715,671218,664056,808982,53.92,,,,,,,,75,1,Sinker,3,9,9,3,9,3,9,3,Standard,Standard,135,0,0.029,,,,-0.029,,-6,6,0.002,0.998,28,23,28,23,1,4,6,2,2,1,1.72,1.58,1.58,36.4,,,,,
FF,2026-04-03,92.7,-1.62,5.38,"Baty, Brett",683146,641816,,ball,,,,,14,Ball,R,L,R,SF,NYM,B,,,0,1,2026,-1.07,1.49,0.589070055226002,1.474150935285697,665742,666182,673357,0,1,Top,,,,,,,8.035774393654306,-134.66372641736712,-7.300184375115437,-14.82577324172683,29.811384393289035,-12.612486396917896,3.327952756,1.679527559,,,,93.4,2306,6.8,823240,672275,666464,650333,656305,642715,671218,664056,808982,53.67,,,,,,,,5,2,4-Seam Fastball,0,1,1,0,1,0,1,0,Standard,Standard,213,-0.005,0.032,,,,-0.032,,-1,1,0.271,0.729,31,26,32,27,1,0,6,2,5,1,1.18,1.07,-1.07,46.2,,,,,
SL,2026-04-03,84.5,0.95,6.37,"Lindor, Francisco",596019,657424,,called_strike,,,,,9,Called Strike,R,R,L,SF,NYM,S,,,0,0,2026,-0.4,0.1,0.3373569488671268,1.9557526041445694,,,701807,1,8,Top,,,,,,,-0.6116370002709511,-123.1128276322677,-3.9341750110972593,-3.9418116068043205,23.091697752690756,-30.628300493729014,3.107668963,1.568356299,,,,84.8,2269,6.3,823240,672275,666464,650333,656305,642715,671218,664056,808982,54.18,,,,,,,,62,1,Slider,2,8,8,2,8,2,8,2,Standard,Standard,241,0,-0.04,,,,0.04,,-6,6,0.008,0.992,33,32,33,33,1,4,4,1,3,1,3.07,-0.4,0.4,47.9,,,,,
CH,2026-04-03,88,-2.48,6.26,"Lindor, Francisco",596019,664141,,ball,,,,,11,Ball,R,L,R,SF,NYM,B,,,0,1,2026,-1.53,0.42,-1.128604398467853,3.3072243604927394,,,,0,7,Top,,,,,,,6.409116724242557,-127.90218172943456,-1.610648146587602,-18.15747829890791,30.774748766926045,-27.519948623131096,3.107668963,1.568356299,,,,86.5,2009,5.8,823240,672275,666464,650333,656305,642715,671218,664056,808982,54.73,,,,,,,,49,2,Changeup,2,6,6,2,6,2,6,2,Infield shade,Standard,234,-0.001,0.031,,,,-0.031,,-4,4,0.06,0.94,32,32,33,33,1,3,3,1,2,1,2.57,1.53,-1.53,41.0,,,,,
SL,2026-04-03,86.5,1.39,6.48,"Benge, Carson",701807,669062,,swinging_strike,,,,,13,Swinging Strike,R,L,L,SF,NYM,S,,,1,0,2026,0,-0.14,-1.060265006457414,1.2361904245658137,683146,,543760,1,9,Top,,,,,,,-5.795508241674906,-125.67338138363621,-5.593834827461134,1.390168095144474,30.605523259897566,-32.52989365526015,3.259498032,1.644980315,,,,86.1,2618,6.6,823240,672275,666464,650333,656305,642715,671218,664056,808982,53.89,,,,,,,,75,2,Slider,3,9,9,3,9,3,9,3,Standard,Standard,325,0,-0.059,76.6,7.3,,0.059,,-6,6,0.002,0.998,28,23,28,23,1,4,6,2,2,1,3.25,0,0,41.0,8.562368682332886,1.783731268071704,30.43378564377165,49.70387894075152,31.335603018521336
FF,2026-04-03,91.9,-1.75,5.39,"Baty, Brett",683146,641816,,called_strike,,,,,8,Called Strike,R,L,R,SF,NYM,S,,,1,1,2026,-1.02,1.44,-0.2538631053866618,2.0645551483330262,665742,666182,673357,0,1,Top,,,,,,,6.047617227867949,-133.64719318172678,-5.569536722705504,-13.503308814464143,30.043152050474976,-13.912399278636634,3.327952756,1.679527559,,,,92.5,2256,6.8,823240,672275,666464,650333,656305,642715,671218,664056,808982,53.7,,,,,,,,5,3,4-Seam Fastball,0,1,1,0,1,0,1,0,Standard,Standard,219,0.013,-0.076,,,,0.076,,-1,1,0.266,0.734,31,26,32,27,1,0,6,2,5,1,1.27,1.02,-1.02,47.0,,,,,
FF,2026-04-03,91.2,0.66,6.59,"Lindor, Francisco",596019,657424,,swinging_strike,,,,,11,Swinging Strike,R,R,L,SF,NYM,S,,,0,1,2026,-0.13,1.24,-0.03713553713234617,3.5931334705235862,,,701807,1,8,Top,,,,,,,-1.43400139708317,-132.8275159269086,-4.160818680450849,-1.2835183681298514,28.49287113692629,-16.81032067863718,3.107668963,1.568356299,,,,91.1,2201,6.2,823240,672275,666464,650333,656305,642715,671218,664056,808982,54.3,,,,,,,,62,2,4-Seam Fastball,2,8,8,2,8,2,8,2,Standard,Standard,161,0.001,-0.047,72.1,7.0,,0.047,,-6,6,0.008,0.992,33,32,33,33,1,4,4,1,3,1,1.5,-0.13,0.13,54.3,12.880021925633534,3.8832209756902776,26.691638988266597,33.569568404773115,23.744086855635707
SL,2026-04-03,86,1.31,6.5,"Benge, Carson",701807,669062,,ball,,,,,13,Ball,R,L,L,SF,NYM,B,,,1,1,2026,-0.5,-0.67,-1.0433928148803253,1.7800241895808764,683146,,543760,1,9,Top,,,,,,,-4.489214618891533,-124.98661052249149,-3.1260473357456684,-4.042458690682546,31.159759767955787,-38.57310193005699,3.259498032,1.644980315,,,,85.6,2565,6.6,823240,672275,666464,650333,656305,642715,671218,664056,808982,53.85,,,,,,,,75,3,Slider,3,9,9,3,9,3,9,3,Standard,Standard,323,0,0.044,,,,-0.044,,-6,6,0.002,0.998,28,23,28,23,1,4,6,2,2,1,3.82,-0.5,-0.5,43.4,,,,,
CH,2026-04-03,88,-2.54,6.25,"Lindor, Francisco",596019,664141,,ball,,,,,11,Ball,R,L,R,SF,NYM,B,,,1,1,2026,-1.37,0.74,-1.0948584549924754,3.337849024029972,,,,0,7,Top,,,,,,,6.289778236154847,-128.01226099798777,-2.244077341607865,-16.350788223948495,28.9057800256917,-23.82669135443841,3.107668963,1.568356299,,,,87,2139,5.9,823240,672275,666464,650333,656305,642715,671218,664056,808982,54.6,,,,,,,,49,3,Changeup,2,6,6,2,6,2,6,2,Infield shade,Standard,232,-0.001,0.055,,,,-0.055,,-4,4,0.059,0.9410000000000001,32,32,33,33,1,3,3,1,2,1,2.23,1.37,-1.37,47.2,,,,,
SI,2026-04-03,95,1.18,6.64,"Benge, Carson",701807,669062,,called_strike,,,,,1,Called Strike,R,L,L,SF,NYM,S,,,2,1,2026,1.52,0.96,-0.3416161682739316,2.8178541791733496,683146,,543760,1,9,Top,,,,,,,-7.441617278321437,-138.0083690324551,-6.297951822852932,21.113046438767913,32.367884975025575,-18.668717812147218,3.259498032,1.644980315,,,,95.3,2232,6.7,823240,672275,666464,650333,656305,642715,671218,664056,808982,53.84,,,,,,,,75,4,Sinker,3,9,9,3,9,3,9,3,Standard,Standard,132,0,-0.069,,,,0.069,,-6,6,0.002,0.998,28,23,28,23,1,4,6,2,2,1,1.59,1.52,1.52,39.1,,,,,
FS,2026-04-03,86.2,-1.67,5.55,"Baty, Brett",683146,641816,grounded_into_double_play,hit_into_play,,,,,13,"Brett Baty grounds into a double play, pitcher Tyler Mahle to catcher Patrick Bailey to first baseman Jerar Encarnacion. Juan Soto out at home. Bo Bichette to 3rd. Luis Robert Jr. to 2nd. Brett Baty out at 1st.",R,L,R,SF,NYM,X,1,ground_ball,1,2,2026,-1.25,0.18,-0.8155183180551355,1.5319210737790478,665742,666182,673357,0,1,Top,132.55,181.58,,,,,4.6358068846009335,-125.50319341174551,-3.5264181390114713,-14.202213219354334,23.913423636992086,-29.773986543226126,3.327952756,1.679527559,7,91,-12,87.1,1687,6.7,823240,672275,666464,650333,656305,642715,671218,664056,808982,53.83,0.15,0.147,0,1,0,0,2,5,4,Split-Finger,0,1,1,0,1,0,1,0,Standard,Standard,234,0.117,-0.178,70.5,7.9,0.183,0.178,91.0,-1,1,0.279,0.721,31,26,32,27,1,0,6,2,5,1,2.87,1.25,-1.25,39.8,7.050433064781911,10.960369529336674,36.9311806295972,46.16884607208321,23.91335438701513
FF,2026-04-03,92.5,0.43,6.59,"Lindor, Francisco",596019,657424,,ball,,,,,12,Ball,R,R,L,SF,NYM,B,,,0,2,2026,0.41,1.43,1.3289192998706492,3.356750257717425,,,701807,1,8,Top,,,,,,,1.3305018333071568,-134.5888354284164,-5.360948574368501,4.696355762160592,31.157496982408855,-13.864779613079971,3.107668963,1.568356299,,,,92,2141,6.2,823240,672275,666464,650333,656305,642715,671218,664056,808982,54.35,,,,,,,,62,3,4-Seam Fastball,2,8,8,2,8,2,8,2,Standard,Standard,159,0,0.01,,,,-0.01,,-6,6,0.009,0.991,33,32,33,33,1,4,4,1,3,1,1.25,0.41,-0.41,54.1,,,,,
SI,2026-04-03,93.4,-2.41,6.28,"Lindor, Francisco",596019,664141,,foul,,,,,13,Foul,R,L,R,SF,NYM,S,,,2,1,2026,-1.42,0.77,-1.1933747086576338,2.2270122047491077,,,,0,7,Top,,,,,,,6.194292905733308,-135.74524875094266,-6.040542885798439,-18.924111610085177,32.639136164939444,-21.521434151525536,3.107668963,1.568356299,208,75.1,47,92,2206,5.7,823240,672275,666464,650333,656305,642715,671218,664056,808982,54.76,,,,,,,,49,4,Sinker,2,6,6,2,6,2,6,2,Infield shade,Standard,220,0.002,-0.073,70.7,7.3,,0.073,88.0,-4,4,0.058,0.942,32,32,33,33,1,3,3,1,2,1,1.87,1.42,-1.42,42.0,6.7635048434686285,13.867789201966133,31.101841724512653,47.73952306395239,20.71036802661626
CH,2026-04-03,84.7,0.95,6.14,"Lindor, Francisco",596019,657424,,ball,,,,,13,Ball,R,R,L,SF,NYM,B,,,1,2,2026,0.84,0.7,-0.1883917826842456,0.3034470449111297,,,701807,1,8,Top,,,,,,,-4.3621792379111755,-123.08893673401984,-8.421902501816271,9.380840399225306,25.21385068207917,-23.549520115920117,3.107668963,1.568356299,,,,85.1,1167,6.7,823240,672275,666464,650333,656305,642715,671218,664056,808982,53.78,,,,,,,,62,4,Changeup,2,8,8,2,8,2,8,2,Standard,Standard,133,-0.001,0.044,,,,-0.044,,-6,6,0.009,0.991,33,32,33,33,1,4,4,1,3,1,2.49,0.84,-0.84,44.4,,,,,
CH,2026-04-03,88.4,-2.36,6.17,"Lindor, Francisco",596019,664141,,foul,,,,,7,Foul,R,L,R,SF,NYM,S,,,2,2,2026,-1.45,0.32,-0.5128602298789464,1.5224857978748512,,,,0,7,Top,,,,,,,7.462619760767947,-128.5130083957784,-5.631610569063795,-17.644198276982674,26.68518481881994,-27.6287087280326,3.107668963,1.568356299,,,,87.8,2011,5.9,823240,672275,666464,650333,656305,642715,671218,664056,808982,54.56,,,,,,,,49,5,Changeup,2,6,6,2,6,2,6,2,Infield shade,Standard,233,0,0,74.3,7.8,,0,,-4,4,0.06,0.94,32,32,33,33,1,3,3,1,2,1,2.6,1.45,-1.45,40.5,21.881101315250955,-10.059036265711722,35.15928551262214,39.248477740332774,35.80899525797748
FF,2026-04-03,93.5,-1.42,5.43,"Vientos, Mark",668901,641816,,ball,,,,,14,Ball,R,R,R,SF,NYM,B,,,0,0,2026,-1.01,1.46,1.2945317180013143,1.5248512116918285,666182,673357,,2,1,Top,,,,,,,9.282392922315378,-135.642565038774,-7.363842660687243,-14.654400743625404,32.27479464721486,-12.672647851920052,3.340239501,1.685728347,,,,94,2276,7,823240,672275,666464,650333,656305,642715,671218,664056,808982,53.54,,,,,,,,6,1,4-Seam Fastball,0,1,1,0,1,0,1,0,Infield shade,Standard,217,-0.001,0.002,,,,-0.002,,-1,1,0.396,0.604,31,26,32,27,1,0,6,1,5,1,1.18,1.01,1.01,44.9,,,,,
SI,2026-04-03,97.3,0.99,6.53,"Benge, Carson",701807,669062,,ball,,,,,11,Ball,R,L,L,SF,NYM,B,,,2,2,2026,1.63,0.71,-1.4361058742662696,2.604536090140812,683146,,543760,1,9,Top,,,,,,,-10.264880106807025,-141.17060234860307,-6.402580942333021,24.183914629611543,34.519219244356236,-21.291641999393615,3.259498032,1.644980315,,,,97.3,2296,6.6,823240,672275,666464,650333,656305,642715,671218,664056,808982,53.89,,,,,,,,75,5,Sinker,3,9,9,3,9,3,9,3,Standard,Standard,136,0,0.053,,,,-0.053,,-6,6,0.002,0.998,28,23,28,23,1,4,6,2,2,1,1.72,1.63,1.63,41.6,,,,,
SL,2026-04-03,85.2,1.31,6.44,"Benge, Carson",701807,669062,force_out,hit_into_play,,,,,7,"Carson Benge grounds into a force out, second baseman Luis Arraez to shortstop Willy Adames. Brett Baty scores. Marcus Semien out at 2nd. Carson Benge to 1st.",R,L,L,SF,NYM,X,4,ground_ball,3,2,2026,-0.2,-0.29,-0.5736212211631673,1.8203555245043423,683146,,543760,1,9,Top,155.36,157.26,,,,,-3.9689053469291413,-123.85360168703677,-3.5421374438247404,-1.0632042896812361,30.405512790950013,-34.536392663866216,3.259498032,1.644980315,5,107.1,-22,84.9,2488,6.7,823240,672275,666464,650333,656305,642715,671218,664056,808982,53.79,0.17,0.153,0,1,0,0,2,75,6,Slider,3,9,9,3,10,3,10,3,Standard,Standard,306,-0.001,-0.289,,,0.179,0.289,107.1,-6,6,0.002,0.998,28,23,28,23,1,4,6,2,2,1,3.5,-0.2,-0.2,37.8,,,,,
SL,2026-04-03,84.6,0.56,6.35,"Lindor, Francisco",596019,657424,single,hit_into_play,,,,,7,Francisco Lindor singles on a line drive to center fielder Harrison Bader. Carson Benge to 3rd.,R,R,L,SF,NYM,X,8,line_drive,2,2,2026,-0.41,0.24,-0.6585519632044152,1.8495875303356142,,701807,,1,8,Top,132.49,96.35,,,,,-1.9761486294811281,-123.22554426307799,-4.463540823123917,-3.882652253766094,21.792877127538272,-29.109260397523613,3.107668963,1.568356299,227,74.6,21,85.2,2265,6.4,823240,672275,666464,650333,656305,642715,671218,664056,808982,54.15,0.983,0.885,0.9,1,1,0,4,62,5,Slider,2,8,8,2,8,2,8,2,Standard,Standard,241,-0.002,0.588,71.4,7.0,1.027,-0.588,88.0,-6,6,0.008,0.992,33,32,33,33,1,4,4,1,3,1,2.91,-0.41,0.41,48.9,0.3861644187912719,2.098560775013298,40.26698817953328,26.513293644028668,26.2457509069492
CH,2026-04-03,87.8,-2.48,6.2,"Lindor, Francisco",596019,664141,,ball,,,,,11,Ball,R,L,R,SF,NYM,B,,,2,2,2026,-1.55,0.5,-2.3368676363139573,3.665073952856219,,,,0,7,Top,,,,,,,3.577530251063328,-127.85372477655186,-0.8540324712680799,-17.74499347667948,28.080192634779596,-26.755671799986683,3.107668963,1.568356299,,,,86.9,2057,5.8,823240,672275,666464,650333,656305,642715,671218,664056,808982,54.69,,,,,,,,49,6,Changeup,2,6,6,2,6,2,6,2,Infield shade,Standard,233,-0.002,0.112,,,,-0.112,,-4,4,0.06,0.94,32,32,33,33,1,3,3,1,2,1,2.47,1.55,-1.55,46.3,,,,,
FS,2026-04-03,86.1,-1.63,5.53,"Vientos, Mark",668901,641816,,blocked_ball,,,,,14,Ball In Dirt,R,R,R,SF,NYM,B,,,1,0,2026,-1.11,0.22,1.054599293782232,0.33190325319519776,666182,673357,,2,1,Top,,,,,,,8.61495406657649,-125.06439760176322,-6.329197610637886,-13.35929656114005,23.548968785205105,-28.808811771402432,3.340239501,1.685728347,,,,86.7,1479,6.6,823240,672275,666464,650333,656305,642715,671218,664056,808982,53.85,,,,,,,,6,2,Split-Finger,0,1,1,0,1,0,1,0,Infield shade,Standard,232,-0.003,0.005,,,,-0.005,,-1,1,0.395,0.605,31,26,32,27,1,0,6,1,5,1,2.85,1.11,1.11,40.7,,,,,
FF,2026-04-03,92,0.42,6.57,"Taylor, Tyrone",621438,657424,,foul,,,,,2,Foul,R,R,L,SF,NYM,S,,,0,0,2026,0.21,1.41,-0.11837720713369942,3.1835962689075816,701807,,596019,1,8,Top,,,,,,,-1.8165367982776284,-133.94227200051847,-5.627851616846959,2.9374525519920907,29.406502350200903,-14.252038649634997,3.231414042,1.630807087,142,72.7,24,92,2065,6.3,823240,672275,666464,650333,656305,642715,671218,664056,808982,54.22,,,,,,,,63,1,4-Seam Fastball,2,8,8,2,8,2,8,2,Strategic,Standard,159,0,-0.041,71.4,6.7,,0.041,88.0,-6,6,0.006,0.994,33,32,33,32,1,3,4,1,3,1,1.29,0.21,-0.21,53.7,7.587140957284874,1.2361826180913416,27.36399203352736,33.598523416599704,24.495067004015297
SL,2026-04-03,87.6,-2.21,6.29,"Lindor, Francisco",596019,664141,walk,blocked_ball,,,,,14,Francisco Lindor walks.,R,L,R,SF,NYM,B,,,3,2,2026,-0.1,0.24,1.3315783784438078,0.26481195210699493,,,,0,7,Top,,,,,,,8.556535699741513,-127.15093799095997,-8.483018020380154,-2.942752215807887,27.01321885621745,-27.949108665643756,3.107668963,1.568356299,,,,86.6,2523,5.9,823240,672275,666464,650333,656305,642715,671218,664056,808982,54.64,,0.709062,0.7,1,0,0,,49,7,Slider,2,6,6,2,6,2,6,2,Infield shade,Standard,264,-0.007,0.356,,,,-0.356,,-4,4,0.058,0.942,32,32,33,33,1,3,3,1,2,1,2.76,0.1,-0.1,48.4,,,,,
FF,2026-04-03,93.4,-1.55,5.49,"Vientos, Mark",668901,641816,,ball,,,,,14,Ball,R,R,R,SF,NYM,B,,,2,0,2026,-0.7,1.45,0.9079954274703451,2.426306329805444,666182,673357,,2,1,Top,,,,,,,7.9108147027655855,-135.83968493380485,-5.256450203968625,-10.376464450106717,29.014933912744418,-13.23808176396923,3.340239501,1.685728347,,,,94.5,2307,6.9,823240,672275,666464,650333,656305,642715,671218,664056,808982,53.57,,,,,,,,6,3,4-Seam Fastball,0,1,1,0,1,0,1,0,Infield shade,Standard,217,-0.004,0.029,,,,-0.029,,-1,1,0.392,0.608,31,26,32,27,1,0,6,1,5,1,1.16,0.7,0.7,45.7,,,,,
FF,2026-04-03,92.9,-1.67,5.49,"Vientos, Mark",668901,641816,walk,ball,,,,,12,"Mark Vientos challenged (pitch result), call on the field was overturned: Mark Vientos walks.",R,R,R,SF,NYM,B,,,3,0,2026,-0.85,1.39,0.974999098146916,2.564775935334149,666182,673357,,2,1,Top,,,,,,,8.656997520122099,-135.07566448164113,-4.641011058020821,-12.284560416038625,28.859223440232494,-14.303385749310625,3.340239501,1.685728347,,,,93.8,2225,6.8,823240,672275,666464,650333,656305,642715,671218,664056,808982,53.71,,0.709062,0.7,1,0,0,,6,4,4-Seam Fastball,0,1,1,0,1,0,1,0,Infield shade,Standard,224,-0.006,0.05,,,,-0.05,,-1,1,0.388,0.612,31,26,32,27,1,0,6,1,5,1,1.25,0.85,0.85,42.5,,,,,
FF,2026-04-03,92.3,0.52,6.59,"Taylor, Tyrone",621438,657424,,ball,,,,,12,Ball,R,R,L,SF,NYM,B,,,0,1,2026,-0.03,1.47,0.9715138453351989,4.654142195259563,701807,,596019,1,8,Top,,,,,,,1.2092687433773988,-134.36002435113963,-2.131891117588885,-0.6870150421559941,32.25224830660602,-14.241068466236152,3.231414042,1.630807087,,,,91.8,2173,6.2,823240,672275,666464,650333,656305,642715,671218,664056,808982,54.3,,,,,,,,63,2,4-Seam Fastball,2,8,8,2,8,2,8,2,Strategic,Standard,161,0,0.012,,,,-0.012,,-6,6,0.006,0.994,33,32,33,32,1,3,4,1,3,1,1.23,-0.03,0.03,52.9,,,,,
SI,2026-04-03,92.6,-2.36,6.28,"Taylor, Tyrone",621438,664141,,foul,,,,,11,Foul,R,R,R,SF,NYM,S,,,0,0,2026,-1.27,0.77,-1.2932876944580565,2.8700250100207954,,,596019,0,7,Top,,,,,,,5.432073664913782,-134.70559568637776,-4.361401488474587,-16.640420195806392,28.775718953499762,-22.011905097553434,3.231414042,1.630807087,106,80,9,91.7,2037,5.7,823240,672275,666464,650333,656305,642715,671218,664056,808982,54.8,,,,,,,,50,1,Sinker,2,6,6,2,6,2,6,2,Infield shade,Standard,219,0.001,-0.043,,,,0.043,88.0,-4,4,0.051,0.949,32,32,33,32,1,2,3,1,2,1,1.88,1.27,1.27,41.5,,,,,
SI,2026-04-03,92.4,-2.54,6.27,"Taylor, Tyrone",621438,664141,,foul,,,,,13,Foul,R,R,R,SF,NYM,S,,,0,1,2026,-1.19,1.04,-1.2391301012822633,2.292903612753354,,,596019,0,7,Top,,,,,,,5.849929498193652,-134.3141810996171,-6.308812583217545,-15.726006214241831,29.043008492165796,-18.4583018183871,3.231414042,1.630807087,7,71.7,-17,91.4,2098,5.7,823240,672275,666464,650333,656305,642715,671218,664056,808982,54.78,,,,,,,,50,2,Sinker,2,6,6,2,6,2,6,2,Infield shade,Standard,226,0.002,-0.053,67.3,7.0,,0.053,88.0,-4,4,0.052,0.948,32,32,33,32,1,2,3,1,2,1,1.64,1.19,1.19,40.0,8.775972347715042,-6.729106553462375,39.9151574981448,21.08231590166799,24.718075407382795
FF,2026-04-03,92.9,-1.69,5.49,"Semien, Marcus",543760,641816,,called_strike,,,,,6,Called Strike,R,R,R,SF,NYM,S,,,0,0,2026,-0.88,1.46,0.6955232845001065,2.204591701248722,666182,673357,668901,2,1,Top,,,,,,,8.081834610403666,-135.01474027996292,-5.7358366299138694,-12.500244667232273,29.10013697032503,-13.239014386705895,3.212106299,1.621062992,,,,93.9,2371,6.9,823240,672275,666464,650333,656305,642715,671218,664056,808982,53.58,,,,,,,,7,1,4-Seam Fastball,0,1,1,0,1,0,1,0,Infield shade,Standard,217,0.01,-0.035,,,,0.035,,-1,1,0.382,0.618,31,35,32,36,1,0,6,1,5,1,1.19,0.88,0.88,46.1,,,,,
CH,2026-04-03,84,0.55,6.23,"Taylor, Tyrone",621438,657424,,swinging_strike,,,,,14,Swinging Strike,R,R,L,SF,NYM,S,,,1,1,2026,0.92,0.72,0.421143205693512,1.2962461245908536,701807,,596019,1,8,Top,,,,,,,-2.1580261113675943,-122.17537928652493,-6.217866890483211,9.676274132551647,24.937472499222583,-23.89156216464522,3.231414042,1.630807087,,,,84.2,1067,6.5,823240,672275,666464,650333,656305,642715,671218,664056,808982,53.95,,,,,,,,63,3,Changeup,2,8,8,2,8,2,8,2,Strategic,Standard,128,0.001,-0.058,72.5,8.8,,0.058,,-6,6,0.006,0.994,33,32,33,32,1,3,4,1,3,1,2.52,0.92,-0.92,46.1,23.743818869307617,-30.536503733665537,35.51232808071291,39.59962583075247,47.51705720724061
FF,2026-04-03,91.2,0.14,6.64,"Taylor, Tyrone",621438,657424,,ball,,,,,11,Ball,R,R,L,SF,NYM,B,,,1,2,2026,-0.17,1.42,-0.1701098205567064,5.038181777687512,701807,,596019,1,8,Top,,,,,,,-0.41159412646671,-132.8185004594857,-1.0514913926753429,-1.8636782284575544,30.932799099243447,-15.436012545830037,3.231414042,1.630807087,,,,90.7,2147,6.2,823240,672275,666464,650333,656305,642715,671218,664056,808982,54.35,,,,,,,,63,4,4-Seam Fastball,2,8,8,2,8,2,8,2,Strategic,Standard,163,-0.001,0.033,,,,-0.033,,-6,6,0.007,0.993,33,32,33,32,1,3,4,1,3,1,1.33,-0.17,0.17,55.8,,,,,
SL,2026-04-03,86,-2.17,6.35,"Taylor, Tyrone",621438,664141,,foul,,,,,14,Foul,R,R,R,SF,NYM,S,,,0,2,2026,0.03,0.1,0.9814472707332318,1.3432643171420504,,,596019,0,7,Top,,,,,,,7.222466429158263,-125.12447624939344,-5.557723416453393,-1.018327615525418,23.80143113596347,-30.213567146295496,3.231414042,1.630807087,1,75.6,-47,85.2,2624,5.7,823240,672275,666464,650333,656305,642715,671218,664056,808982,54.84,,,,,,,,50,3,Slider,2,6,6,2,6,2,6,2,Infield shade,Standard,40,0,0,63.7,7.7,,0,88.0,-4,4,0.054,0.946,32,32,33,32,1,2,3,1,2,1,2.97,-0.03,-0.03,49.4,7.589515832695968,3.970309236194839,30.864700786077325,46.454600514843165,26.15588582822787
FS,2026-04-03,85.7,-1.57,5.61,"Semien, Marcus",543760,641816,single,hit_into_play,,,,,13,Marcus Semien singles on a line drive to left fielder Heliot Ramos. Bo Bichette scores. Luis Robert Jr. to 3rd. Mark Vientos to 2nd.,R,R,R,SF,NYM,X,7,line_drive,0,1,2026,-1.27,0.66,-0.18353780218174154,1.4542971492625187,666182,673357,668901,2,1,Top,92.09,97.04,,,,,5.892151034019101,-124.71401793543947,-4.754186609412233,-14.441543880249458,23.470290748364807,-24.49787515665977,3.212106299,1.621062992,183,98.9,9,86.5,1690,6.7,823240,672275,666464,650333,656305,642715,671218,664056,808982,53.82,0.617,0.564,0.9,1,1,0,4,7,2,Split-Finger,0,1,1,0,2,0,2,0,Infield shade,Standard,228,-0.096,0.566,65.6,7.7,0.674,-0.566,98.9,-1,1,0.392,0.608,31,35,32,36,1,0,6,1,5,1,2.42,1.27,1.27,44.6,14.527087983328723,6.892122642480911,43.346007761610174,28.372356915476463,27.78944066806845
SI,2026-04-03,93.5,-2.2,6.37,"Taylor, Tyrone",621438,664141,strikeout,swinging_strike,,,,,3,Tyrone Taylor strikes out swinging.,R,R,R,SF,NYM,S,2,,0,2,2026,-1.18,1.09,0.4532253554670247,2.9839943873146355,,,596019,0,7,Top,,,,,,,9.267676928784551,-135.78548146643732,-5.133993896313635,-16.681709252673738,31.04176641069466,-17.67534131949431,3.231414042,1.630807087,,,,92.2,2182,5.7,823240,672275,666464,650333,656305,642715,671218,664056,808982,54.75,,0,0,1,0,0,,50,4,Sinker,2,6,6,2,6,2,6,2,Infield shade,Standard,226,0.005,-0.148,70.1,6.7,,0.148,,-4,4,0.054,0.946,32,32,33,32,1,2,3,1,2,1,1.53,1.18,1.18,49.1,1.2316178570738123,15.823242099832058,30.702803935118617,40.81813115213384,15.773265217725225
FF,2026-04-03,91.9,0.36,6.58,"Taylor, Tyrone",621438,657424,,foul,,,,,12,Foul,R,R,L,SF,NYM,S,,,2,2,2026,-0.06,1.38,0.05845935431994765,3.666081282625405,701807,,596019,1,8,Top,,,,,,,-0.6135566997802657,-133.7076221030706,-4.283472204694601,-0.5995004637398649,32.83582163481614,-14.974832334886077,3.231414042,1.630807087,228,71.2,35,91.1,2140,6.1,823240,672275,666464,650333,656305,642715,671218,664056,808982,54.36,,,,,,,,63,5,4-Seam Fastball,2,8,8,2,8,2,8,2,Strategic,Standard,161,0,0,68.6,6.5,,0,88.0,-6,6,0.006,0.994,33,32,33,32,1,3,4,1,3,1,1.35,-0.06,0.06,53.4,7.844421745970435,9.394298546070267,20.752358138221133,35.77723085155385,23.426340825624017
FF,2026-04-03,92.9,-1.58,5.55,"Benge, Carson",701807,641816,,called_strike,,,,,5,Called Strike,R,L,R,SF,NYM,S,,,0,0,2026,-0.84,1.53,-0.1267763040113128,2.3301429093808057,673357,668901,543760,2,1,Top,,,,,,,5.569309101787184,-135.09182716579585,-5.636709681959638,-11.495511607708057,32.23762822340095,-12.438632956435995,3.259498032,1.644980315,,,,93.1,2378,6.7,823240,672275,666464,650333,656305,642715,671218,664056,808982,53.81,,,,,,,,8,1,4-Seam Fastball,0,2,2,0,2,0,2,0,Strategic,Standard,214,0.008,-0.035,,,,0.035,,-2,2,0.296,0.704,31,23,32,23,1,0,6,2,5,1,1.14,0.84,-0.84,45.3,,,,,
SL,2026-04-03,87.1,-2.34,6.33,"Bichette, Bo",666182,664141,,foul,,,,,9,Foul,R,R,R,SF,NYM,S,,,0,0,2026,-0.01,0.16,0.7326880771877415,1.7263142870143695,,,596019,1,7,Top,,,,,,,7.195803800507914,-126.66949050921136,-4.9385537892400055,-1.4882043375910006,25.121039170426773,-29.64899472663076,3.162081693,1.595816929,171,75.5,58,86.2,2564,5.7,823240,672275,666464,650333,656305,642715,671218,664056,808982,54.83,,,,,,,,51,1,Slider,2,6,6,2,6,2,6,2,Standard,Standard,267,0.001,-0.04,72.3,8.1,,0.04,88.0,-4,4,0.059,0.9410000000000001,32,28,33,28,1,3,3,1,2,1,2.84,0.01,0.01,44.7,6.6146380442669,-0.03337449455970668,35.85378677421202,41.838251779906074,25.531330962876343
FF,2026-04-03,93.2,-1.59,5.57,"Benge, Carson",701807,641816,,called_strike,,,,,13,Called Strike,R,L,R,SF,NYM,S,,,0,1,2026,-0.83,1.53,-0.857333380033577,1.9099254029689525,673357,668901,543760,2,1,Top,,,,,,,3.741997934352387,-135.46671831251578,-6.7815808071657635,-11.046747071898396,33.51571602475791,-12.11087942008199,3.259498032,1.644980315,,,,93.2,2358,6.6,823240,672275,666464,650333,656305,642715,671218,664056,808982,53.87,,,,,,,,8,2,4-Seam Fastball,0,2,2,0,2,0,2,0,Strategic,Standard,213,0.014,-0.05,,,,0.05,,-2,2,0.304,0.696,31,23,32,23,1,0,6,2,5,1,1.13,0.83,-0.83,43.7,,,,,
SL,2026-04-03,82.9,0.83,6.3,"Taylor, Tyrone",621438,657424,field_out,hit_into_play,,,,,8,Tyrone Taylor flies out to second baseman Luis Arraez.,R,R,L,SF,NYM,X,4,fly_ball,2,2,2026,-0.47,0.06,-0.11680076670285039,1.5967723502357747,701807,,596019,1,8,Top,146.27,139.36,,,,,-1.2138524956062886,-120.84784380169341,-4.21362434962194,-4.407099593147763,22.274871906422426,-30.989952953511448,3.231414042,1.630807087,161,81.5,63,83.6,2266,6.5,823240,672275,666464,650333,656305,642715,671218,664056,808982,53.99,0.011,0.012,0,1,0,0,3,63,6,Slider,2,8,8,2,8,2,8,2,Infield shade,Standard,297,0.002,-0.084,71.3,8.2,0.017,0.084,88.0,-6,6,0.006,0.994,33,32,33,32,1,3,4,1,3,1,3.23,-0.47,0.47,49.3,12.125522812090864,-22.464296635584486,38.16881357507843,34.41420560444085,37.83821507246339
SL,2026-04-03,83.6,0.84,6.28,"Bichette, Bo",666182,657424,,blocked_ball,,,,,13,Ball In Dirt,R,R,L,SF,NYM,B,,,0,0,2026,-0.35,-0.09,-0.7522883350165706,0.7472819419715431,701807,,596019,2,8,Top,,,,,,,-2.9243272850045012,-121.72625554706413,-5.895415014727141,-2.9194700072844015,23.68646246956348,-32.114283881838496,3.162081693,1.595816929,,,,83.9,2301,6.4,823240,672275,666464,650333,656305,642715,671218,664056,808982,54.08,,,,,,,,64,1,Slider,2,8,8,2,8,2,8,2,Standard,Standard,272,0,0.009,,,,-0.009,,-6,6,0.008,0.992,33,28,33,28,1,4,4,1,3,1,3.34,-0.35,0.35,46.9,,,,,
SI,2026-04-03,93.5,-2.31,6.31,"Bichette, Bo",666182,664141,,foul,,,,,2,Foul,R,R,R,SF,NYM,S,,,0,1,2026,-1.3,0.93,0.18883134725574569,2.7867306475157383,,,596019,1,7,Top,,,,,,,9.148626047245799,-135.8155106066513,-5.148716829134375,-18.106710539623034,29.573342677173596,-19.64931306663267,3.162081693,1.595816929,214,74.1,42,92.4,2319,5.7,823240,672275,666464,650333,656305,642715,671218,664056,808982,54.77,,,,,,,,51,2,Sinker,2,6,6,2,6,2,6,2,Standard,Standard,217,0.002,-0.047,70.1,6.8,,0.047,88.0,-4,4,0.06,0.94,32,28,33,28,1,3,3,1,2,1,1.68,1.3,1.3,47.0,-9.457839722559873,20.92310306304059,34.265630260638325,36.260801476341065,17.91156424109316
FF,2026-04-03,92.8,-1.53,5.6,"Benge, Carson",701807,641816,strikeout,swinging_strike,,,,,9,Carson Benge strikes out swinging.,R,L,R,SF,NYM,S,2,,0,2,2026,-0.86,1.54,0.2793475072913023,2.01570277266964,673357,668901,543760,2,1,Top,,,,,,,6.510661694344487,-134.84008902360966,-6.535400754617819,-11.932242606155137,32.8444003217895,-12.120159161794684,3.259498032,1.644980315,,,,92.7,2320,6.6,823240,672275,666464,650333,656305,642715,671218,664056,808982,53.92,,0,0,1,0,0,,8,3,4-Seam Fastball,0,2,2,0,2,0,2,0,Strategic,Standard,221,0.034,-0.171,72.9,6.6,,0.171,,-2,2,0.318,0.6819999999999999,31,23,32,23,1,0,6,2,5,1,1.14,0.86,-0.86,45.3,4.525823972281385,-2.9937830019928016,41.7592834948575,32.130647742588266,30.34093913638624
FF,2026-04-03,91.1,-1.54,5.49,"Alvarez, Francisco",682626,641816,,ball,,,,,14,Ball,R,R,R,SF,NYM,B,,,0,0,2026,-0.89,1.56,1.1418215704881676,1.3788642566240927,,,,0,2,Top,,,,,,,8.691419915607845,-132.14052519284556,-7.615740928265043,-12.35931051741761,29.807013080469076,-12.413386639402072,3.120833333,1.575,,,,91.8,2336,7,823240,672275,666464,650333,656305,642715,671218,664056,808982,53.5,,,,,,,,12,1,4-Seam Fastball,0,2,2,0,2,0,2,0,Strategic,Standard,215,-0.003,0.041,,,,-0.041,,-2,2,0.302,0.698,31,24,32,25,1,0,6,1,5,2,1.22,0.89,0.89,44.8,,,,,
FF,2026-04-03,92,0.41,6.58,"Bichette, Bo",666182,657424,,called_strike,,,,,2,Called Strike,R,R,L,SF,NYM,S,,,1,0,2026,0.09,1.37,0.1872538065339186,3.2421497578891336,701807,,596019,2,8,Top,,,,,,,-0.7444484984648317,-133.89968866588535,-5.459084806445938,1.246299494546825,28.4355991479188,-14.676132357987589,3.162081693,1.595816929,,,,92,2146,6.3,823240,672275,666464,650333,656305,642715,671218,664056,808982,54.23,,,,,,,,64,2,4-Seam Fastball,2,8,8,2,8,2,8,2,Standard,Standard,165,0,-0.037,,,,0.037,,-6,6,0.008,0.992,33,28,33,28,1,4,4,1,3,1,1.31,0.09,-0.09,53.4,,,,,
SI,2026-04-03,91.6,-2.21,6.34,"Bichette, Bo",666182,664141,double,hit_into_play,,,,,4,Bo Bichette doubles (2) on a line drive to right fielder Jung Hoo Lee. Francisco Lindor to 3rd.,R,R,R,SF,NYM,X,9,line_drive,0,2,2026,-1.54,0.79,-0.42760785447335503,2.1967654249078112,,,596019,1,7,Top,182.21,97.46,,,,,7.744500125971906,-133.0771781679546,-6.0095926033735445,-19.964319058778525,29.99925432390099,-21.602162192775115,3.162081693,1.595816929,216,100.6,10,90.5,2082,5.8,823240,672275,666464,650333,656305,642715,671218,664056,808982,54.71,0.84,0.816,1.25,1,1,1,4,51,3,Sinker,2,6,6,2,6,2,6,2,Standard,Standard,221,-0.023,0.878,,,1.024,-0.878,100.6,-4,4,0.062,0.938,32,28,33,28,1,3,3,1,2,1,1.94,1.54,1.54,43.7,,,,,
CH,2026-04-03,85.1,0.81,6.27,"Bichette, Bo",666182,657424,,ball,,,,,14,Ball,R,R,L,SF,NYM,B,,,1,1,2026,0.93,0.06,0.046142278013794114,0.8557108264729498,701807,,596019,2,8,Top,,,,,,,-3.669782755918771,-123.85519916643813,-6.2635278252178965,10.317301691222056,24.88326787032411,-30.486327517918475,3.162081693,1.595816929,,,,85.3,1123,6.5,823240,672275,666464,650333,656305,642715,671218,664056,808982,54.05,,,,,,,,64,3,Changeup,2,8,8,2,8,2,8,2,Standard,Standard,137,0,0.03,,,,-0.03,,-6,6,0.008,0.992,33,28,33,28,1,4,4,1,3,1,3.09,0.93,-0.93,45.3,,,,,
FF,2026-04-03,91.2,-1.55,5.51,"Alvarez, Francisco",682626,641816,,called_strike,,,,,3,Called Strike,R,R,R,SF,NYM,S,,,1,0,2026,-0.93,1.59,0.5413097743323548,2.658441393664207,,,,0,2,Top,,,,,,,7.2997721799811535,-132.62010722833756,-4.5812367098584525,-12.607247362002049,29.23293962417436,-12.627351948142413,3.120833333,1.575,,,,91.9,2347,6.8,823240,672275,666464,650333,656305,642715,671218,664056,808982,53.67,,,,,,,,12,2,4-Seam Fastball,0,2,2,0,2,0,2,0,Strategic,Standard,217,0.004,-0.05,,,,0.05,,-2,2,0.299,0.7010000000000001,31,24,32,25,1,0,6,1,5,2,1.16,0.93,0.93,40.9,,,,,
SL,2026-04-03,86.3,-2.3,6.38,"Robert Jr., Luis",673357,664141,,called_strike,,,,,9,Called Strike,R,R,R,SF,NYM,S,,,0,0,2026,-0.17,0.03,0.5342518364942996,1.846790258001052,596019,666182,,1,7,Top,,,,,,,6.913570301462887,-125.54168364947427,-4.4030180505995755,-3.108624808422367,22.846198097838386,-31.17536634824054,3.310400263,1.670669291,,,,85.5,2625,5.6,823240,672275,666464,650333,656305,642715,671218,664056,808982,54.91,,,,,,,,52,1,Slider,2,6,6,2,6,2,6,2,Strategic,Standard,253,0.003,-0.051,,,,0.051,,-4,4,0.039,0.961,32,28,33,29,1,3,3,1,2,2,3,0.17,0.17,43.6,,,,,
SL,2026-04-03,84.2,0.84,6.25,"Bichette, Bo",666182,657424,,foul,,,,,13,Foul,R,R,L,SF,NYM,S,,,2,1,2026,-0.42,-0.03,-0.061440861096501376,1.079223131790148,701807,596019,,2,8,Top,,,,,,,-1.221662740639351,-122.65873343545994,-5.37423138835112,-4.039264709700429,22.314427449896684,-31.66631206379115,3.162081693,1.595816929,185,72.2,57,84.8,2395,6.4,823240,672275,666464,650333,656305,642715,671218,664056,808982,54.06,,,,,,,,64,4,Slider,2,8,8,2,8,2,8,2,Strategic,Standard,254,0,-0.064,75.6,8.1,,0.064,88.0,-6,6,0.008,0.992,33,28,33,28,1,4,4,1,3,1,3.21,-0.42,0.42,48.5,10.644114120573203,-1.3550507816838755,42.114413034407725,32.94072581963009,31.880910027824548
SL,2026-04-03,87,-2.17,6.37,"Robert Jr., Luis",673357,664141,,blocked_ball,,,,,14,Ball In Dirt,R,R,R,SF,NYM,B,,,0,1,2026,-0.13,0.1,1.4986997710707137,0.6694335806526648,596019,666182,,1,7,Top,,,,,,,8.877449724701913,-126.41800673165392,-7.4043007659085545,-3.0691982488069898,23.324853142188424,-29.878408026109646,3.310400263,1.670669291,,,,86.5,2661,5.8,823240,672275,666464,650333,656305,642715,671218,664056,808982,54.68,,,,,,,,52,2,Slider,2,6,6,2,6,2,6,2,Strategic,Standard,244,-0.002,0.015,,,,-0.015,,-4,4,0.042,0.958,32,28,33,29,1,3,3,1,2,2,2.9,0.13,0.13,52.0,,,,,
SL,2026-04-03,83.2,-1.64,5.68,"Alvarez, Francisco",682626,641816,field_out,hit_into_play,,,,,9,Francisco Alvarez lines out to third baseman Matt Chapman.,R,R,R,SF,NYM,X,5,line_drive,1,1,2026,0.61,0.34,0.5630378323175662,2.044354162417217,,,,0,2,Top,89.48,145.51,,,,,3.8005553777250225,-121.16617643569988,-2.297525023349865,5.168488404244584,25.329512612768013,-28.609317951600612,3.120833333,1.575,164,85.6,12,83.4,2467,6.5,823240,672275,666464,650333,656305,642715,671218,664056,808982,53.96,0.68,0.654,0,1,0,0,4,12,3,Slider,0,2,2,0,2,0,2,0,Strategic,Standard,75,0.017,-0.251,78.3,7.9,0.775,0.251,88.0,-2,2,0.303,0.6970000000000001,31,24,32,25,1,0,6,1,5,2,2.97,-0.61,-0.61,46.3,13.20041884134394,-10.466702871079745,25.78559043207325,42.16873064062723,38.21901892715707
FS,2026-04-03,84,-1.88,5.61,"Lindor, Francisco",596019,641816,,called_strike,,,,,13,Called Strike,R,L,R,SF,NYM,S,,,0,0,2026,-1.08,0.22,-1.0657124308442514,1.8549145194153875,,,,1,2,Top,,,,,,,4.044709038702259,-122.369482862318,-2.572029582478235,-11.656913813261395,23.377517441044528,-29.64159103162354,3.107668963,1.568356299,,,,84.4,1422,6.4,823240,672275,666464,650333,656305,642715,671218,664056,808982,54.06,,,,,,,,13,1,Split-Finger,0,2,2,0,2,0,2,0,Infield shade,Standard,227,0.002,-0.039,,,,0.039,,-2,2,0.32,0.6799999999999999,31,32,32,33,2,1,6,1,5,1,2.99,1.08,-1.08,40.1,,,,,
FF,2026-04-03,92.1,0.12,6.59,"Bichette, Bo",666182,657424,strikeout,foul_tip,,,,,11,Bo Bichette strikes out on a foul tip.,R,R,L,SF,NYM,S,2,,2,2,2026,0.13,1.26,-0.5894851217407753,3.658366831524144,701807,596019,,2,8,Top,,,,,,,-2.0719741557233333,-134.11937188539068,-4.2148747165091045,2.016135797103346,29.051234062139905,-16.2479604822858,3.162081693,1.595816929,,,,92.1,2133,6.3,823240,672275,666464,650333,656305,642715,671218,664056,808982,54.23,,0,0,1,0,0,,64,5,4-Seam Fastball,2,8,8,2,8,2,8,2,Strategic,Standard,164,0.002,-0.219,30.6,4.3,,0.219,,-6,6,0.008,0.992,33,28,33,28,1,4,4,1,3,1,1.42,0.13,-0.13,55.2,-38.28884536509799,52.88769779457306,48.021501874383425,,
FF,2026-04-03,93,-2.08,6.45,"Robert Jr., Luis",673357,664141,,foul,,,,,9,Foul,R,R,R,SF,NYM,S,,,1,1,2026,-0.74,1.42,0.5326632070652422,2.1428056324567977,596019,666182,,1,7,Top,,,,,,,8.136106717526058,-135.07313166219416,-8.081043804118645,-10.769024091306722,29.308400024931913,-13.13513773726781,3.310400263,1.670669291,,,,91.9,2181,5.7,823240,672275,666464,650333,656305,642715,671218,664056,808982,54.75,,,,,,,,52,3,4-Seam Fastball,2,6,6,2,6,2,6,2,Strategic,Standard,220,0.005,-0.094,75.5,8.5,,0.094,,-4,4,0.04,0.96,32,28,33,29,1,3,3,1,2,2,1.22,0.74,0.74,51.7,14.878748790701767,-13.105239352868931,37.454747356677295,43.127010725994296,32.109847090814796
SL,2026-04-03,87.1,-2.19,6.38,"Robert Jr., Luis",673357,664141,single,hit_into_play,,,,,14,Luis Robert Jr. singles on a line drive to center fielder Harrison Bader. Francisco Lindor scores. Bo Bichette to 3rd.,R,R,R,SF,NYM,X,8,line_drive,1,2,2026,0.01,0.22,1.1081218234599308,1.4420660364099351,596019,666182,,1,7,Top,134.51,94.45,,,,,7.728021939690453,-126.57427450778663,-5.85957903408465,-1.4404930822111117,24.703498301207805,-28.79809838238066,3.310400263,1.670669291,225,75.4,19,86.4,2615,5.8,823240,672275,666464,650333,656305,642715,671218,664056,808982,54.68,0.98,0.89,0.9,1,1,0,4,52,4,Slider,2,6,6,2,7,2,7,2,Strategic,Standard,260,-0.022,0.616,68.3,8.2,1.04,-0.616,88.0,-4,4,0.045,0.955,32,28,33,29,1,3,3,1,2,2,2.78,-0.01,-0.01,48.1,9.322098896385356,-3.885420827624909,35.39362066428879,48.68463985842125,26.121503733814226
FF,2026-04-03,91.3,-1.72,5.43,"Lindor, Francisco",596019,641816,,called_strike,,,,,8,Called Strike,R,L,R,SF,NYM,S,,,0,1,2026,-1.01,1.55,-0.23909295566764355,1.9750043715168784,,,,1,2,Top,,,,,,,5.952581431875267,-132.62438159185962,-5.938117457562,-13.258520037704823,32.783062314190204,-12.826282006110903,3.107668963,1.568356299,,,,91.4,2277,6.8,823240,672275,666464,650333,656305,642715,671218,664056,808982,53.72,,,,,,,,13,2,4-Seam Fastball,0,2,2,0,2,0,2,0,Infield shade,Standard,215,0.003,-0.052,,,,0.052,,-2,2,0.322,0.6779999999999999,31,32,32,33,2,1,6,1,5,1,1.23,1.01,-1.01,44.3,,,,,
FS,2026-04-03,85.5,-1.87,5.43,"Lindor, Francisco",596019,641816,strikeout,swinging_strike,,,,,14,Francisco Lindor strikes out swinging.,R,L,R,SF,NYM,S,2,,0,2,2026,-0.94,0.71,0.025908957780400588,0.8617707885741575,,,,1,2,Top,,,,,,,6.359557782594559,-124.21398737917286,-5.668189292561079,-10.997893789364088,26.31357468090861,-23.84906554466876,3.107668963,1.568356299,,,,85.7,1607,6.7,823240,672275,666464,650333,656305,642715,671218,664056,808982,53.83,,0,0,1,0,0,,13,3,Split-Finger,0,2,2,0,2,0,2,0,Infield shade,Standard,232,0.008,-0.163,70.0,6.4,,0.163,,-2,2,0.325,0.675,31,32,32,33,2,1,6,1,5,1,2.43,0.94,-0.94,39.7,-10.724816387621132,12.066854457400535,40.59200000262431,32.26028664619728,17.864849399717468
FF,2026-04-03,92.5,-1.64,5.46,"Taylor, Tyrone",621438,641816,,called_strike,,,,,9,Called Strike,R,R,R,SF,NYM,S,,,0,0,2026,-1,1.58,0.7426790069053013,2.009093399131139,,,,2,2,Top,,,,,,,8.27770338692312,-134.20316757958994,-6.204953709290137,-13.991301698159473,33.838867853395804,-11.961386207311659,3.231414042,1.630807087,,,,92.6,2286,6.9,823240,672275,666464,650333,656305,642715,671218,664056,808982,53.62,,,,,,,,14,1,4-Seam Fastball,0,2,2,0,2,0,2,0,Infield shade,Standard,218,0.001,-0.043,,,,0.043,,-2,2,0.333,0.667,31,32,32,32,2,0,6,1,5,1,1.14,1,1,43.8,,,,,
FF,2026-04-03,92.4,-1.55,5.44,"Taylor, Tyrone",621438,641816,,ball,,,,,12,Ball,R,R,R,SF,NYM,B,,,0,1,2026,-1.01,1.6,1.1887171171740634,2.6206373583122198,,,,2,2,Top,,,,,,,9.22221244642008,-134.14632182153906,-4.6834377192116525,-14.360293033063034,32.29316016110086,-12.039251575403787,3.231414042,1.630807087,,,,92.8,2287,6.9,823240,672275,666464,650333,656305,642715,671218,664056,808982,53.59,,,,,,,,14,2,4-Seam Fastball,0,2,2,0,2,0,2,0,Infield shade,Standard,211,-0.001,0.027,,,,-0.027,,-2,2,0.334,0.6659999999999999,31,32,32,32,2,0,6,1,5,1,1.1,1.01,1.01,43.4,,,,,
SL,2026-04-03,84,-1.61,5.67,"Taylor, Tyrone",621438,641816,field_out,hit_into_play,,,,,9,"Tyrone Taylor grounds out, third baseman Matt Chapman to first baseman Jerar Encarnacion.",R,R,R,SF,NYM,X,5,ground_ball,1,1,2026,0.66,0.11,0.5788457735179722,1.937506950561772,,,,2,2,Top,99.62,161.31,,,,,3.7026513459944943,-122.25325622588436,-2.24602685591437,5.861214290119423,24.599494303526086,-30.86073368114924,3.231414042,1.630807087,97,92.7,5,84.4,2438,6.6,823240,672275,666464,650333,656305,642715,671218,664056,808982,53.92,0.531,0.521,0,1,0,0,4,14,3,Slider,0,2,2,0,2,0,2,0,Infield shade,Standard,62,0.008,-0.244,68.9,8.1,0.643,0.244,92.7,-2,2,0.333,0.667,31,32,32,32,2,0,6,1,5,1,3.13,-0.66,-0.66,48.4,15.673319062695649,-8.37982861314196,29.35036211769651,41.25861874639888,34.17291683124598
FF,2026-04-03,90.8,-1.67,5.46,"Bichette, Bo",666182,641816,single,hit_into_play,,,,,9,Bo Bichette singles on a line drive to center fielder Harrison Bader.,R,R,R,SF,NYM,X,8,line_drive,0,0,2026,-1.06,1.37,0.4174426704309606,1.5076688090018773,,,,0,3,Top,117.36,77.88,,,,,7.533262066958259,-131.8307040246423,-6.727790759008782,-13.993305718141503,30.126850448777798,-14.911290560597152,3.162081693,1.595816929,213,88.7,11,91.3,2181,6.9,823240,672275,666464,650333,656305,642715,671218,664056,808982,53.63,0.631,0.592,0.9,1,1,0,4,18,1,4-Seam Fastball,0,2,2,0,2,0,2,0,Strategic,Standard,221,-0.028,0.438,80.1,8.0,0.707,-0.438,88.7,-2,2,0.288,0.712,31,28,32,28,2,1,6,1,5,1,1.42,1.06,1.06,46.5,8.652778841367192,3.110339576829233,37.28984800238052,39.30815866829046,30.87416103526392
FF,2026-04-03,91.1,-1.5,5.5,"Robert Jr., Luis",673357,641816,,ball,,,,,14,Ball,R,R,R,SF,NYM,B,,,0,0,2026,-0.99,1.66,0.9396978029170928,1.6301933652860567,,,666182,0,3,Top,,,,,,,8.27510964258243,-132.28388527097798,-7.225508374477607,-13.422962942352315,29.736955322808427,-11.339335754865786,3.310400263,1.670669291,,,,91.5,2377,6.8,823240,672275,666464,650333,656305,642715,671218,664056,808982,53.72,,,,,,,,19,1,4-Seam Fastball,0,2,2,0,2,0,2,0,Infield shade,Standard,217,-0.004,0.04,,,,-0.04,,-2,2,0.26,0.74,31,28,32,29,2,1,6,1,5,2,1.11,0.99,0.99,42.7,,,,,
SL,2026-04-03,82.8,-1.56,5.69,"Robert Jr., Luis",673357,641816,,blocked_ball,,,,,14,Ball In Dirt,R,R,R,SF,NYM,B,,,1,0,2026,0.27,0.53,0.5260938730180927,0.9118807317335929,,,666182,0,3,Top,,,,,,,4.171276867723451,-120.44807425533104,-5.204699839403208,1.7680626358159515,24.79938149176737,-26.159070376390396,3.310400263,1.670669291,,,,82.9,2415,6.5,823240,672275,666464,650333,656305,642715,671218,664056,808982,53.97,,,,,,,,19,2,Slider,0,2,2,0,2,0,2,0,Infield shade,Standard,93,-0.008,0.062,,,,-0.062,,-2,2,0.256,0.744,31,28,32,29,2,1,6,1,5,2,2.81,-0.27,-0.27,42.9,,,,,
FF,2026-04-03,91.2,-1.63,5.5,"Robert Jr., Luis",673357,641816,,called_strike,,,,,2,Called Strike,R,R,R,SF,NYM,S,,,2,0,2026,-1.04,1.5,0.09704811820766834,2.878795933883559,,,666182,0,3,Top,,,,,,,6.593281389250296,-132.61535643865543,-3.822595040755262,-13.652053161859378,28.008846240018052,-13.826877574675228,3.310400263,1.670669291,,,,91.9,2281,6.7,823240,672275,666464,650333,656305,642715,671218,664056,808982,53.79,,,,,,,,19,3,4-Seam Fastball,0,2,2,0,2,0,2,0,Infield shade,Standard,217,0.008,-0.066,,,,0.066,,-2,2,0.248,0.752,31,28,32,29,2,1,6,1,5,2,1.24,1.04,1.04,44.4,,,,,
FF,2026-04-03,92.1,-1.62,5.49,"Robert Jr., Luis",673357,641816,grounded_into_double_play,hit_into_play,,,,,4,"Luis Robert Jr. grounds into a double play, third baseman Matt Chapman to second baseman Luis Arraez to first baseman Jerar Encarnacion. Bo Bichette out at 2nd. Luis Robert Jr. out at 1st.",R,R,R,SF,NYM,X,5,ground_ball,2,1,2026,-1.09,1.58,-0.3863742314713998,2.614667930761763,,,666182,0,3,Top,104.18,166.38,,,,,5.54718495225068,-134.0200166234874,-4.793961551771255,-14.347247752483936,29.167036103447522,-12.300113729064917,3.310400263,1.670669291,15,93.9,-9,92.9,2402,6.8,823240,672275,666464,650333,656305,642715,671218,664056,808982,53.72,0.209,0.203,0,1,0,0,2,19,4,4-Seam Fastball,0,2,2,0,2,0,2,0,Infield shade,Standard,216,0.063,-0.372,82.0,7.5,0.252,0.372,93.9,-2,2,0.256,0.744,31,28,32,29,2,1,6,1,5,2,1.11,1.09,1.09,41.3,7.980729453881006,-5.472075760052675,35.339358722854506,32.734102968675984,27.396255713025916
FF,2026-04-03,91.6,-1.73,5.39,"Baty, Brett",683146,641816,,foul,,,,,5,Foul,R,L,R,SF,NYM,S,,,0,0,2026,-1.04,1.51,-0.2406690160707714,2.1944322007052746,,,,2,3,Top,,,,,,,6.025132816518513,-133.11798943083028,-5.309209113967903,-13.701496609496667,29.75716863515705,-13.259732221174776,3.327952756,1.679527559,257,83,38,91.9,2339,6.7,823240,672275,666464,650333,656305,642715,671218,664056,808982,53.85,,,,,,,,20,1,4-Seam Fastball,0,2,2,0,2,0,2,0,Strategic,Standard,216,0.001,-0.043,77.0,6.8,,0.043,88.0,-2,2,0.319,0.681,31,26,32,27,2,1,6,2,5,1,1.22,1.04,-1.04,43.4,-4.395557358885128,16.323875391497555,40.80919830577847,37.602982890339185,21.15732373169255
FF,2026-04-03,92.6,-1.54,5.49,"Baty, Brett",683146,641816,,called_strike,,,,,6,Called Strike,R,L,R,SF,NYM,S,,,0,1,2026,-1.25,1.48,0.5085690048607838,2.2974108164173446,,,,2,3,Top,,,,,,,7.994583219842794,-134.40187559359535,-5.356419214320089,-16.985988592114705,33.56229074988827,-13.318609673353132,3.327952756,1.679527559,,,,92.6,2457,6.8,823240,672275,666464,650333,656305,642715,671218,664056,808982,53.7,,,,,,,,20,2,4-Seam Fastball,0,2,2,0,2,0,2,0,Strategic,Standard,217,0.003,-0.057,,,,0.057,,-2,2,0.32,0.6799999999999999,31,26,32,27,2,1,6,2,5,1,1.23,1.25,-1.25,44.8,,,,,
FS,2026-04-03,85.7,-1.67,5.59,"Baty, Brett",683146,641816,,foul,,,,,13,Foul,R,L,R,SF,NYM,S,,,0,2,2026,-1.25,0.44,-0.3035351135689863,1.034847291201558,,,,2,3,Top,,,,,,,5.790821815700013,-124.6062792801522,-5.166665314267187,-14.156971639310262,24.634737858074175,-26.771101815696603,3.327952756,1.679527559,,,,86.3,1648,6.7,823240,672275,666464,650333,656305,642715,671218,664056,808982,53.82,,,,,,,,20,3,Split-Finger,0,2,2,0,2,0,2,0,Strategic,Standard,236,0,0,72.3,8.5,,0,,-2,2,0.323,0.677,31,26,32,27,2,1,6,2,5,1,2.67,1.25,-1.25,40.8,13.368294875696765,-1.8759838424151523,40.6484280933709,38.50714235748369,26.90223326347296
FS,2026-04-03,85.7,-1.72,5.58,"Baty, Brett",683146,641816,strikeout,swinging_strike,,,,,13,Brett Baty strikes out swinging.,R,L,R,SF,NYM,S,2,,0,2,2026,-0.99,0.58,-0.6327900432245204,0.9879065693895188,,,,2,3,Top,,,,,,,4.5846942924521,-124.67374387133351,-5.552239373406431,-11.19940881373796,25.41210692516799,-25.21366936284703,3.327952756,1.679527559,,,,86.2,1619,6.7,823240,672275,666464,650333,656305,642715,671218,664056,808982,53.82,,0,0,1,0,0,,20,4,Split-Finger,0,2,2,0,2,0,2,0,Strategic,Standard,225,0.005,-0.16,72.1,8.8,,0.16,,-2,2,0.323,0.677,31,26,32,27,2,1,6,2,5,1,2.53,0.99,-0.99,39.0,26.99466149280986,-17.845625687182398,37.27838058579275,42.53846652222519,46.774199754519884
FF,2026-04-03,91,-1.56,5.41,"Vientos, Mark",668901,641816,,ball,,,,,12,Ball,R,R,R,SF,NYM,B,,,0,0,2026,-1.09,1.53,1.3496915916190315,3.034378750565294,,,,0,4,Top,,,,,,,9.683418489251705,-132.1613355125405,-3.1745617477964405,-14.928977892905671,30.895632527103302,-13.817870944232098,3.340239501,1.685728347,,,,91.5,2280,6.9,823240,672275,666464,650333,656305,642715,671218,664056,808982,53.57,,,,,,,,24,1,4-Seam Fastball,0,2,2,0,2,0,2,0,Infield shade,Standard,219,-0.003,0.041,,,,-0.041,,-2,2,0.271,0.729,31,26,32,27,2,1,6,1,5,1,1.25,1.09,1.09,43.3,,,,,
FF,2026-04-03,90.8,-1.69,5.31,"Vientos, Mark",668901,641816,,ball,,,,,14,Ball,R,R,R,SF,NYM,B,,,1,0,2026,-1.05,1.54,0.5652047460301726,1.540504832865808,,,,0,4,Top,,,,,,,7.92159352851573,-131.8220102540673,-6.64656591522131,-13.960736235820118,29.814987014286075,-12.97441303258763,3.340239501,1.685728347,,,,91.3,2259,6.9,823240,672275,666464,650333,656305,642715,671218,664056,808982,53.62,,,,,,,,24,2,4-Seam Fastball,0,2,2,0,2,0,2,0,Infield shade,Standard,219,-0.005,0.077,,,,-0.077,,-2,2,0.268,0.732,31,26,32,27,2,1,6,1,5,1,1.25,1.05,1.05,39.7,,,,,
FF,2026-04-03,90.4,-1.61,5.43,"Vientos, Mark",668901,641816,,ball,,,,,14,Ball,R,R,R,SF,NYM,B,,,2,0,2026,-1.01,1.61,1.670853331127944,2.4232756891490723,,,,0,4,Top,,,,,,,10.327963128294313,-131.1384262143816,-4.8189895490598325,-13.945939881559282,29.653699850150062,-12.72161263436006,3.340239501,1.685728347,,,,90.7,2273,6.8,823240,672275,666464,650333,656305,642715,671218,664056,808982,53.68,,,,,,,,24,3,4-Seam Fastball,0,2,2,0,2,0,2,0,Infield shade,Standard,222,-0.009,0.152,,,,-0.152,,-2,2,0.263,0.737,31,26,32,27,2,1,6,1,5,1,1.21,1.01,1.01,43.4,,,,,
FF,2026-04-03,91.8,-1.54,5.48,"Vientos, Mark",668901,641816,,called_strike,,,,,6,Called Strike,R,R,R,SF,NYM,S,,,3,0,2026,-0.87,1.65,0.5065396896270812,2.250308554715227,,,,0,4,Top,,,,,,,7.11817574616363,-133.37938127765042,-5.773615778705013,-11.947299354986503,29.78008429471788,-11.444633157339855,3.340239501,1.685728347,,,,92.6,2328,7,823240,672275,666464,650333,656305,642715,671218,664056,808982,53.54,,,,,,,,24,4,4-Seam Fastball,0,2,2,0,2,0,2,0,Infield shade,Standard,220,0.006,-0.09,,,,0.09,,-2,2,0.254,0.746,31,26,32,27,2,1,6,1,5,1,1.07,0.87,0.87,48.9,,,,,
FF,2026-04-03,92.6,-1.55,5.54,"Vientos, Mark",668901,641816,,foul,,,,,5,Foul,R,R,R,SF,NYM,S,,,3,1,2026,-0.71,1.69,-0.05280321776824892,2.693049726771026,,,,0,4,Top,,,,,,,5.39191744287037,-134.73174553610409,-5.056415183603231,-9.806506292214621,29.975676110732405,-10.703287119452252,3.340239501,1.685728347,244,72.7,42,93.4,2286,6.8,823240,672275,666464,650333,656305,642715,671218,664056,808982,53.7,,,,,,,,24,5,4-Seam Fastball,0,2,2,0,2,0,2,0,Infield shade,Standard,210,0.007,-0.094,74.3,6.9,,0.094,88.0,-2,2,0.26,0.74,31,26,32,27,2,1,6,1,5,1,0.97,0.71,0.71,46.9,8.601348324899856,2.5485083725570297,31.022232790844363,32.472787181880264,27.676427083166395
FF,2026-04-03,92.7,-1.57,5.64,"Vientos, Mark",668901,641816,single,hit_into_play,,,,,2,Mark Vientos singles on a line drive to left fielder Heliot Ramos.,R,R,R,SF,NYM,X,7,line_drive,3,2,2026,-1.02,1.64,-0.2448261084728789,3.4309347150400815,,,,0,4,Top,84.85,93.02,,,,,5.676355906941197,-134.87341111137025,-3.300501220789695,-13.742829613424567,31.147739717875012,-11.753809406508195,3.340239501,1.685728347,209,94.5,13,93.3,2328,6.8,823240,672275,666464,650333,656305,642715,671218,664056,808982,53.72,0.951,0.924,0.9,1,1,0,4,24,6,4-Seam Fastball,0,2,2,0,2,0,2,0,Infield shade,Standard,214,-0.024,0.353,71.8,6.7,1.16,-0.353,94.5,-2,2,0.267,0.733,31,26,32,27,2,1,6,1,5,1,1.03,1.02,1.02,47.1,14.743149135928764,0.47642092586864015,25.49938796072952,30.56670583856011,29.17858172435347
SL,2026-04-03,82.7,-1.64,5.79,"Semien, Marcus",543760,641816,,foul,,,,,5,Foul,R,R,R,SF,NYM,S,,,0,0,2026,0.49,0.43,0.11704473814512628,2.424089475420701,,,668901,0,4,Top,,,,,,,2.986287266971209,-120.42517782034135,-1.8282995814198213,4.214557085970417,23.387302429735545,-27.80452039202016,3.212106299,1.621062992,173,65.8,55,83,2389,6.4,823240,672275,666464,650333,656305,642715,671218,664056,808982,54.07,,,,,,,,25,1,Slider,0,2,2,0,2,0,2,0,Infield shade,Standard,96,0.004,-0.043,66.0,7.8,,0.043,88.0,-2,2,0.243,0.757,31,35,32,36,2,1,6,1,5,1,2.89,-0.49,-0.49,44.5,11.189077928554534,-7.630204391360697,36.150299989077176,32.66368052308289,27.538448067034683
FF,2026-04-03,92.7,-1.53,5.51,"Semien, Marcus",543760,641816,,ball,,,,,9,Ball,R,R,R,SF,NYM,B,,,0,1,2026,-0.72,1.41,0.7604623732185666,1.7268790061878785,,,668901,0,4,Top,,,,,,,7.46729438453142,-134.741421500437,-6.877887919371113,-10.345413142578847,27.13947573242899,-13.630077379252299,3.212106299,1.621062992,,,,93.9,2183,6.9,823240,672275,666464,650333,656305,642715,671218,664056,808982,53.59,,,,,,,,25,2,4-Seam Fastball,0,2,2,0,2,0,2,0,Infield shade,Standard,218,-0.003,0.034,,,,-0.034,,-2,2,0.247,0.753,31,35,32,36,2,1,6,1,5,1,1.23,0.72,0.72,45.3,,,,,
FF,2026-04-03,92.4,-1.59,5.67,"Semien, Marcus",543760,641816,,foul,,,,,6,Foul,R,R,R,SF,NYM,S,,,1,1,2026,-0.81,1.45,0.5012399253112924,2.2026094208793583,,,668901,0,4,Top,,,,,,,7.101488944762053,-134.3556483406238,-6.060842442882093,-11.3122058643772,28.478488438279996,-13.424967401427404,3.212106299,1.621062992,2,61.2,-53,93.1,2240,6.7,823240,672275,666464,650333,656305,642715,671218,664056,808982,53.82,,,,,,,,25,3,4-Seam Fastball,0,2,2,0,2,0,2,0,Infield shade,Standard,215,0.007,-0.07,62.5,7.7,,0.07,88.0,-2,2,0.244,0.756,31,35,32,36,2,1,6,1,5,1,1.22,0.81,0.81,46.3,21.628824749669988,8.06827213775411,30.080870293996988,37.87542874065219,25.247081314225248
FF,2026-04-03,93.1,-1.52,5.5,"Semien, Marcus",543760,641816,,ball,,,,,14,Ball,R,R,R,SF,NYM,B,,,1,2,2026,-0.95,1.6,1.4206649268641711,2.2279826665104285,,,668901,0,4,Top,,,,,,,9.65756744085864,-135.130137848899,-6.025013475138287,-13.711534636115514,29.545779584231866,-11.400366722630428,3.212106299,1.621062992,,,,93.9,2359,6.9,823240,672275,666464,650333,656305,642715,671218,664056,808982,53.59,,,,,,,,25,4,4-Seam Fastball,0,2,2,0,2,0,2,0,Infield shade,Standard,219,-0.004,0.036,,,,-0.036,,-2,2,0.251,0.749,31,35,32,36,2,1,6,1,5,1,1.04,0.95,0.95,43.7,,,,,
FF,2026-04-03,93.5,-1.66,5.57,"Semien, Marcus",543760,641816,home_run,hit_into_play,,,,,3,Marcus Semien homers (1) on a fly ball to center field. Mark Vientos scores.,R,R,R,SF,NYM,X,,fly_ball,2,2,2026,-0.92,1.63,0.3445897300865558,2.7308128806384877,,,668901,0,4,Top,118.31,34.64,,,,,7.203163887654623,-135.907014834336,-5.054549972720884,-12.931550790062118,29.28035467611435,-11.024712988366224,3.212106299,1.621062992,407,101.7,26,94.2,2351,6.7,823240,672275,666464,650333,656305,642715,671218,664056,808982,53.77,0.686,1.262,2,1,0,3,6,25,5,4-Seam Fastball,0,2,2,0,4,0,4,0,Infield shade,Standard,217,-0.123,1.101,68.3,7.5,2.396,-1.101,101.7,-2,2,0.247,0.753,31,35,32,36,2,1,6,1,5,1,0.98,0.92,0.92,43.7,12.538352403993816,-1.9455497494263971,31.927200319392753,34.51505829241774,27.24519057332461
FC,2026-04-03,87.6,-1.79,5.45,"Benge, Carson",701807,641816,field_out,hit_into_play,,,,,7,Carson Benge lines out to left fielder Heliot Ramos.,R,L,R,SF,NYM,X,7,line_drive,0,0,2026,0.09,0.88,-0.7486630061662382,2.1265083769778044,,,,0,4,Top,61.28,94.48,,,,,2.303340760340621,-127.65699507699105,-3.6134909192732785,0.5402950841280052,25.13407800602717,-21.982070171558448,3.259498032,1.644980315,304,89.7,25,88.5,2450,6.7,823240,672275,666464,650333,656305,642715,671218,664056,808982,53.8,0.14,0.177,0,1,0,0,3,26,1,Cutter,0,4,4,0,4,0,4,0,Strategic,Standard,195,0.009,-0.259,70.8,6.8,0.267,0.259,89.7,-4,4,0.124,0.876,31,23,32,23,2,1,6,2,5,1,2.07,-0.09,0.09,43.7,6.239846642167345,3.9130324249724935,29.028790040004477,44.59768385011127,33.06904789645516
FS,2026-04-03,83.7,-1.7,5.55,"Alvarez, Francisco",682626,641816,home_run,hit_into_play,,,,,2,Francisco Alvarez homers (2) on a fly ball to center field.,R,R,R,SF,NYM,X,,fly_ball,0,0,2026,-0.82,0.22,-0.08070109568477046,2.671746770648291,,,,1,4,Top,124.47,31.33,,,,,5.372090915117459,-121.83278565493292,-0.5307347182704991,-9.190175692162324,21.43947892423899,-30.082798913103325,3.120833333,1.575,415,106.1,32,84.7,1576,6.7,823240,672275,666464,650333,656305,642715,671218,664056,808982,53.83,0.849,1.737,2,1,0,3,6,27,1,Split-Finger,0,4,4,0,5,0,5,0,Strategic,Standard,230,-0.048,1.583,78.9,7.3,3.37,-1.583,106.1,-4,4,0.133,0.867,31,24,32,25,2,1,6,1,5,2,3.01,0.82,0.82,41.0,10.010896025439635,-1.9117396578622199,25.39526417420432,37.14697728852341,29.059961694704523
FF,2026-04-03,91.4,-1.63,5.47,"Lindor, Francisco",596019,641816,,swinging_strike,,,,,11,Swinging Strike,R,L,R,SF,NYM,S,,,0,0,2026,-0.89,1.56,-1.057303039012895,2.359446373860683,,,,1,4,Top,,,,,,,3.4054490312071213,-132.88665943766418,-5.140343684533894,-11.214021751941818,32.102890740191874,-12.82980876348379,3.107668963,1.568356299,,,,91.9,2313,6.9,823240,672275,666464,650333,656305,642715,671218,664056,808982,53.6,,,,,,,,28,1,4-Seam Fastball,0,5,5,0,5,0,5,0,Infield shade,Standard,215,0.001,-0.039,70.5,6.8,,0.039,,-5,5,0.085,0.915,31,32,32,33,3,2,6,1,5,1,1.2,0.89,-0.89,42.6,1.008277585607208,23.225450746989598,32.124496227761234,45.29805350153616,14.64787627304747
FS,2026-04-03,84.4,-1.64,5.54,"Lindor, Francisco",596019,641816,,ball,,,,,14,Ball,R,L,R,SF,NYM,B,,,0,1,2026,-1.07,0.07,0.10875641160149829,0.6457121799931778,,,,1,4,Top,,,,,,,6.210884002561301,-122.66727392351295,-4.917549544771173,-12.043903683607434,24.660210474366167,-30.622884759664267,3.107668963,1.568356299,,,,84.8,1428,6.7,823240,672275,666464,650333,656305,642715,671218,664056,808982,53.83,,,,,,,,28,2,Split-Finger,0,5,5,0,5,0,5,0,Infield shade,Standard,229,-0.001,0.029,,,,-0.029,,-5,5,0.086,0.914,31,32,32,33,3,2,6,1,5,1,3.14,1.07,-1.07,43.4,,,,,
FC,2026-04-03,87.4,-1.81,5.42,"Lindor, Francisco",596019,641816,,called_strike,,,,,13,Called Strike,R,L,R,SF,NYM,S,,,1,1,2026,-0.06,0.84,-0.8507705771757287,1.9976112823593668,,,,1,4,Top,,,,,,,2.4361251910740065,-127.26106261346378,-3.7086633830618516,-1.1801564542452654,25.543124373313265,-22.47290596159326,3.107668963,1.568356299,,,,88.3,2406,6.8,823240,672275,666464,650333,656305,642715,671218,664056,808982,53.72,,,,,,,,28,3,Cutter,0,5,5,0,5,0,5,0,Infield shade,Standard,197,0.001,-0.064,,,,0.064,,-5,5,0.085,0.915,31,32,32,33,3,2,6,1,5,1,2.13,0.06,-0.06,38.0,,,,,
FF,2026-04-03,92.6,-1.59,5.49,"Lindor, Francisco",596019,641816,,foul,,,,,9,Foul,R,L,R,SF,NYM,S,,,1,2,2026,-0.85,1.59,0.3091903150099289,1.6456154037020259,,,,1,4,Top,,,,,,,6.70954106982725,-134.5713284741924,-7.31126167454521,-11.809489729919783,30.729188197830677,-11.416878745112246,3.107668963,1.568356299,98,99.5,6,93,2279,6.7,823240,672275,666464,650333,656305,642715,671218,664056,808982,53.8,,,,,,,,28,4,4-Seam Fastball,0,5,5,0,5,0,5,0,Infield shade,Standard,212,0,0,71.1,7.6,,0,99.5,-5,5,0.086,0.914,31,32,32,33,3,2,6,1,5,1,1.08,0.85,-0.85,46.0,13.381555282645541,-11.624376947762478,41.131682439133925,28.718670200270694,33.299336192619634
FS,2026-04-03,86,-1.67,5.57,"Lindor, Francisco",596019,641816,field_out,hit_into_play,,,,,13,"Francisco Lindor grounds out, second baseman Luis Arraez to first baseman Jerar Encarnacion.",R,L,R,SF,NYM,X,4,ground_ball,1,2,2026,-1.19,0.37,-0.6047619280875103,0.6394217292324571,,,,1,4,Top,147.25,150.67,,,,,4.987196584644984,-125.15640033270951,-6.077385638161621,-13.458895686091005,21.348947663196697,-27.34356984377163,3.107668963,1.568356299,3,84.6,-15,87.3,1608,6.7,823240,672275,666464,650333,656305,642715,671218,664056,808982,53.77,0.082,0.081,0,1,0,0,2,28,5,Split-Finger,0,5,5,0,5,0,5,0,Infield shade,Standard,228,0.004,-0.18,71.4,7.6,0.1,0.18,88.0,-5,5,0.086,0.914,31,32,32,33,3,2,6,1,5,1,2.67,1.19,-1.19,43.8,8.505192884874928,4.8417096377512525,40.877616853765225,39.135517934882245,25.34419264527279
FF,2026-04-03,92.1,-1.52,5.44,"Taylor, Tyrone",621438,641816,,ball,,,,,14,Ball,R,R,R,SF,NYM,B,,,0,0,2026,-1.02,1.58,1.0498007817927089,1.8804984591699103,,,,2,4,Top,,,,,,,8.815000623886137,-133.71685608005575,-6.518238675869402,-14.172816817741655,28.613487398673335,-12.000700501812682,3.231414042,1.630807087,,,,93.2,2349,7,823240,672275,666464,650333,656305,642715,671218,664056,808982,53.46,,,,,,,,29,1,4-Seam Fastball,0,5,5,0,5,0,5,0,Infield shade,Standard,216,0,0.037,,,,-0.037,,-5,5,0.09,0.91,31,32,32,32,3,1,6,1,5,1,1.12,1.02,1.02,44.9,,,,,
FF,2026-04-03,92,-1.66,5.38,"Taylor, Tyrone",621438,641816,,called_strike,,,,,9,Called Strike,R,R,R,SF,NYM,S,,,1,0,2026,-0.94,1.7,0.7695532915221132,1.6153818172367027,,,,2,4,Top,,,,,,,8.243393660684825,-133.5855889193818,-7.299531109273968,-12.992504854918664,27.99519197504406,-10.416989162993788,3.231414042,1.630807087,,,,93,2281,6.9,823240,672275,666464,650333,656305,642715,671218,664056,808982,53.56,,,,,,,,29,2,4-Seam Fastball,0,5,5,0,5,0,5,0,Infield shade,Standard,218,0,-0.054,,,,0.054,,-5,5,0.09,0.91,31,32,32,32,3,1,6,1,5,1,1,0.94,0.94,43.4,,,,,
FS,2026-04-03,85.3,-1.6,5.53,"Taylor, Tyrone",621438,641816,,swinging_strike,,,,,13,Swinging Strike,R,R,R,SF,NYM,S,,,1,1,2026,-1.2,0.6,-0.31004758004003263,0.7426449250545994,,,,2,4,Top,,,,,,,5.482905998185421,-123.98694389080369,-5.966164526206535,-13.461691871316555,24.28876016667742,-25.00378310523742,3.231414042,1.630807087,,,,85.9,1679,6.7,823240,672275,666464,650333,656305,642715,671218,664056,808982,53.81,,,,,,,,29,3,Split-Finger,0,5,5,0,5,0,5,0,Infield shade,Standard,221,0.001,-0.062,74.1,8.9,,0.062,,-5,5,0.09,0.91,31,32,32,32,3,1,6,1,5,1,2.54,1.2,1.2,44.7,25.33235358943054,-30.531258238442838,41.08648999439997,30.898541284508095,43.390704510418104
FS,2026-04-03,85.7,-1.66,5.54,"Taylor, Tyrone",621438,641816,,ball,,,,,14,Ball,R,R,R,SF,NYM,B,,,1,2,2026,-1.12,0.3,0.2005592735868187,-0.15447984846145646,,,,2,4,Top,,,,,,,6.685477348202369,-124.57277793540355,-7.591762967221664,-12.940293095156438,23.421215720853453,-27.77411610330886,3.231414042,1.630807087,,,,86.5,1532,6.7,823240,672275,666464,650333,656305,642715,671218,664056,808982,53.76,,,,,,,,29,4,Split-Finger,0,5,5,0,5,0,5,0,Infield shade,Standard,231,-0.001,0.042,,,,-0.042,,-5,5,0.091,0.909,31,32,32,32,3,1,6,1,5,1,2.8,1.12,1.12,38.2,,,,,
FF,2026-04-03,92,-1.63,5.46,"Taylor, Tyrone",621438,641816,field_out,hit_into_play,,,,,2,"Tyrone Taylor grounds out, shortstop Willy Adames to first baseman Jerar Encarnacion.",R,R,R,SF,NYM,X,6,ground_ball,2,2,2026,-0.87,1.49,-0.25479408275477944,2.8902356589826894,,,,2,4,Top,111.07,142.34,,,,,5.425132512808514,-133.83513924035037,-3.804316829742889,-11.661874949384996,29.36540567959943,-13.668205289942648,3.231414042,1.630807087,10,79.9,-15,92.7,2342,6.8,823240,672275,666464,650333,656305,642715,671218,664056,808982,53.73,0.066,0.059,0,1,0,0,2,29,5,4-Seam Fastball,0,5,5,0,5,0,5,0,Infield shade,Standard,213,0.003,-0.224,65.0,6.1,0.069,0.224,88.0,-5,5,0.09,0.91,31,32,32,32,3,1,6,1,5,1,1.21,0.87,0.87,44.9,1.7364343230034645,13.361433515024089,30.396879785087002,30.91841888334539,18.419614926827414
FF,2026-04-03,90.6,-1.53,5.51,"Bichette, Bo",666182,641816,,ball,,,,,12,Ball,R,R,R,SF,NYM,B,,,0,0,2026,-0.95,1.42,0.586235386216541,3.6033219353560826,,,,0,5,Top,,,,,,,7.351126184637282,-131.732878022779,-1.762804050962114,-12.572617317500987,27.230468719183612,-15.4621431826116,3.162081693,1.595816929,,,,91.6,2224,6.9,823240,672275,666464,650333,656305,642715,671218,664056,808982,53.62,,,,,,,,33,1,4-Seam Fastball,0,5,5,0,5,0,5,0,Strategic,Standard,214,-0.001,0.041,,,,-0.041,,-5,5,0.064,0.9359999999999999,31,28,32,28,3,2,6,1,5,1,1.36,0.95,0.95,45.7,,,,,
SL,2026-04-03,81.4,-1.51,5.6,"Bichette, Bo",666182,641816,field_out,hit_into_play,,,,,6,"Bo Bichette grounds out, shortstop Willy Adames to first baseman Jerar Encarnacion.",R,R,R,SF,NYM,X,6,ground_ball,1,0,2026,0.74,0.43,0.8156292965969494,2.4116210255763204,,,,0,5,Top,107.72,153.81,,,,,3.7338640054487633,-118.55303681783856,-1.1942345000975538,6.2304417438275825,22.993967922324803,-28.097181704669204,3.162081693,1.595816929,8,73.4,-15,81.9,2324,6.6,823240,672275,666464,650333,656305,642715,671218,664056,808982,53.92,0.056,0.05,0,1,0,0,2,33,2,Slider,0,5,5,0,5,0,5,0,Strategic,Standard,51,0.006,-0.301,,,0.061,0.301,88.0,-5,5,0.063,0.937,31,28,32,28,3,2,6,1,5,1,3.01,-0.74,-0.74,47.5,,,,,
SL,2026-04-03,83,-1.5,5.65,"Robert Jr., Luis",673357,641816,,ball,,,,,14,Ball,R,R,R,SF,NYM,B,,,0,0,2026,0.47,0.59,1.162977664447257,2.0312645864713565,,,,1,5,Top,,,,,,,5.115202317838672,-120.95148480642615,-2.868805956720349,3.7887815576632384,21.17024758233163,-26.02370897104239,3.310400263,1.670669291,,,,84,2326,6.7,823240,672275,666464,650333,656305,642715,671218,664056,808982,53.83,,,,,,,,34,1,Slider,0,5,5,0,5,0,5,0,Infield shade,Standard,63,-0.001,0.039,,,,-0.039,,-5,5,0.069,0.931,31,28,32,29,3,2,6,1,5,2,2.68,-0.47,-0.47,48.2,,,,,
FS,2026-04-03,84.9,-1.56,5.57,"Robert Jr., Luis",673357,641816,,foul,,,,,13,Foul,R,R,R,SF,NYM,S,,,1,0,2026,-1.02,0.39,-0.37813463530358826,1.38956613096844,,,,1,5,Top,,,,,,,4.859679501478737,-123.60593233037594,-4.118878036595516,-11.439490028492072,21.599390711410056,-27.595033578355086,3.310400263,1.670669291,,,,86.1,1446,6.8,823240,672275,666464,650333,656305,642715,671218,664056,808982,53.75,,,,,,,,34,2,Split-Finger,0,5,5,0,5,0,5,0,Infield shade,Standard,226,0.001,-0.049,69.3,8.9,,0.049,,-5,5,0.068,0.9319999999999999,31,28,32,29,3,2,6,1,5,2,2.74,1.02,1.02,43.8,27.21696656710092,-19.749979310410225,42.42067415693891,34.741625256148566,38.93146082904301
FF,2026-04-03,91.7,-1.53,5.49,"Robert Jr., Luis",673357,641816,,ball,,,,,14,Ball,R,R,R,SF,NYM,B,,,1,1,2026,-0.75,1.5,1.7091665277836081,1.9911964525231005,,,,1,5,Top,,,,,,,9.79846803501066,-133.03976026245252,-6.066378296601124,-11.033188729966085,29.570132799065664,-13.230085741050944,3.310400263,1.670669291,,,,92.2,2221,6.9,823240,672275,666464,650333,656305,642715,671218,664056,808982,53.65,,,,,,,,34,3,4-Seam Fastball,0,5,5,0,5,0,5,0,Infield shade,Standard,216,-0.001,0.055,,,,-0.055,,-5,5,0.069,0.931,31,28,32,29,3,2,6,1,5,2,1.24,0.75,0.75,44.4,,,,,
FF,2026-04-03,91.7,-1.62,5.42,"Robert Jr., Luis",673357,641816,,called_strike,,,,,3,Called Strike,R,R,R,SF,NYM,S,,,2,1,2026,-0.88,1.41,0.8149985256255614,3.016644777132534,,,,1,5,Top,,,,,,,8.097681800314556,-133.3316541007771,-3.136855784176823,-12.272175561848202,28.805346142438946,-14.91399286605076,3.310400263,1.670669291,,,,92.5,2210,6.8,823240,672275,666464,650333,656305,642715,671218,664056,808982,53.7,,,,,,,,34,4,4-Seam Fastball,0,5,5,0,5,0,5,0,Infield shade,Standard,218,0.002,-0.07,,,,0.07,,-5,5,0.068,0.9319999999999999,31,28,32,29,3,2,6,1,5,2,1.31,0.88,0.88,45.1,,,,,
FS,2026-04-03,82.9,-1.7,5.63,"Robert Jr., Luis",673357,641816,,ball,,,,,13,Ball,R,R,R,SF,NYM,B,,,2,2,2026,-1.15,0.52,-0.10346617783220347,0.780813617200224,,,,1,5,Top,,,,,,,5.939426518170087,-120.60519724707595,-5.444198753706161,-12.417115341369026,22.61770878166747,-26.26790326054787,3.310400263,1.670669291,,,,83.7,1558,6.8,823240,672275,666464,650333,656305,642715,671218,664056,808982,53.73,,,,,,,,34,5,Split-Finger,0,5,5,0,5,0,5,0,Infield shade,Standard,228,-0.002,0.104,,,,-0.104,,-5,5,0.07,0.9299999999999999,31,28,32,29,3,2,6,1,5,2,2.79,1.15,1.15,39.8,,,,,
FF,2026-04-03,91.9,-1.42,5.55,"Robert Jr., Luis",673357,641816,field_out,hit_into_play,,,,,3,"Luis Robert Jr. grounds out, second baseman Luis Arraez to first baseman Jerar Encarnacion.",R,R,R,SF,NYM,X,4,ground_ball,3,2,2026,-0.89,1.41,0.6988196257300887,2.936617300069681,,,,1,5,Top,126.98,141.04,,,,,7.320758657244417,-133.6029013461912,-3.7414368835476304,-12.248576043658943,27.634783597286976,-14.587895470059882,3.310400263,1.670669291,60,92.7,2,92.8,2226,6.8,823240,672275,666464,650333,656305,642715,671218,664056,808982,53.73,0.465,0.426,0,1,0,0,2,34,6,4-Seam Fastball,0,5,5,0,5,0,5,0,Infield shade,Standard,211,0.005,-0.332,75.1,7.4,0.515,0.332,92.7,-5,5,0.068,0.9319999999999999,31,28,32,29,3,2,6,1,5,2,1.28,0.89,0.89,49.7,4.12532770033458,5.060764925966845,29.0832622400117,43.29866036725699,21.589237113797324
FS,2026-04-03,84.3,-1.8,5.45,"Baty, Brett",683146,641816,,called_strike,,,,,13,Called Strike,R,L,R,SF,NYM,S,,,0,0,2026,-1.38,0.24,-0.46501508938687364,1.3070508891166814,,,,2,5,Top,,,,,,,5.860892565100016,-122.66926549793428,-3.562557399325079,-15.062320943139172,22.640188549327444,-29.28320375749402,3.327952756,1.679527559,,,,84.9,1441,6.5,823240,672275,666464,650333,656305,642715,671218,664056,808982,53.96,,,,,,,,35,1,Split-Finger,0,5,5,0,5,0,5,0,Strategic,Standard,232,0,-0.043,,,,0.043,,-5,5,0.073,0.927,31,26,32,27,3,2,6,2,5,1,2.95,1.38,-1.38,38.0,,,,,
FF,2026-04-03,91.9,-1.7,5.43,"Baty, Brett",683146,641816,,called_strike,,,,,8,Called Strike,R,L,R,SF,NYM,S,,,0,1,2026,-1.21,1.62,-0.23072029258184723,1.778121937978106,,,,2,5,Top,,,,,,,6.381579221194082,-133.43979346663193,-6.720257460448935,-15.81943647615674,31.447077006544845,-11.581382501997464,3.327952756,1.679527559,,,,92.1,2371,6.7,823240,672275,666464,650333,656305,642715,671218,664056,808982,53.79,,,,,,,,35,2,4-Seam Fastball,0,5,5,0,5,0,5,0,Strategic,Standard,218,0.001,-0.057,,,,0.057,,-5,5,0.073,0.927,31,26,32,27,3,2,6,2,5,1,1.11,1.21,-1.21,41.4,,,,,
FF,2026-04-03,92.7,-1.58,5.57,"Baty, Brett",683146,641816,,ball,,,,,12,Ball,R,L,R,SF,NYM,B,,,0,2,2026,-1.1,1.44,1.3573558420345897,3.2944698495704667,,,,2,5,Top,,,,,,,9.897988453998423,-134.661514421116,-3.003847852988514,-15.55911429959615,30.844652051696876,-14.247259518809775,3.327952756,1.679527559,,,,93,2302,6.7,823240,672275,666464,650333,656305,642715,671218,664056,808982,53.82,,,,,,,,35,3,4-Seam Fastball,0,5,5,0,5,0,5,0,Strategic,Standard,218,0,0.022,,,,-0.022,,-5,5,0.074,0.926,31,26,32,27,3,2,6,2,5,1,1.24,1.1,-1.1,44.4,,,,,
FS,2026-04-03,84.9,-1.7,5.6,"Baty, Brett",683146,641816,,foul,,,,,13,Foul,R,L,R,SF,NYM,S,,,1,2,2026,-1.3,0.57,-0.8770974539671874,1.9155838760240225,,,,2,5,Top,,,,,,,4.57176507751924,-123.66119280442264,-3.2678798146947865,-14.263259271993823,23.626952753964837,-25.908695828734977,3.327952756,1.679527559,,,,85.4,1532,6.4,823240,672275,666464,650333,656305,642715,671218,664056,808982,54.06,,,,,,,,35,4,Split-Finger,0,5,5,0,5,0,5,0,Strategic,Standard,231,0,0,71.4,8.0,,0,,-5,5,0.074,0.926,31,26,32,27,3,2,6,2,5,1,2.58,1.3,-1.3,39.8,15.067252561583182,5.007554259439122,35.43790423893352,45.91604466644375,29.628781814261536
FS,2026-04-03,85.4,-1.67,5.59,"Baty, Brett",683146,641816,,foul,,,,,11,Foul,R,L,R,SF,NYM,S,,,1,2,2026,-1.03,0.19,-1.4765604916561479,2.6867375655532917,,,,2,5,Top,,,,,,,2.551831740425888,-124.49507503632186,-0.7905173409426378,-11.194066133251306,23.39538736074073,-30.22785805314747,3.327952756,1.679527559,168,72,18,86.1,1584,6.5,823240,672275,666464,650333,656305,642715,671218,664056,808982,54.02,,,,,,,,35,5,Split-Finger,0,5,5,0,5,0,5,0,Strategic,Standard,225,0,0,66.5,6.9,,0,88.0,-5,5,0.074,0.926,31,26,32,27,3,2,6,2,5,1,2.91,1.03,-1.03,42.1,-4.456512433485563,27.844225859871088,27.253381460297724,54.03459855160777,9.375478003729881
FF,2026-04-03,92.3,-1.6,5.5,"Baty, Brett",683146,641816,,ball,,,,,12,Ball,R,L,R,SF,NYM,B,,,1,2,2026,-1.09,1.39,0.9860685949501888,3.8689271701650245,,,,2,5,Top,,,,,,,8.94850150808079,-134.16801413217559,-1.258052442524808,-15.07801564510913,28.692906801177518,-15.310721867447604,3.327952756,1.679527559,,,,92.8,2319,6.6,823240,672275,666464,650333,656305,642715,671218,664056,808982,53.9,,,,,,,,35,6,4-Seam Fastball,0,5,5,0,5,0,5,0,Strategic,Standard,217,-0.001,0.042,,,,-0.042,,-5,5,0.074,0.926,31,26,32,27,3,2,6,2,5,1,1.29,1.09,-1.09,48.7,,,,,
FF,2026-04-03,92.3,-1.67,5.4,"Baty, Brett",683146,641816,,ball,,,,,7,Ball,R,L,R,SF,NYM,B,,,2,2,2026,-1.18,1.44,-0.5837704243093627,1.5895128004388388,,,,2,5,Top,,,,,,,5.367152628687159,-134.10290280150497,-6.833891500657855,-15.380940842888545,30.01108881534095,-13.45519028836556,3.327952756,1.679527559,,,,92.7,2324,6.7,823240,672275,666464,650333,656305,642715,671218,664056,808982,53.82,,,,,,,,35,7,4-Seam Fastball,0,5,5,0,5,0,5,0,Strategic,Standard,223,0,0.104,,,,-0.104,,-5,5,0.073,0.927,31,26,32,27,3,2,6,2,5,1,1.25,1.18,-1.18,42.4,,,,,
FF,2026-04-03,92.3,-1.75,5.39,"Baty, Brett",683146,641816,,foul,,,,,4,Foul,R,L,R,SF,NYM,S,,,3,2,2026,-1.21,1.4,-0.47388858032178893,2.2052851830920654,,,,2,5,Top,,,,,,,5.942900460019899,-134.23308477624758,-5.2009090607690736,-15.876499989501825,30.446560410817547,-14.280950404797919,3.327952756,1.679527559,316,93.8,30,93,2363,6.8,823240,672275,666464,650333,656305,642715,671218,664056,808982,53.68,,,,,,,,35,8,4-Seam Fastball,0,5,5,0,5,0,5,0,Strategic,Standard,220,0,0,76.4,7.2,,0,93.8,-5,5,0.073,0.927,31,26,32,27,3,2,6,2,5,1,1.29,1.21,-1.21,43.4,-2.1505561972364093,19.68812560065235,37.25027838148778,41.5129523403005,21.68139926810238
FS,2026-04-03,86.3,-1.82,5.43,"Baty, Brett",683146,641816,strikeout,swinging_strike,,,,,13,Brett Baty strikes out swinging.,R,L,R,SF,NYM,S,2,,3,2,2026,-1.04,0.16,-0.30164681212544875,1.3029382229931286,,,,2,5,Top,,,,,,,5.768391772853721,-125.61545512305176,-3.7678334438440513,-12.114055075604231,23.342508704650847,-29.909548615121093,3.327952756,1.679527559,,,,87.3,1615,6.7,823240,672275,666464,650333,656305,642715,671218,664056,808982,53.76,,0,0,1,0,0,,35,9,Split-Finger,0,5,5,0,5,0,5,0,Strategic,Standard,234,0.002,-0.328,74.2,8.3,,0.328,,-5,5,0.073,0.927,31,26,32,27,3,2,6,2,5,1,2.87,1.04,-1.04,38.9,14.272979265412575,-0.7793841735238789,34.85073322564352,39.8517091154053,33.76465278458349
