"﻿""pitch_type""",game_date,release_speed,release_pos_x,release_pos_z,player_name,batter,pitcher,events,description,spin_dir,spin_rate_deprecated,break_angle_deprecated,break_length_deprecated,zone,des,game_type,stand,p_throws,home_team,away_team,type,hit_location,bb_type,balls,strikes,game_year,pfx_x,pfx_z,plate_x,plate_z,on_3b,on_2b,on_1b,outs_when_up,inning,inning_topbot,hc_x,hc_y,tfs_deprecated,tfs_zulu_deprecated,umpire,sv_id,vx0,vy0,vz0,ax,ay,az,sz_top,sz_bot,hit_distance_sc,launch_speed,launch_angle,effective_speed,release_spin_rate,release_extension,game_pk,fielder_2,fielder_3,fielder_4,fielder_5,fielder_6,fielder_7,fielder_8,fielder_9,release_pos_y,estimated_ba_using_speedangle,estimated_woba_using_speedangle,woba_value,woba_denom,babip_value,iso_value,launch_speed_angle,at_bat_number,pitch_number,pitch_name,home_score,away_score,bat_score,fld_score,post_away_score,post_home_score,post_bat_score,post_fld_score,if_fielding_alignment,of_fielding_alignment,spin_axis,delta_home_win_exp,delta_run_exp,bat_speed,swing_length,estimated_slg_using_speedangle,delta_pitcher_run_exp,hyper_speed,home_score_diff,bat_score_diff,home_win_exp,bat_win_exp,age_pit_legacy,age_bat_legacy,age_pit,age_bat,n_thruorder_pitcher,n_priorpa_thisgame_player_at_bat,pitcher_days_since_prev_game,batter_days_since_prev_game,pitcher_days_until_next_game,batter_days_until_next_game,api_break_z_with_gravity,api_break_x_arm,api_break_x_batter_in,arm_angle,attack_angle,attack_direction,swing_path_tilt,intercept_ball_minus_batter_pos_x_inches,intercept_ball_minus_batter_pos_y_inches
SI,2026-03-26,92.8,-2.98,4.26,"Semien, Marcus",543760,664875,,foul,,,,,5,Foul,R,R,R,NYM,PIT,S,,,0,0,2026,-1.44,0.35,0.0070806551861544165,2.1598444555323604,,,,0,6,Bot,,,,,,,10.76776165450652,-134.80783291132667,-0.18025453474113695,-19.83120122953891,28.76401695408239,-28.022591594009874,3.212106299,1.621062992,5,79.4,-24,93.2,2296,6.5,823649,680779,687462,664040,693304,669707,668804,665833,656811,53.95,,,,,,,,59,1,Sinker,9,5,9,5,5,9,9,5,Standard,Standard,247,-0.001,-0.039,,,,0.039,88.0,4,4,0.951,0.951,31,35,32,36,1,3,,,2,2,2.3,1.44,1.44,0.7,,,,,
SL,2026-03-26,84,-2.06,5.84,"Baty, Brett",683146,642701,,ball,,,,,14,Ball,R,L,R,NYM,PIT,B,,,0,0,2026,0.1,-0.01,1.601080907125069,2.1575993160748883,,,,0,8,Bot,,,,,,,8.18387898604304,-122.17469742902213,-1.910411993844893,-0.48995911563908223,22.813829047649325,-32.154550912354935,3.327952756,1.679527559,,,,84.3,2612,6.4,823649,680779,687462,664040,693304,669707,668804,665833,656811,54.08,,,,,,,,73,1,Slider,11,5,11,5,5,11,11,5,Standard,Standard,95,0,0.041,,,,-0.041,,6,6,0.998,0.998,30,26,30,27,1,4,,,2,2,3.23,-0.1,0.1,34.9,,,,,
SI,2026-03-26,96.6,2.2,5.72,"Bichette, Bo",666182,642397,field_out,hit_into_play,,,,,11,Bo Bichette flies out to left fielder Bryan Reynolds.,R,R,L,NYM,PIT,X,7,fly_ball,0,0,2026,1.41,0.81,-1.2259414702885436,2.500995931717248,,,,0,7,Bot,95.29,109.58,,,,,-12.257691041735868,-140.13763946844693,-4.7010067317605175,21.277869769826424,28.70209201390756,-20.57413852439941,3.162081693,1.595816929,237,69.5,32,96.8,2206,6.4,823649,680779,687462,664040,693304,669707,668804,665833,656811,54.15,0.82,0.75,0,1,0,0,4,67,1,Sinker,11,5,11,5,5,11,11,5,Standard,Standard,124,-0.001,-0.259,70.2,7.1,0.878,0.259,88.0,6,6,0.993,0.993,31,28,31,28,1,4,,,2,2,1.63,1.41,-1.41,28.7,8.468834217067622,-4.245834238835435,38.79346875669082,21.07376152379438,30.009639118722692
FF,2026-03-26,93,-1.13,6.1,"Alvarez, Francisco",682626,676755,,called_strike,,,,,2,Called Strike,R,R,R,NYM,PIT,S,,,0,0,2026,-0.93,1.44,0.1908109956419176,2.647721801628629,,,701807,1,5,Bot,,,,,,,5.442471512012858,-135.32479293880834,-6.110181670251787,-12.576945409957773,29.088970771344197,-13.332246242462574,3.120833333,1.575,,,,93.7,2254,6.7,823649,680779,687462,664040,693304,669707,668804,665833,656811,53.84,,,,,,,,48,1,4-Seam Fastball,6,4,6,4,4,6,6,4,Standard,Standard,206,-0.003,-0.04,,,,0.04,,2,2,0.813,0.813,30,24,31,25,1,2,,,3,2,1.19,0.93,0.93,48.6,,,,,
FF,2026-03-26,98.6,-3,5.78,"Lindor, Francisco",596019,694973,,ball,,,,,11,Ball,R,L,R,NYM,PIT,B,,,0,0,2026,-1.18,0.97,-1.0061778616113428,2.4969142791579317,,,,0,1,Bot,,,,,,,8.274530068351668,-143.2307068367626,-5.592556069898016,-18.22780265162074,34.430496278418744,-17.653608980604428,3.107668963,1.568356299,,,,99.8,2429,7.1,823649,680779,687462,664040,693304,669707,668804,665833,656811,53.38,,,,,,,,6,1,4-Seam Fastball,0,2,0,2,2,0,0,2,Standard,Standard,226,0.004,0.041,,,,-0.041,,-2,-2,0.352,0.352,24,32,24,33,1,0,,,6,2,1.39,1.18,-1.18,26.9,,,,,
FA,2026-03-26,70.1,-0.93,6.1,"Lindor, Francisco",596019,670990,,ball,,,,,14,Ball,R,L,R,NYM,PIT,B,,,0,0,2026,-1.2,1.04,0.8363401613891122,1.5010892085246779,,543760,682626,2,1,Bot,,,,,,,5.405419103852763,-101.91834418034486,-2.735182638511664,-9.262932799571113,16.13159981866744,-24.66651030526436,3.107668963,1.568356299,,,,70.4,1600,6.5,823649,680779,687462,664040,693304,669707,668804,665833,656811,54.02,,,,,,,,15,1,Other,5,2,5,2,2,5,5,2,Standard,Standard,233,0.008,0.024,,,,-0.024,,3,3,0.802,0.802,31,32,31,33,1,1,,,3,2,3.59,1.2,-1.2,28.6,,,,,
FF,2026-03-26,96.8,1.1,5.92,"Lindor, Francisco",596019,682254,,ball,,,,,12,Ball,R,R,L,NYM,PIT,B,,,0,0,2026,0.3,1.45,0.945666056391124,4.026704068864433,,,,0,4,Bot,,,,,,,-1.1152048777731363,-141.01956637538035,-2.743340525686132,4.232090367126111,33.69100435391546,-12.415727919832573,3.107668963,1.568356299,,,,97.9,2137,7,823649,680779,687462,664040,693304,669707,668804,665833,656811,53.52,,,,,,,,35,1,4-Seam Fastball,5,3,5,3,3,5,5,3,Standard,Standard,161,0.002,0.041,,,,-0.041,,2,2,0.786,0.786,26,32,26,33,1,2,,,3,2,0.98,0.3,-0.3,61.3,,,,,
FF,2026-03-26,97.6,-3.06,5.86,"Lindor, Francisco",596019,694973,,ball,,,,,11,Ball,R,L,R,NYM,PIT,B,,,1,0,2026,-0.95,1.35,-1.0755030153642673,3.917185233732626,,,,0,1,Bot,,,,,,,7.569137853046213,-141.84881191047643,-2.635526715256188,-14.719056197888548,36.65717219503192,-13.732663590699012,3.107668963,1.568356299,,,,97.7,2486,6.7,823649,680779,687462,664040,693304,669707,668804,665833,656811,53.79,,,,,,,,6,2,4-Seam Fastball,0,2,0,2,2,0,0,2,Standard,Standard,230,0.007,0.077,,,,-0.077,,-2,-2,0.356,0.356,24,32,24,33,1,0,,,6,2,1.08,0.95,-0.95,27.8,,,,,
FF,2026-03-26,94.6,-2.26,5.84,"Baty, Brett",683146,642701,,ball,,,,,11,Ball,R,L,R,NYM,PIT,B,,,1,0,2026,-1.15,1.52,-1.671383921158289,3.9309262745944635,,,,0,8,Bot,,,,,,,4.132448235302174,-137.71269573879158,-2.5302813224945684,-15.584127566158001,33.57806522836755,-12.580751757072154,3.327952756,1.679527559,,,,94,2510,6.1,823649,680779,687462,664040,693304,669707,668804,665833,656811,54.36,,,,,,,,73,2,4-Seam Fastball,11,5,11,5,5,11,11,5,Standard,Standard,221,0,0.077,,,,-0.077,,6,6,0.998,0.998,30,26,30,27,1,4,,,2,2,1.05,1.15,-1.15,31.3,,,,,
SL,2026-03-26,81.8,2.26,5.8,"Polanco, Jorge",593871,642397,,called_strike,,,,,4,Called Strike,R,R,L,NYM,PIT,S,,,0,0,2026,-0.74,0.16,-0.41303346771727745,2.522020079964561,,,,1,7,Bot,,,,,,,-4.47399606403742,-119.01024638886213,-0.8350671305307861,-5.976271340410991,25.799998240119116,-30.722220023621055,3.191043307,1.610433071,,,,81.1,2431,6.1,823649,680779,687462,664040,693304,669707,668804,665833,656811,54.39,,,,,,,,68,1,Slider,11,5,11,5,5,11,11,5,Standard,Standard,301,0,-0.039,,,,0.039,,6,6,0.992,0.992,31,32,31,33,1,4,,,2,2,3.28,-0.74,0.74,42.6,,,,,
FF,2026-03-26,96.7,-1.66,5.01,"Lindor, Francisco",596019,670990,,ball,,,,,14,Ball,R,L,R,NYM,PIT,B,,,1,0,2026,-0.97,0.98,1.646172362721143,2.1215588926948525,543760,682626,,2,1,Bot,,,,,,,11.093906134605618,-140.29162516051107,-4.201509683405563,-15.47060563467117,33.495726625112994,-18.508933899163743,3.107668963,1.568356299,,,,97.6,2292,7.1,823649,680779,687462,664040,693304,669707,668804,665833,656811,53.4,,,,,,,,15,2,4-Seam Fastball,5,2,5,2,2,5,5,2,Standard,Standard,227,0.001,0.005,,,,-0.005,,3,3,0.81,0.81,31,32,31,33,1,1,,,3,2,1.49,0.97,-0.97,22.9,,,,,
CU,2026-03-26,87,1.2,5.86,"Lindor, Francisco",596019,682254,,ball,,,,,13,Ball,R,R,L,NYM,PIT,B,,,1,0,2026,-0.28,-0.52,-0.13731316627305812,-0.022974077765971934,,,,0,4,Bot,,,,,,,-2.622393310915186,-126.6815536531623,-6.686408866915341,-2.5020185288646526,23.360385247321712,-36.76961563739872,3.107668963,1.568356299,,,,88.4,2645,6.9,823649,680779,687462,664040,693304,669707,668804,665833,656811,53.59,,,,,,,,35,2,Curveball,5,3,5,3,3,5,5,3,Standard,Standard,336,0.005,0.077,,,,-0.077,,2,2,0.788,0.788,26,32,26,33,1,2,,,3,2,3.5,-0.28,0.28,59.8,,,,,
SI,2026-03-26,93.4,-2.93,4.32,"Semien, Marcus",543760,664875,field_out,hit_into_play,,,,,5,Marcus Semien flies out to center fielder Oneil Cruz.,R,R,R,NYM,PIT,X,8,fly_ball,0,1,2026,-1.13,0.09,0.09298496315657867,2.3709771243609894,,,,0,6,Bot,116.96,60.77,,,,,10.232906288540594,-135.60925287343764,0.7374832721571649,-16.219247690292168,30.884631667234615,-31.42117551246535,3.212106299,1.621062992,343,92.1,28,93.3,2361,6.5,823649,680779,687462,664040,693304,669707,668804,665833,656811,54.03,0.074,0.096,0,1,0,0,3,59,2,Sinker,9,5,9,5,5,9,9,5,Standard,Standard,245,-0.003,-0.22,74.6,7.4,0.168,0.22,92.1,4,4,0.95,0.95,31,35,32,36,1,3,,,2,2,2.54,1.13,1.13,-2.1,13.819243075542488,1.7655678510658726,36.03955017103434,34.50864454259768,32.47080676427065
FF,2026-03-26,94.6,-1.23,6.04,"Alvarez, Francisco",682626,676755,,foul_tip,,,,,2,Foul Tip,R,R,R,NYM,PIT,S,,,0,1,2026,-0.83,1.42,0.11785144933172398,2.881909128775522,,,701807,1,5,Bot,,,,,,,5.409575128681103,-137.64204486148506,-5.635723872868392,-11.791596305166504,28.734806054385054,-13.016163319850172,3.120833333,1.575,,,,95.5,2399,6.7,823649,680779,687462,664040,693304,669707,668804,665833,656811,53.82,,,,,,,,48,2,4-Seam Fastball,6,4,6,4,4,6,6,4,Standard,Standard,211,-0.005,-0.047,73.4,6.5,,0.047,,2,2,0.81,0.81,30,24,31,25,1,2,,,3,2,1.11,0.83,0.83,49.0,-2.090095536533965,23.976394273939032,25.402060669007525,36.7539300411439,14.301892989364921
FF,2026-03-26,97.8,-3.01,5.91,"Lindor, Francisco",596019,694973,,ball,,,,,11,Ball,R,L,R,NYM,PIT,B,,,2,0,2026,-1.03,1.33,-0.9731483422569578,3.4281297109624664,,,,0,1,Bot,,,,,,,7.85830408138438,-142.07959453694608,-4.0622812128641606,-15.767298636610315,35.47450417396149,-13.527687697636921,3.107668963,1.568356299,,,,97.7,2490,6.5,823649,680779,687462,664040,693304,669707,668804,665833,656811,53.95,,,,,,,,6,3,4-Seam Fastball,0,2,0,2,2,0,0,2,Standard,Standard,222,0.012,0.152,,,,-0.152,,-2,-2,0.363,0.363,24,32,24,33,1,0,,,6,2,1.08,1.03,-1.03,25.5,,,,,
FF,2026-03-26,97.3,1.13,5.83,"Lindor, Francisco",596019,682254,,ball,,,,,11,Ball,R,R,L,NYM,PIT,B,,,2,0,2026,0.2,1.43,-1.2560777535143646,2.453915140101179,,,,0,4,Bot,,,,,,,-6.868195628413126,-141.41550343995561,-6.728992227048742,4.156053115147188,31.005408004975425,-11.668369308289018,3.107668963,1.568356299,,,,98.6,2138,7,823649,680779,687462,664040,693304,669707,668804,665833,656811,53.5,,,,,,,,35,3,4-Seam Fastball,5,3,5,3,3,5,5,3,Standard,Standard,162,0.007,0.152,,,,-0.152,,2,2,0.793,0.793,26,32,26,33,1,2,,,3,2,0.98,0.2,-0.2,61.7,,,,,
ST,2026-03-26,82.1,2.13,5.84,"Polanco, Jorge",593871,642397,,swinging_strike,,,,,13,Swinging Strike,R,R,L,NYM,PIT,S,,,0,1,2026,-1.21,0.04,-0.6043830940358261,1.4434278418938842,,,,1,7,Bot,,,,,,,-3.7272881637216893,-119.50348455916951,-3.17707144408691,-10.714901151941293,24.827942016655445,-31.40201631348592,3.191043307,1.610433071,,,,81.8,2540,6.2,823649,680779,687462,664040,693304,669707,668804,665833,656811,54.27,,,,,,,,68,2,Sweeper,11,5,11,5,5,11,11,5,Standard,Standard,309,0,-0.052,58.9,7.6,,0.052,,6,6,0.992,0.992,31,32,31,33,1,4,,,2,2,3.37,-1.21,1.21,37.2,21.788576428865575,-40.01582816112848,33.43157222104589,32.51818797135289,49.34229717927259
ST,2026-03-26,82.1,-3.28,4.26,"Benge, Carson",701807,664875,home_run,hit_into_play,,,,,5,Carson Benge homers (1) on a line drive to right center field.,R,L,R,NYM,PIT,X,,line_drive,0,0,2026,0.96,0.53,-0.05341958082371134,2.197398417299853,,,,1,6,Bot,183.73,43.75,,,,,5.320710880393644,-119.4723213380539,1.05889453102052,8.029167066216713,24.90121877871606,-27.544704969971146,3.259498032,1.644980315,385,105.3,24,82.1,2818,6.5,823649,680779,687462,664040,693304,669707,668804,665833,656811,54.02,0.849,1.54,2,1,0,3,6,60,1,Sweeper,9,5,9,5,5,10,10,5,Standard,Standard,72,0.024,1.583,74.9,7.2,2.891,-1.583,105.3,4,4,0.947,0.947,31,23,32,23,1,3,,,2,2,2.87,-0.96,0.96,-0.6,6.555964501540334,-3.6536352635192726,33.11191604648403,37.72058398397728,41.911159441169076
FF,2026-03-26,94.3,-1.36,5.97,"Alvarez, Francisco",682626,676755,,foul,,,,,6,Foul,R,R,R,NYM,PIT,S,,,0,2,2026,-0.9,1.45,0.338419299798826,2.478212669032435,,,701807,1,5,Bot,,,,,,,6.448086670763198,-137.16968217084926,-6.503421066646269,-12.77868321770582,29.135694522068587,-12.596558093575306,3.120833333,1.575,216,75,39,95.1,2430,6.7,823649,680779,687462,664040,693304,669707,668804,665833,656811,53.81,,,,,,,,48,3,4-Seam Fastball,6,4,6,4,4,6,6,4,Standard,Standard,208,0,0,73.4,6.4,,0,88.0,2,2,0.805,0.805,30,24,31,25,1,2,,,3,2,1.11,0.9,0.9,45.9,-4.497031696542524,27.110608572435304,26.96473956640255,39.6641030468147,12.295174261235525
SL,2026-03-26,83.5,-2.11,5.8,"Baty, Brett",683146,642701,,foul,,,,,9,Foul,R,L,R,NYM,PIT,S,,,2,0,2026,0.23,0.04,0.49135219854089024,1.7219315877834198,,,,0,8,Bot,,,,,,,5.453584306893165,-121.61924767858694,-2.8720006329762446,1.3891038250497818,21.332384824133367,-31.486211233999846,3.327952756,1.679527559,223,102,14,83.9,2627,6.3,823649,680779,687462,664040,693304,669707,668804,665833,656811,54.21,,,,,,,,73,3,Slider,11,5,11,5,5,11,11,5,Standard,Standard,101,0,-0.072,75.1,8.7,,0.072,102.0,6,6,0.998,0.998,30,26,30,27,1,4,,,2,2,3.2,-0.23,0.23,35.3,23.90654811237283,-20.821585672357052,41.410882658400446,31.81093932680118,44.22002151940954
FF,2026-03-26,96.7,-1.77,5.02,"Lindor, Francisco",596019,670990,,called_strike,,,,,8,Called Strike,R,L,R,NYM,PIT,S,,,2,0,2026,-0.98,1.11,-0.25477236793571034,1.9311985312075042,543760,682626,,2,1,Bot,,,,,,,6.356714617053369,-140.68254218528367,-5.11982108280065,-14.405264371020467,31.635966130001727,-16.391348180544995,3.107668963,1.568356299,,,,98.1,2309,7.1,823649,680779,687462,664040,693304,669707,668804,665833,656811,53.44,,,,,,,,15,3,4-Seam Fastball,5,2,5,2,2,5,5,2,Standard,Standard,232,-0.001,-0.018,,,,0.018,,3,3,0.811,0.811,31,32,31,33,1,1,,,3,2,1.32,0.98,-0.98,19.2,,,,,
ST,2026-03-26,82.8,-3.19,4.29,"Alvarez, Francisco",682626,664875,,called_strike,,,,,8,Called Strike,R,R,R,NYM,PIT,S,,,0,0,2026,1.09,0.41,0.07441290969943337,1.9540978804391607,,,,1,6,Bot,,,,,,,5.204490838592767,-120.53004041760147,0.5761990868989755,9.444111717440407,25.327043173121805,-28.595400557513308,3.120833333,1.575,,,,82.8,2851,6.4,823649,680779,687462,664040,693304,669707,668804,665833,656811,54.06,,,,,,,,61,1,Sweeper,10,5,10,5,5,10,10,5,Standard,Standard,80,0,-0.039,,,,0.039,,5,5,0.971,0.971,31,24,32,25,1,3,,,2,2,2.94,-1.09,-1.09,10.6,,,,,
FF,2026-03-26,95,-1.27,5.91,"Alvarez, Francisco",682626,676755,single,hit_into_play,,,,,8,Francisco Alvarez singles on a line drive to right fielder Ryan O'Hearn. Carson Benge to 2nd.,R,R,R,NYM,PIT,X,9,line_drive,0,2,2026,-0.66,1.44,-0.013911500372795316,2.0328197808971367,,,701807,1,5,Bot,186.63,112.67,,,,,4.765389278303756,-138.1700965767472,-7.625717338310874,-9.443380179034321,29.83511283933518,-12.208682105969169,3.120833333,1.575,233,96.5,14,95.9,2339,6.7,823649,680779,687462,664040,693304,669707,668804,665833,656811,53.76,0.891,0.863,0.9,1,1,0,4,48,4,4-Seam Fastball,6,4,6,4,4,6,6,4,Standard,Standard,206,0.031,0.493,73.0,6.7,1.082,-0.493,96.5,2,2,0.805,0.805,30,24,31,25,1,2,,,3,2,1.08,0.66,0.66,46.1,-5.666449934189273,16.222416982202624,30.898533688025196,35.882083502980294,17.308965233923587
FF,2026-03-26,96.7,-1.77,4.98,"Lindor, Francisco",596019,670990,field_out,hit_into_play,,,,,6,Francisco Lindor flies out to left fielder Bryan Reynolds.,R,L,R,NYM,PIT,X,7,fly_ball,2,1,2026,-0.99,1.06,0.42319721319030346,2.1886508036809644,543760,682626,,2,1,Bot,87.45,125.33,,,,,8.176480624806663,-140.57894062063704,-4.202237719372062,-14.968506810714853,31.579648924759834,-17.33844567357075,3.107668963,1.568356299,204,80.7,55,98.1,2411,7.1,823649,680779,687462,664040,693304,669707,668804,665833,656811,53.39,0.031,0.032,0,1,0,0,3,15,4,4-Seam Fastball,5,2,5,2,2,5,5,2,Standard,Standard,235,-0.032,-0.294,72.7,6.9,0.042,0.294,88.0,3,3,0.81,0.81,31,32,31,33,1,1,,,3,2,1.38,0.99,-0.99,16.6,7.193419452008307,1.7187916556745608,37.07087043589125,30.207751050091566,28.56491593268
CH,2026-03-26,87.2,-2.41,5.66,"Baty, Brett",683146,642701,,foul,,,,,13,Foul,R,L,R,NYM,PIT,S,,,2,1,2026,-1.39,0.26,-0.8733268719309288,1.9529139488397718,,,,0,8,Bot,,,,,,,6.565526206046618,-126.92595682962043,-3.0831695708266977,-16.343185811926347,25.416527926403916,-28.964315086579518,3.327952756,1.679527559,127,63.4,69,87.6,2338,6.5,823649,680779,687462,664040,693304,669707,668804,665833,656811,54.03,,,,,,,,73,4,Changeup,11,5,11,5,5,11,11,5,Standard,Standard,238,0,-0.073,56.2,8.4,,0.073,88.0,6,6,0.998,0.998,30,26,30,27,1,4,,,2,2,2.73,1.39,-1.39,31.3,12.653900164371404,-11.505597384862178,38.69209995910042,47.152213442578834,31.196595489622055
ST,2026-03-26,82.8,2.02,5.78,"Polanco, Jorge",593871,642397,strikeout,swinging_strike,,,,,13,Jorge Polanco strikes out swinging.,R,R,L,NYM,PIT,S,2,,0,2,2026,-1.34,-0.12,-1.389826038418871,1.560789472598425,,,,1,7,Bot,,,,,,,-4.99787980460895,-120.33882607356352,-2.510150318125403,-11.712323877047533,27.77396595639177,-33.003915963122886,3.191043307,1.610433071,,,,82.1,2572,6.4,823649,680779,687462,664040,693304,669707,668804,665833,656811,54.15,,0,0,1,0,0,,68,3,Sweeper,11,5,11,5,5,11,11,5,Standard,Standard,307,0,-0.163,56.0,7.0,,0.163,,6,6,0.992,0.992,31,32,31,33,1,4,,,2,2,3.51,-1.34,1.34,36.1,11.435200351891348,-32.4757237113695,34.579781444751504,21.763285649567894,39.08328874517889
FF,2026-03-26,98.1,-3.06,5.83,"Lindor, Francisco",596019,694973,,called_strike,,,,,13,Called Strike,R,L,R,NYM,PIT,S,,,3,0,2026,-1.2,1.07,-0.8961948064768481,2.269843992092899,,,,0,1,Bot,,,,,,,8.687957063522003,-142.47135131902078,-6.450849903749269,-18.40730874210346,36.15760307227145,-16.20140191865733,3.107668963,1.568356299,,,,98.6,2460,6.9,823649,680779,687462,664040,693304,669707,668804,665833,656811,53.56,,,,,,,,6,4,4-Seam Fastball,0,2,0,2,2,0,0,2,Standard,Standard,231,-0.008,-0.09,,,,0.09,,-2,-2,0.375,0.375,24,32,24,33,1,0,,,6,2,1.32,1.2,-1.2,28.7,,,,,
FF,2026-03-26,97.2,0.92,5.79,"Lindor, Francisco",596019,682254,,called_strike,,,,,2,Called Strike,R,R,L,NYM,PIT,S,,,3,0,2026,0.1,1.47,0.10856258668296873,3.1403718133307206,,,,0,4,Bot,,,,,,,-2.407073891869705,-141.41342501524733,-4.847852304218103,1.9636806089888172,33.71449860571254,-11.580897156519274,3.107668963,1.568356299,,,,98.2,2194,7,823649,680779,687462,664040,693304,669707,668804,665833,656811,53.55,,,,,,,,35,4,4-Seam Fastball,5,3,5,3,3,5,5,3,Standard,Standard,168,-0.005,-0.09,,,,0.09,,2,2,0.8,0.8,26,32,26,33,1,2,,,3,2,0.95,0.1,-0.1,63.2,,,,,
FF,2026-03-26,97.2,-3.05,5.81,"Lindor, Francisco",596019,694973,,called_strike,,,,,9,Called Strike,R,L,R,NYM,PIT,S,,,3,1,2026,-1.07,1.22,0.3395630108474683,1.4501813907174979,,,,0,1,Bot,,,,,,,11.583655686767008,-140.87773264981988,-8.799925265788737,-16.933876546678555,33.65718318117199,-13.96449191453931,3.107668963,1.568356299,,,,98,2446,7.1,823649,680779,687462,664040,693304,669707,668804,665833,656811,53.4,,,,,,,,6,5,4-Seam Fastball,0,2,0,2,2,0,0,2,Standard,Standard,231,-0.009,-0.094,,,,0.094,,-2,-2,0.367,0.367,24,32,24,33,1,0,,,6,2,1.22,1.07,-1.07,29.2,,,,,
FF,2026-03-26,97.4,1.01,5.85,"Lindor, Francisco",596019,682254,walk,ball,,,,,12,Francisco Lindor walks.,R,R,L,NYM,PIT,B,,,3,1,2026,0.34,1.5,1.014278587033961,3.4557907340695935,,,,0,4,Bot,,,,,,,-0.8141867755882922,-141.7533614680888,-4.256258631466282,4.824239767769158,33.97213970427035,-11.19447528024467,3.107668963,1.568356299,,,,98.3,2241,6.9,823649,680779,687462,664040,693304,669707,668804,665833,656811,53.61,,0.709062,0.7,1,0,0,,35,5,4-Seam Fastball,5,3,5,3,3,5,5,3,Standard,Standard,166,0.014,0.262,,,,-0.262,,2,2,0.795,0.795,26,32,26,33,1,2,,,3,2,0.91,0.34,-0.34,60.7,,,,,
CH,2026-03-26,87.7,-1.27,6.04,"Lindor, Francisco",596019,676755,,ball,,,,,13,Ball,R,L,R,NYM,PIT,B,,,0,0,2026,-1.24,1.03,-1.106119531544062,1.7104281524378306,,701807,682626,1,5,Bot,,,,,,,3.046523087555682,-127.57941636762345,-6.29272182299984,-14.156978584600965,27.843379747994664,-19.80436514276183,3.107668963,1.568356299,,,,88.5,1862,6.9,823649,680779,687462,664040,693304,669707,668804,665833,656811,53.56,,,,,,,,49,1,Changeup,6,4,6,4,4,6,6,4,Standard,Standard,227,0.004,0.031,,,,-0.031,,2,2,0.836,0.836,30,32,31,33,1,3,,,3,2,1.95,1.24,-1.24,47.2,,,,,
CU,2026-03-26,83.2,-1.49,5.45,"Soto, Juan",665742,670990,,ball,,,,,3,Ball,R,L,R,NYM,PIT,B,,,0,0,2026,1.32,-0.41,0.3095635104776141,3.238513766235011,,,,0,2,Bot,,,,,,,1.4597801817623255,-121.19264939671118,2.3933837408742624,12.769942360208981,23.0748107523044,-36.89339630804674,3.259498032,1.644980315,,,,84.3,2497,6.9,823649,680779,687462,664040,693304,669707,668804,665833,656811,53.63,,,,,,,,19,1,Curveball,5,2,5,2,2,5,5,2,Standard,Standard,56,0.002,0.041,,,,-0.041,,3,3,0.821,0.821,31,27,31,28,1,1,,,3,2,3.69,-1.32,1.32,34.0,,,,,
ST,2026-03-26,82.7,-3.25,4.28,"Alvarez, Francisco",682626,664875,,ball,,,,,14,Ball,R,R,R,NYM,PIT,B,,,0,1,2026,1.44,0.63,3.4996359121331535,1.2476002126632637,,,,1,6,Bot,,,,,,,12.334420350182478,-119.84035396582696,-1.3695849642402402,11.247681558250154,24.704197331144226,-26.05573877626713,3.120833333,1.575,,,,82.4,2899,6.5,823649,680779,687462,664040,693304,669707,668804,665833,656811,54,,,,,,,,61,2,Sweeper,10,5,10,5,5,10,10,5,Standard,Standard,72,0,0.029,,,,-0.029,,5,5,0.971,0.971,31,24,32,25,1,3,,,2,2,2.75,-1.44,-1.44,9.1,,,,,
FF,2026-03-26,94.2,-2.19,5.75,"Baty, Brett",683146,642701,,foul,,,,,5,Foul,R,L,R,NYM,PIT,S,,,2,2,2026,-0.75,1.15,-0.09882000450060668,2.2473688237448672,,,,0,8,Bot,,,,,,,7.051156642347772,-136.96000073587672,-5.735281465873763,-10.991050842624249,32.19355991574379,-16.590804121181577,3.327952756,1.679527559,242,86.7,47,94,2323,6.4,823649,680779,687462,664040,693304,669707,668804,665833,656811,54.15,,,,,,,,73,5,4-Seam Fastball,11,5,11,5,5,11,11,5,Standard,Standard,223,0,0,77.8,7.5,,0,88.0,6,6,0.998,0.998,30,26,30,27,1,4,,,2,2,1.43,0.75,-0.75,35.9,4.072116951200156,8.763975909828662,40.87272521382665,37.94273262166085,27.647930096064158
SL,2026-03-26,82.8,2.12,5.82,"Robert Jr., Luis",673357,642397,,swinging_strike,,,,,4,Swinging Strike,R,R,L,NYM,PIT,S,,,0,0,2026,-0.62,0.09,-0.5503192321327006,2.2738183175300386,,,,2,7,Bot,,,,,,,-4.773546632216306,-120.44928838780261,-1.485676680915182,-4.950763264856805,26.520825258457933,-31.203418079307443,3.310400263,1.670669291,,,,82.2,2524,6.2,823649,680779,687462,664040,693304,669707,668804,665833,656811,54.27,,,,,,,,69,1,Slider,11,5,11,5,5,11,11,5,Standard,Standard,329,0,-0.043,78.2,9.2,,0.043,,6,6,0.992,0.992,31,28,31,29,1,4,,,2,2,3.27,-0.62,0.62,41.0,32.685276480176206,-55.02643409633063,31.4995932513213,36.06072747913082,59.72568851924818
SI,2026-03-26,93.9,-2.9,4.2,"Alvarez, Francisco",682626,664875,,called_strike,,,,,7,Called Strike,R,R,R,NYM,PIT,S,,,1,1,2026,-1.55,-0.11,-0.3349574086792919,1.5515238395267792,,,,1,6,Bot,,,,,,,10.086444685812745,-136.38160042626888,-0.6704251580478406,-21.625709107491716,30.587099229141028,-33.611997362545544,3.120833333,1.575,,,,94,2446,6.5,823649,680779,687462,664040,693304,669707,668804,665833,656811,53.99,,,,,,,,61,3,Sinker,10,5,10,5,5,10,10,5,Standard,Standard,255,-0.001,-0.064,,,,0.064,,5,5,0.971,0.971,31,24,32,25,1,3,,,2,2,2.71,1.55,1.55,-0.7,,,,,
FF,2026-03-26,94.6,-2.01,5.79,"Baty, Brett",683146,642701,field_out,hit_into_play,,,,,12,"Brett Baty grounds out, second baseman Brandon Lowe to first baseman Spencer Horwitz.",R,L,R,NYM,PIT,X,4,ground_ball,2,2,2026,-0.76,1.31,0.8912586774565987,2.812639820898582,,,,0,8,Bot,149.78,152.7,,,,,9.1862410141359,-137.3650702269825,-4.799138955389589,-11.757608805577926,32.129785072798974,-14.712395346805142,3.327952756,1.679527559,36,66.5,0,94.2,2378,6.3,823649,680779,687462,664040,693304,669707,668804,665833,656811,54.19,0.124,0.112,0,1,0,0,2,73,6,4-Seam Fastball,11,5,11,5,5,11,11,5,Standard,Standard,221,0,-0.232,75.1,6.7,0.132,0.232,88.0,6,6,0.998,0.998,30,26,30,27,1,4,,,2,2,1.26,0.76,-0.76,38.4,0.43452639671599436,10.406713635787078,42.56996882913748,25.56618197053875,24.517832362911665
SL,2026-03-26,81.6,2.1,5.73,"Robert Jr., Luis",673357,642397,,swinging_strike,,,,,8,Swinging Strike,R,R,L,NYM,PIT,S,,,0,1,2026,-0.79,0.06,-0.027952678490552163,1.961831886619596,,,,2,7,Bot,,,,,,,-3.1836599014596376,-118.68264207936632,-1.6699233376152836,-6.632894742927671,26.56160888273433,-31.44638899653436,3.310400263,1.670669291,,,,81,2501,6.3,823649,680779,687462,664040,693304,669707,668804,665833,656811,54.23,,,,,,,,69,2,Slider,11,5,11,5,5,11,11,5,Standard,Standard,299,0,-0.057,77.3,8.7,,0.057,,6,6,0.992,0.992,31,28,31,29,1,4,,,2,2,3.41,-0.79,0.79,36.9,28.331077322561462,-29.691361016149486,38.26928809365778,41.669902794106726,45.11638509962771
FF,2026-03-26,97.2,1.23,5.78,"Soto, Juan",665742,682254,,foul,,,,,5,Foul,R,L,L,NYM,PIT,S,,,0,0,2026,-0.05,1.49,-0.10498416366453628,2.3047761149752457,,,596019,0,4,Bot,,,,,,,-3.45084488259391,-141.39895616584786,-7.109716225844006,0.20661429873010617,34.15804939084883,-10.71839464271088,3.259498032,1.644980315,220,81.8,21,98.1,2186,7,823649,680779,687462,664040,693304,669707,668804,665833,656811,53.55,,,,,,,,36,1,4-Seam Fastball,5,3,5,3,3,5,5,3,Standard,Standard,167,-0.003,-0.043,76.3,7.5,,0.043,88.0,2,2,0.809,0.809,26,27,26,28,1,2,,,3,2,0.93,-0.05,-0.05,62.4,13.686817274805843,-0.6650167439845648,31.175265514427732,40.52746094125396,24.863836560414285
FF,2026-03-26,94.6,-1.31,5.9,"Lindor, Francisco",596019,676755,,called_strike,,,,,1,Called Strike,R,L,R,NYM,PIT,S,,,1,0,2026,-0.92,1.62,-0.5837605897532716,2.968647729443818,,701807,682626,1,5,Bot,,,,,,,3.997884123224239,-137.46322506490628,-5.340758619611719,-12.573116470557368,36.136366285573494,-10.789267367800928,3.107668963,1.568356299,,,,94.4,2486,6.6,823649,680779,687462,664040,693304,669707,668804,665833,656811,53.85,,,,,,,,49,2,4-Seam Fastball,6,4,6,4,4,6,6,4,Standard,Standard,211,-0.005,-0.045,,,,0.045,,2,2,0.84,0.84,30,32,31,33,1,3,,,3,2,0.98,0.92,-0.92,45.1,,,,,
CU,2026-03-26,84.8,-1.39,5.45,"Soto, Juan",665742,670990,field_out,hit_into_play,,,,,8,Juan Soto grounds out to first baseman Spencer Horwitz.,R,L,R,NYM,PIT,X,3,ground_ball,1,0,2026,1.29,-0.51,0.26408278024783427,1.6187131667517876,,,,0,2,Bot,159.41,166.38,,,,,1.1901954652319295,-123.52990390186704,-1.3606172958532738,12.950439599851663,25.5140838415128,-37.28725232943329,3.259498032,1.644980315,4,82.3,-26,85.7,2448,6.9,823649,680779,687462,664040,693304,669707,668804,665833,656811,53.6,0.056,0.05,0,1,0,0,2,19,2,Curveball,5,2,5,2,2,5,5,2,Standard,Standard,51,-0.014,-0.301,72.0,7.2,0.056,0.301,88.0,3,3,0.823,0.823,31,27,31,28,1,1,,,3,2,3.68,-1.29,1.29,34.4,10.886345331482717,-4.269093232463017,26.9145515565572,36.88817323412042,30.68067835046883
CH,2026-03-26,90.9,-3.28,5.7,"Lindor, Francisco",596019,694973,,foul,,,,,13,Foul,R,L,R,NYM,PIT,S,,,3,2,2026,-1.72,0.66,-0.03337822542137414,1.1564906789402523,,,,0,1,Bot,,,,,,,11.800307117475414,-131.65689963737802,-6.607683336434389,-22.569876585874585,28.969658643282056,-23.20084783457169,3.107668963,1.568356299,151,75,70,90.8,2137,6.6,823649,680779,687462,664040,693304,669707,668804,665833,656811,53.91,,,,,,,,6,6,Changeup,0,2,0,2,2,0,0,2,Standard,Standard,257,0,0,68.6,8.0,,0,88.0,-2,-2,0.358,0.358,24,32,24,33,1,0,,,6,2,2.14,1.72,-1.72,23.2,12.373858624483807,-12.778388028151925,43.699007523718485,33.590114606162565,35.5204610907104
ST,2026-03-26,82.9,-3,4.39,"Alvarez, Francisco",682626,664875,,ball,,,,,14,Ball,R,R,R,NYM,PIT,B,,,1,2,2026,1.45,0.31,1.8304728521495515,0.7450896681890549,,,,1,6,Bot,,,,,,,7.997852896824406,-120.46279621155732,-2.1564827576202825,12.327559173973492,25.851137194515836,-28.917502645897837,3.120833333,1.575,,,,82.6,3039,6.4,823649,680779,687462,664040,693304,669707,668804,665833,656811,54.12,,,,,,,,61,4,Sweeper,10,5,10,5,5,10,10,5,Standard,Standard,73,0.001,0.048,,,,-0.048,,5,5,0.97,0.97,31,24,32,25,1,3,,,2,2,3.04,-1.45,-1.45,5.3,,,,,
SI,2026-03-26,94.1,-2.02,5.65,"Semien, Marcus",543760,642701,,called_strike,,,,,5,Called Strike,R,R,R,NYM,PIT,S,,,0,0,2026,-1.45,0.82,0.22562714929312855,2.1184369368540015,,,,1,8,Bot,,,,,,,9.00408593237736,-136.65984657424622,-5.050733882741709,-20.145174890167336,30.19733698100868,-20.97538453409767,3.212106299,1.621062992,,,,93.9,2256,6.3,823649,680779,687462,664040,693304,669707,668804,665833,656811,54.21,,,,,,,,74,1,Sinker,11,5,11,5,5,11,11,5,Standard,Standard,225,0,-0.039,,,,0.039,,6,6,0.998,0.998,30,35,30,36,1,4,,,2,2,1.77,1.45,1.45,29.7,,,,,
ST,2026-03-26,83.2,2.03,5.76,"Robert Jr., Luis",673357,642397,,foul,,,,,5,Foul,R,R,L,NYM,PIT,S,,,0,2,2026,-1.07,-0.21,-0.1791797141749969,2.2067261758153185,,,,2,7,Bot,,,,,,,-2.851814792498873,-121.03616268875007,-0.9518167963679367,-9.791092319288657,27.253918873637804,-34.27428666544434,3.310400263,1.670669291,128,84.1,74,82.5,2569,6.2,823649,680779,687462,664040,693304,669707,668804,665833,656811,54.3,,,,,,,,69,3,Sweeper,11,5,11,5,5,11,11,5,Standard,Standard,308,0,0,79.1,8.2,,0,88.0,6,6,0.992,0.992,31,28,31,29,1,4,,,2,2,3.55,-1.07,1.07,37.0,17.528141987571836,-11.652932439676272,43.83361227146243,37.44273363658719,32.255320702850064
CH,2026-03-26,85.9,-1.24,6.01,"Lindor, Francisco",596019,676755,,ball,,,,,13,Ball,R,L,R,NYM,PIT,B,,,1,1,2026,-0.9,1.34,-1.1315770246694328,2.1661097347231095,,701807,682626,1,5,Bot,,,,,,,2.140095865314303,-124.95617676686979,-5.3635255280950735,-9.87311834386548,28.308516472700365,-17.235243585212345,3.107668963,1.568356299,,,,86.3,1829,6.9,823649,680779,687462,664040,693304,669707,668804,665833,656811,53.62,,,,,,,,49,3,Changeup,6,4,6,4,4,6,6,4,Standard,Standard,222,0.005,0.048,,,,-0.048,,2,2,0.835,0.835,30,32,31,33,1,3,,,3,2,1.78,0.9,-0.9,48.5,,,,,
SI,2026-03-26,96.8,-3.29,4.99,"Bichette, Bo",666182,670990,,called_strike,,,,,7,Called Strike,R,R,R,NYM,PIT,S,,,0,0,2026,-1.51,0.57,-0.5446410526265502,2.040502940550285,,,,1,2,Bot,,,,,,,10.847257061629875,-140.5086746560848,-3.429317372997244,-22.463710688699592,31.953877839701946,-24.06730096593613,3.162081693,1.595816929,,,,97.6,2068,6.9,823649,680779,687462,664040,693304,669707,668804,665833,656811,53.59,,,,,,,,20,1,Sinker,5,2,5,2,2,5,5,2,Standard,Standard,235,-0.001,-0.039,,,,0.039,,3,3,0.809,0.809,31,28,31,28,1,1,,,3,2,1.88,1.51,1.51,19.8,,,,,
SL,2026-03-26,89.7,1.3,5.81,"Soto, Juan",665742,682254,,ball,,,,,13,Ball,R,L,L,NYM,PIT,B,,,0,1,2026,-0.19,0.16,-1.324472085608328,1.463126075211131,,,596019,0,4,Bot,,,,,,,-6.0710912803546675,-130.51448587369612,-4.926989762347944,-0.9308603032694012,26.150032680174053,-29.59029459522122,3.259498032,1.644980315,,,,90.9,2696,6.9,823649,680779,687462,664040,693304,669707,668804,665833,656811,53.56,,,,,,,,36,2,Slider,5,3,5,3,3,5,5,3,Standard,Standard,265,0.002,0.034,,,,-0.034,,2,2,0.806,0.806,26,27,26,28,1,2,,,3,2,2.67,-0.19,-0.19,58.9,,,,,
FF,2026-03-26,98.6,-2.99,5.79,"Lindor, Francisco",596019,694973,walk,ball,,,,,11,Francisco Lindor walks.,R,L,R,NYM,PIT,B,,,3,2,2026,-1.08,1.05,-1.1588964077383788,2.599211998904374,,,,0,1,Bot,,,,,,,7.585424959524045,-143.37888408952102,-5.569986370359054,-16.625710072065733,34.48224676106733,-16.547130311130108,3.107668963,1.568356299,,,,100.1,2319,7.2,823649,680779,687462,664040,693304,669707,668804,665833,656811,53.26,,0.709062,0.7,1,0,0,,6,7,4-Seam Fastball,0,2,0,2,2,0,0,2,Standard,Standard,217,0.032,0.356,,,,-0.356,,-2,-2,0.358,0.358,24,32,24,33,1,0,,,6,2,1.3,1.08,-1.08,29.3,,,,,
ST,2026-03-26,82.9,2.07,5.72,"Robert Jr., Luis",673357,642397,strikeout,swinging_strike_blocked,,,,,13,Luis Robert Jr. strikes out swinging.,R,R,L,NYM,PIT,S,2,,0,2,2026,-1.13,0.37,-1.4676802374414963,1.003859957582688,,,,2,7,Bot,,,,,,,-5.7308826769778305,-120.5340555772382,-4.75626702639201,-9.77534738651204,24.401584776801382,-27.778435266548307,3.310400263,1.670669291,,,,82.8,2688,6.3,823649,680779,687462,664040,693304,669707,668804,665833,656811,54.16,,0,0,1,0,0,,69,4,Sweeper,11,5,11,5,5,11,11,5,Standard,Standard,317,0,-0.16,52.4,9.0,,0.16,,6,6,0.992,0.992,31,28,31,29,1,4,,,2,2,2.96,-1.13,1.13,37.5,35.24795661658122,-37.78991487206507,46.07199423384955,23.509605244849794,48.39094173684505
ST,2026-03-26,84,-3.52,5.16,"Bichette, Bo",666182,670990,,ball,,,,,11,Ball,R,R,R,NYM,PIT,B,,,0,1,2026,1.18,0.22,-0.5902199419719935,3.3995617322497558,,,,1,2,Bot,,,,,,,4.374362438381847,-122.14779464851824,2.1543629273506646,10.728721597756245,26.473267444045888,-30.67565484020468,3.162081693,1.595816929,,,,84.6,2624,7,823649,680779,687462,664040,693304,669707,668804,665833,656811,53.55,,,,,,,,20,2,Sweeper,5,2,5,2,2,5,5,2,Standard,Standard,76,0.001,0.029,,,,-0.029,,3,3,0.808,0.808,31,28,31,28,1,1,,,3,2,3.04,-1.18,-1.18,22.5,,,,,
ST,2026-03-26,83.1,-3.06,4.4,"Alvarez, Francisco",682626,664875,,foul,,,,,8,Foul,R,R,R,NYM,PIT,S,,,2,2,2026,1.01,0.28,-0.13899538218228868,1.965470010298167,,,,1,6,Bot,,,,,,,4.613289631116017,-121.0117298693338,0.500308752592407,9.112751044548713,23.01531115683577,-29.75682233516221,3.120833333,1.575,132,97.5,9,83.6,2878,6.5,823649,680779,687462,664040,693304,669707,668804,665833,656811,53.97,,,,,,,,61,5,Sweeper,10,5,10,5,5,10,10,5,Standard,Standard,93,0,0,72.7,8.2,,0,97.5,5,5,0.971,0.971,31,24,32,25,1,3,,,2,2,3.01,-1.01,-1.01,4.6,15.629713473822683,-36.40351057052931,31.802680308937084,32.79093461200126,41.25664841519402
SI,2026-03-26,95.2,-2.05,5.65,"Semien, Marcus",543760,642701,,called_strike,,,,,9,Called Strike,R,R,R,NYM,PIT,S,,,0,1,2026,-1.23,0.66,0.6405448456346421,2.084153096493135,,,,1,8,Bot,,,,,,,9.735949856125314,-138.28372478080524,-5.021052114000645,-17.888567707929226,29.70987437868191,-22.688214240337782,3.212106299,1.621062992,,,,95.1,2302,6.3,823649,680779,687462,664040,693304,669707,668804,665833,656811,54.22,,,,,,,,74,2,Sinker,11,5,11,5,5,11,11,5,Standard,Standard,224,0,-0.052,,,,0.052,,6,6,0.998,0.998,30,35,30,36,1,4,,,2,2,1.85,1.23,1.23,29.7,,,,,
FF,2026-03-26,94.1,-1.25,5.91,"Lindor, Francisco",596019,676755,,ball,,,,,11,Ball,R,L,R,NYM,PIT,B,,,2,1,2026,-0.86,1.64,-0.21329100484756014,3.489998976466265,,701807,682626,1,5,Bot,,,,,,,4.652371581613058,-136.74108731910363,-4.018224935476456,-11.831406973169669,35.85497818280033,-11.067845167803588,3.107668963,1.568356299,,,,94.2,2328,6.9,823649,680779,687462,664040,693304,669707,668804,665833,656811,53.63,,,,,,,,49,4,4-Seam Fastball,6,4,6,4,4,6,6,4,Standard,Standard,207,0.01,0.108,,,,-0.108,,2,2,0.84,0.84,30,32,31,33,1,3,,,3,2,0.98,0.86,-0.86,49.6,,,,,
FF,2026-03-26,97.7,-2.95,5.66,"Soto, Juan",665742,694973,,called_strike,,,,,2,Called Strike,R,L,R,NYM,PIT,S,,,0,0,2026,-1.24,1.29,-0.12484490747416643,2.9225396183036843,,,596019,0,1,Bot,,,,,,,10.586494870480688,-141.8515713608577,-4.725430585157668,-19.27147735235469,34.48856194998371,-13.837451713745141,3.259498032,1.644980315,,,,98.9,2477,7.2,823649,680779,687462,664040,693304,669707,668804,665833,656811,53.3,,,,,,,,7,1,4-Seam Fastball,0,2,0,2,2,0,0,2,Standard,Standard,228,-0.005,-0.043,,,,0.043,,-2,-2,0.39,0.39,24,27,24,28,1,0,,,6,2,1.12,1.24,-1.24,22.0,,,,,
FF,2026-03-26,98.2,1.22,5.79,"Soto, Juan",665742,682254,,swinging_strike,,,,,8,Swinging Strike,R,L,L,NYM,PIT,S,,,1,1,2026,0.09,1.37,-0.023500956182395366,1.9822044648492496,,,596019,0,4,Bot,,,,,,,-3.560881059196463,-142.86204337833993,-7.968725801666095,1.9827281392861267,30.109817426335624,-11.749272964212452,3.259498032,1.644980315,,,,99.6,2206,6.9,823649,680779,687462,664040,693304,669707,668804,665833,656811,53.6,,,,,,,,36,3,4-Seam Fastball,5,3,5,3,3,5,5,3,Standard,Standard,163,-0.006,-0.07,75.5,6.9,,0.07,,2,2,0.808,0.808,26,27,26,28,1,2,,,3,2,0.98,0.09,0.09,60.9,4.4070148124424335,14.730682691799055,34.384309968503054,39.884543108193355,12.282922321744449
SL,2026-03-26,86,-2.13,5.75,"Semien, Marcus",543760,642701,strikeout,called_strike,,,,,2,"Marcus Semien challenged (pitch result), call on the field was confirmed: Marcus Semien called out on strikes.",R,R,R,NYM,PIT,S,2,,0,2,2026,0.12,-0.16,0.251237958009911,3.221354422314916,,,,1,8,Bot,,,,,,,5.322627608541896,-125.21512829996107,0.7564927729628554,0.24792783683311237,24.89917454873814,-34.19982880641513,3.212106299,1.621062992,,,,86.1,2567,6.3,823649,680779,687462,664040,693304,669707,668804,665833,656811,54.19,,0,0,1,0,0,,74,3,Slider,11,5,11,5,5,11,11,5,Standard,Standard,113,-0.001,-0.163,,,,0.163,,6,6,0.998,0.998,30,35,30,36,1,4,,,2,2,3.23,-0.12,-0.12,33.7,,,,,
FF,2026-03-26,93.6,-2.85,4.53,"Alvarez, Francisco",682626,664875,home_run,hit_into_play,,,,,3,Francisco Alvarez homers (1) on a fly ball to left center field.,R,R,R,NYM,PIT,X,,fly_ball,2,2,2026,-1.09,1.1,0.5261104279572246,2.9765105310479916,,,,1,6,Bot,40.23,47.4,,,,,11.083685003981909,-135.90152714412633,-0.5985387281760576,-15.916075603385586,28.108584283093723,-18.571290509512615,3.120833333,1.575,429,109,27,94.1,2439,6.6,823649,680779,687462,664040,693304,669707,668804,665833,656811,53.92,0.994,2.03,2,1,0,3,6,61,6,4-Seam Fastball,10,5,10,5,5,11,11,5,Standard,Standard,242,0.014,1.609,74.6,7.9,3.964,-1.609,109.0,5,5,0.971,0.971,31,24,32,25,1,3,,,2,2,1.5,1.09,1.09,6.1,17.24924422240681,-9.501153848889144,22.363570726262886,42.2867601300277,30.17239784346802
FS,2026-03-26,95.3,-2.96,5.71,"Soto, Juan",665742,694973,,ball,,,,,14,Ball,R,L,R,NYM,PIT,B,,,0,1,2026,-1.22,0.68,0.6662240782562259,0.9805640928285719,,,596019,0,1,Bot,,,,,,,12.30270442103968,-138.11700808412542,-8.177164818165346,-18.247662581951104,27.913040193370072,-21.79583975010356,3.259498032,1.644980315,,,,96.4,1913,7,823649,680779,687462,664040,693304,669707,668804,665833,656811,53.55,,,,,,,,7,2,Split-Finger,0,2,0,2,2,0,0,2,Standard,Standard,240,0.003,0.034,,,,-0.034,,-2,-2,0.385,0.385,24,27,24,28,1,0,,,6,2,1.83,1.22,-1.22,25.5,,,,,
ST,2026-03-26,83.2,-3.54,5.05,"Bichette, Bo",666182,670990,,foul,,,,,4,Foul,R,R,R,NYM,PIT,S,,,1,1,2026,1.41,0.1,-0.4456361328774936,2.249333183733621,,,,1,2,Bot,,,,,,,4.205540757985238,-121.09070747474655,0.11347231786593048,12.860607098158686,26.490933175269685,-31.500553830712395,3.162081693,1.595816929,177,63.3,38,83.6,2660,6.8,823649,680779,687462,664040,693304,669707,668804,665833,656811,53.71,,,,,,,,20,3,Sweeper,5,2,5,2,2,5,5,2,Standard,Standard,75,-0.003,-0.064,67.7,6.8,,0.064,88.0,3,3,0.809,0.809,31,28,31,28,1,1,,,3,2,3.23,-1.41,-1.41,21.8,-10.63693401598447,5.07909840898579,46.55950052901014,27.8873209905364,26.1650337127961
FF,2026-03-26,94.5,-1.38,5.85,"Lindor, Francisco",596019,676755,walk,ball,,,,,11,Francisco Lindor walks. Carson Benge to 3rd. Francisco Alvarez to 2nd.,R,L,R,NYM,PIT,B,,,3,1,2026,-0.97,1.47,-1.3950720741448035,3.4552266387051604,,701807,682626,1,5,Bot,,,,,,,2.1571503273013732,-137.4914371509955,-3.660480158580496,-12.674592883125053,34.8860328343057,-12.988194733911305,3.107668963,1.568356299,,,,94.4,2408,6.6,823649,680779,687462,664040,693304,669707,668804,665833,656811,53.93,,0.709062,0.7,1,0,0,,49,5,4-Seam Fastball,6,4,6,4,4,6,6,4,Standard,Standard,217,0.022,0.212,,,,-0.212,,2,2,0.85,0.85,30,32,31,33,1,3,,,3,2,1.11,0.97,-0.97,48.8,,,,,
SL,2026-03-26,88.8,1.36,5.83,"Soto, Juan",665742,682254,,foul,,,,,7,Foul,R,L,L,NYM,PIT,S,,,1,2,2026,-0.09,0.2,-0.6953018438734937,2.0794359086865972,,,596019,0,4,Bot,,,,,,,-4.824963491289635,-129.23675267764202,-3.359656710068736,-0.042639716889477715,26.28084354787116,-29.484045795029008,3.259498032,1.644980315,39,26.3,34,89.9,2665,6.9,823649,680779,687462,664040,693304,669707,668804,665833,656811,53.59,,,,,,,,36,4,Slider,5,3,5,3,3,5,5,3,Standard,Standard,283,0,0,71.4,7.4,,0,88.0,2,2,0.802,0.802,26,27,26,28,1,2,,,3,2,2.69,-0.09,-0.09,54.4,21.501649647142195,-3.5221428572277502,22.940402148596107,47.27937550623915,27.79275493268539
CU,2026-03-26,83.9,-3.03,5.68,"Soto, Juan",665742,694973,,foul,,,,,9,Foul,R,L,R,NYM,PIT,S,,,1,1,2026,0.51,-0.47,0.5506141163473857,1.7935405531216793,,,596019,0,1,Bot,,,,,,,7.186963072029388,-122.13182884424198,-1.428634457224699,3.7081816453563254,23.45581643773823,-36.79595521762182,3.259498032,1.644980315,120,94.8,7,84.4,2394,6.5,823649,680779,687462,664040,693304,669707,668804,665833,656811,53.99,,,,,,,,7,3,Curveball,0,2,0,2,2,0,0,2,Standard,Standard,66,-0.009,-0.07,67.8,7.8,,0.07,94.8,-2,-2,0.388,0.388,24,27,24,28,1,0,,,6,2,3.7,-0.51,0.51,25.0,18.402309135773486,-24.48633996967675,27.551507160304617,33.58807147994922,39.41949773630532
CU,2026-03-26,87.2,1.11,5.87,"Soto, Juan",665742,682254,,blocked_ball,,,,,13,Ball In Dirt,R,L,L,NYM,PIT,B,,,1,2,2026,0.03,-0.85,-0.16097095904155034,-0.45338362522567754,,,596019,0,4,Bot,,,,,,,-3.1242076655553332,-126.85620841947282,-7.033812543597389,0.925919280532998,24.89702009594186,-40.23974054011983,3.259498032,1.644980315,,,,88.4,2691,6.9,823649,680779,687462,664040,693304,669707,668804,665833,656811,53.55,,,,,,,,36,5,Curveball,5,3,5,3,3,5,5,3,Standard,Standard,342,0.004,0.036,,,,-0.036,,2,2,0.802,0.802,26,27,26,28,1,2,,,3,2,3.84,0.03,0.03,64.8,,,,,
CH,2026-03-26,87.5,-1.17,5.89,"Soto, Juan",665742,676755,,ball,,,,,14,Ball,R,L,R,NYM,PIT,B,,,0,0,2026,-0.99,0.99,0.662651044939257,1.1201926984762298,701807,682626,596019,1,5,Bot,,,,,,,6.51635509571604,-127.0597613817843,-7.188927037721903,-12.133350730057655,27.30941272369752,-20.147528983175746,3.259498032,1.644980315,,,,88.1,1855,6.9,823649,680779,687462,664040,693304,669707,668804,665833,656811,53.58,,,,,,,,50,1,Changeup,6,4,6,4,4,6,6,4,Infield shade,Standard,226,0.005,0.038,,,,-0.038,,2,2,0.872,0.872,30,27,31,28,1,3,,,3,2,2.01,0.99,-0.99,46.7,,,,,
FF,2026-03-26,96,-2.01,5.8,"Benge, Carson",701807,642701,,ball,,,,,12,Ball,R,L,R,NYM,PIT,B,,,0,0,2026,-0.7,1.35,0.7271381750839226,3.602818446790324,,,,2,8,Bot,,,,,,,8.755876766983095,-139.56882233842387,-3.1197114335774607,-11.232298140600259,33.121197540248026,-14.06332747739202,3.259498032,1.644980315,,,,95.6,2449,6.2,823649,680779,687462,664040,693304,669707,668804,665833,656811,54.26,,,,,,,,75,1,4-Seam Fastball,11,5,11,5,5,11,11,5,Infield shade,Standard,222,0,0.037,,,,-0.037,,6,6,0.997,0.997,30,23,30,23,1,4,,,2,2,1.14,0.7,-0.7,34.5,,,,,
CU,2026-03-26,86.3,-3.15,5.31,"Bichette, Bo",666182,670990,,ball,,,,,14,Ball,R,R,R,NYM,PIT,B,,,1,2,2026,1.32,-0.54,1.4585029919492671,0.6715774293707999,,,,1,2,Bot,,,,,,,8.158354625814304,-125.35346588300715,-3.38325729262628,12.057168807472404,27.243594476849413,-37.35018770510013,3.162081693,1.595816929,,,,86.9,2447,7,823649,680779,687462,664040,693304,669707,668804,665833,656811,53.53,,,,,,,,20,4,Curveball,5,2,5,2,2,5,5,2,Standard,Standard,51,0.002,0.048,,,,-0.048,,3,3,0.806,0.806,31,28,31,28,1,1,,,3,2,3.63,-1.32,-1.32,29.2,,,,,
SI,2026-03-26,95.1,-2.85,4.32,"Lindor, Francisco",596019,664875,,ball,,,,,11,Ball,R,L,R,NYM,PIT,B,,,0,0,2026,-1.39,-0.02,-1.870949933350874,2.363683945690157,,,,1,6,Bot,,,,,,,5.7385858851410445,-138.42082741537098,0.7379666494889289,-19.1735449602991,31.715091575351522,-32.78719475321302,3.107668963,1.568356299,,,,95.3,2224,6.4,823649,680779,687462,664040,693304,669707,668804,665833,656811,54.05,,,,,,,,62,1,Sinker,11,5,11,5,5,11,11,5,Standard,Standard,248,0,0.039,,,,-0.039,,6,6,0.985,0.985,31,32,32,33,1,4,,,2,2,2.54,1.39,-1.39,-0.4,,,,,
ST,2026-03-26,84.5,-3.24,5.37,"Bichette, Bo",666182,670990,strikeout,swinging_strike,,,,,11,Bo Bichette strikes out swinging.,R,R,R,NYM,PIT,S,2,,2,2,2026,1.29,0.39,-0.6561997191763411,3.8114063300090786,,,,1,2,Bot,,,,,,,3.364348724528745,-122.98477811127114,2.1688842460470497,12.295944197714974,25.890722221274494,-28.944732368876178,3.162081693,1.595816929,,,,85.4,2594,7,823649,680779,687462,664040,693304,669707,668804,665833,656811,53.52,,0,0,1,0,0,,20,5,Sweeper,5,2,5,2,2,5,5,2,Standard,Standard,73,-0.008,-0.228,57.9,5.6,,0.228,,3,3,0.808,0.808,31,28,31,28,1,1,,,3,2,2.82,-1.29,-1.29,28.9,-1.9586328534646562,16.89970220680653,28.986329973185484,25.068575088617415,15.253267123226951
SI,2026-03-26,92.8,-3.04,4.08,"Lindor, Francisco",596019,664875,,foul,,,,,13,Foul,R,L,R,NYM,PIT,S,,,1,0,2026,-1.68,0.03,-0.9621341697298977,1.8984678446443537,,,,1,6,Bot,,,,,,,9.011216410917033,-134.7879552693099,0.36082656338493524,-22.39557117132045,29.30011600077903,-32.161226286698025,3.107668963,1.568356299,257,81.5,43,93.2,2213,6.6,823649,680779,687462,664040,693304,669707,668804,665833,656811,53.87,,,,,,,,62,2,Sinker,11,5,11,5,5,11,11,5,Standard,Standard,250,0,-0.049,73.9,7.2,,0.049,88.0,6,6,0.985,0.985,31,32,32,33,1,4,,,2,2,2.63,1.68,-1.68,0.2,4.370950022509891,15.355221342760183,35.32677763296949,45.326871008165234,22.995522916458675
FF,2026-03-26,92.1,-2.21,5.81,"Benge, Carson",701807,642701,,ball,,,,,11,Ball,R,L,R,NYM,PIT,B,,,1,0,2026,-0.87,1.25,-1.4964691461868287,3.118446143000779,,,,2,8,Bot,,,,,,,3.702077244007472,-134.0127976976936,-3.5550402478903385,-11.27119635558292,29.980493897408817,-16.557561396777302,3.259498032,1.644980315,,,,92,2272,6.3,823649,680779,687462,664040,693304,669707,668804,665833,656811,54.19,,,,,,,,75,2,4-Seam Fastball,11,5,11,5,5,11,11,5,Infield shade,Standard,217,0,0.065,,,,-0.065,,6,6,0.997,0.997,30,23,30,23,1,4,,,2,2,1.44,0.87,-0.87,34.2,,,,,
CH,2026-03-26,90.3,-3.04,5.56,"Soto, Juan",665742,694973,,foul,,,,,14,Foul,R,L,R,NYM,PIT,S,,,1,2,2026,-1.67,0.55,0.4931047816507741,0.8162229868878927,,,596019,0,1,Bot,,,,,,,12.349243290424905,-130.66144882529812,-6.712080979732989,-21.81383253382214,29.961246491152572,-24.451975816867797,3.259498032,1.644980315,137,55.3,35,90.3,2045,6.8,823649,680779,687462,664040,693304,669707,668804,665833,656811,53.67,,,,,,,,7,4,Changeup,0,2,0,2,2,0,0,2,Standard,Standard,256,0,0,68.7,7.2,,0,88.0,-2,-2,0.379,0.379,24,27,24,28,1,0,,,6,2,2.3,1.67,-1.67,21.5,6.672727199370322,-20.9543386574172,45.74356015961045,33.399955560248856,34.24648911880311
FF,2026-03-26,99.4,1.16,5.82,"Soto, Juan",665742,682254,,foul,,,,,8,Foul,R,L,L,NYM,PIT,S,,,2,2,2026,0.4,1.5,-0.25806023243838727,1.9237930597891568,,,596019,0,4,Bot,,,,,,,-4.8409125208831725,-144.42175157907096,-8.635372522812826,6.794732903268005,37.249240351443966,-9.376673696319289,3.259498032,1.644980315,249,87.9,52,100.2,2318,7,823649,680779,687462,664040,693304,669707,668804,665833,656811,53.47,,,,,,,,36,6,4-Seam Fastball,5,3,5,3,3,5,5,3,Standard,Standard,166,0,0,75.3,6.9,,0,88.0,2,2,0.806,0.806,26,27,26,28,1,2,,,3,2,0.84,0.4,0.4,61.5,-5.585545226750318,7.522404331948889,37.07814242931878,42.87613306927918,17.261707857726137
CH,2026-03-26,87.3,-1.24,5.88,"Soto, Juan",665742,676755,,ball,,,,,11,Ball,R,L,R,NYM,PIT,B,,,1,0,2026,-1.03,0.99,-0.9918958247556225,2.8272430521609615,701807,682626,596019,1,5,Bot,,,,,,,2.769398036959188,-127.08254859405145,-3.089698599757389,-11.729621932159406,26.360881762252784,-21.0701659572795,3.259498032,1.644980315,,,,88.2,1800,6.9,823649,680779,687462,664040,693304,669707,668804,665833,656811,53.63,,,,,,,,50,2,Changeup,6,4,6,4,4,6,6,4,Infield shade,Standard,235,0.01,0.034,,,,-0.034,,2,2,0.877,0.877,30,27,31,28,1,3,,,3,2,2.01,1.03,-1.03,52.4,,,,,
SI,2026-03-26,95.1,-2.83,4.24,"Lindor, Francisco",596019,664875,,ball,,,,,14,Ball,R,L,R,NYM,PIT,B,,,1,1,2026,-1.53,-0.12,1.6195534877878044,0.27862296143333865,,,,1,6,Bot,,,,,,,14.979009726172583,-137.73562600806548,-4.175145690358607,-22.74189049646111,29.94973618862855,-32.958523812980474,3.107668963,1.568356299,,,,95.1,2325,6.5,823649,680779,687462,664040,693304,669707,668804,665833,656811,53.99,,,,,,,,62,3,Sinker,11,5,11,5,5,11,11,5,Standard,Standard,251,0,0.055,,,,-0.055,,6,6,0.985,0.985,31,32,32,33,1,4,,,2,2,2.66,1.53,-1.53,-3.4,,,,,
FF,2026-03-26,94.1,-2.14,5.78,"Benge, Carson",701807,642701,,swinging_strike,,,,,11,Swinging Strike,R,L,R,NYM,PIT,S,,,2,0,2026,-0.87,1.39,-0.43286897246977396,3.5158121033138654,,,,2,8,Bot,,,,,,,6.32552742974129,-136.80357186337625,-3.0990624350213047,-12.377242870733468,31.581627993790235,-14.253590213522536,3.259498032,1.644980315,,,,93.9,2359,6.3,823649,680779,687462,664040,693304,669707,668804,665833,656811,54.17,,,,,,,,75,3,4-Seam Fastball,11,5,11,5,5,11,11,5,Infield shade,Standard,222,0,-0.066,72.1,5.7,,0.066,,6,6,0.997,0.997,30,23,30,23,1,4,,,2,2,1.2,0.87,-0.87,33.2,-1.4614286227336015,30.571480034233208,22.092905114029445,41.29313897669742,18.84703931250191
FF,2026-03-26,94.1,-1.23,5.94,"Soto, Juan",665742,676755,,swinging_strike,,,,,12,Swinging Strike,R,L,R,NYM,PIT,S,,,2,0,2026,-0.87,1.49,0.22648932222163187,3.577678158752736,701807,682626,596019,1,5,Bot,,,,,,,5.74982140794871,-136.81360844972633,-3.594019214522681,-12.244318616781193,32.34447701115275,-12.902246298615525,3.259498032,1.644980315,,,,94.5,2376,6.7,823649,680779,687462,664040,693304,669707,668804,665833,656811,53.76,,,,,,,,50,3,4-Seam Fastball,6,4,6,4,4,6,6,4,Standard,Standard,205,-0.01,-0.013,71.4,6.5,,0.013,,2,2,0.887,0.887,30,27,31,28,1,3,,,3,2,1.1,0.87,-0.87,46.6,15.498342378066951,15.363129676480202,25.419205783421216,35.315058890234226,13.678275018246836
CU,2026-03-26,85.2,-1.52,5.43,"Polanco, Jorge",593871,670990,,ball,,,,,11,Ball,R,L,R,NYM,PIT,B,,,0,0,2026,1.29,-0.59,-0.9276460893311005,3.3356114024931394,,,,2,2,Bot,,,,,,,-1.289622896388437,-123.93888116586102,2.8618034304365634,13.476562924568258,26.76679189366001,-39.10286856697926,3.191043307,1.610433071,,,,85.8,2526,6.9,823649,680779,687462,664040,693304,669707,668804,665833,656811,53.63,,,,,,,,21,1,Curveball,5,2,5,2,2,5,5,2,Infield shade,Standard,58,0.001,0.037,,,,-0.037,,3,3,0.8,0.8,31,32,31,33,1,1,,,3,2,3.76,-1.29,1.29,33.0,,,,,
SL,2026-03-26,90.7,1.27,5.81,"Soto, Juan",665742,682254,,ball,,,,,13,Ball,R,L,L,NYM,PIT,B,,,2,2,2026,-0.41,0.04,-1.1196710808099515,1.0475357822135392,,,596019,0,4,Bot,,,,,,,-5.055228181595798,-131.9853473267665,-5.888459537678836,-3.7428819852279123,26.62549380880346,-30.683245382873846,3.259498032,1.644980315,,,,91.8,2599,6.8,823649,680779,687462,664040,693304,669707,668804,665833,656811,53.65,,,,,,,,36,7,Slider,5,3,5,3,3,5,5,3,Standard,Standard,253,0.008,0.113,,,,-0.113,,2,2,0.806,0.806,26,27,26,28,1,2,,,3,2,2.72,-0.41,-0.41,58.2,,,,,
SI,2026-03-26,97.6,-2.98,5.61,"Soto, Juan",665742,694973,single,hit_into_play,,,,,6,Juan Soto singles on a line drive to center fielder Oneil Cruz. Francisco Lindor to 3rd.,R,L,R,NYM,PIT,X,8,line_drive,1,2,2026,-1.41,0.5,0.6766558357572865,2.445181902077968,,,596019,0,1,Bot,146.51,82.8,,,,,13.032284674469592,-141.50912775654356,-3.958364700589313,-21.904196463536618,32.40636300962866,-24.62787797302569,3.259498032,1.644980315,264,83.3,24,97.7,2333,6.6,823649,680779,687462,664040,693304,669707,668804,665833,656811,53.93,0.3,0.288,0.9,1,1,0,3,7,5,Sinker,0,2,0,2,2,0,0,2,Standard,Standard,245,0.097,0.547,69.4,6.1,0.393,-0.547,88.0,-2,-2,0.379,0.379,24,27,24,28,1,0,,,6,2,1.91,1.41,-1.41,21.7,16.645869074240085,16.5063578742676,33.20151408698357,30.695054410189076,20.97296749992231
ST,2026-03-26,82.8,-3.14,4.15,"Lindor, Francisco",596019,664875,field_out,hit_into_play,,,,,7,"Francisco Lindor grounds out, third baseman Nick Gonzales to first baseman Spencer Horwitz.",R,L,R,NYM,PIT,X,5,ground_ball,2,1,2026,1.35,0.48,-0.4857896447933989,2.0196061801957845,,,,1,6,Bot,110.76,159.79,,,,,3.3034709658393764,-120.64535786814396,0.842254503994318,12.585454228751242,23.37269982931062,-27.880022374794386,3.107668963,1.568356299,2,93.8,-42,83,2896,6.4,823649,680779,687462,664040,693304,669707,668804,665833,656811,54.13,0.082,0.08,0,1,0,0,2,62,4,Sweeper,11,5,11,5,5,11,11,5,Standard,Standard,80,-0.001,-0.298,61.3,6.3,0.097,0.298,93.8,6,6,0.985,0.985,31,32,32,33,1,4,,,2,2,2.84,-1.35,1.35,2.5,-8.196598202716082,23.564181052598173,32.32039049081567,39.39021233937471,13.786219757254136
SL,2026-03-26,85,-2.14,5.75,"Benge, Carson",701807,642701,,ball,,,,,14,Ball,R,L,R,NYM,PIT,B,,,2,1,2026,0.15,-0.04,0.9618501489261392,1.9788703255176325,,,,2,8,Bot,,,,,,,6.867573834984727,-123.68885529985101,-2.2851808297001543,0.3319762288981746,21.527391526913455,-32.3732875758737,3.259498032,1.644980315,,,,85.5,2574,6.3,823649,680779,687462,664040,693304,669707,668804,665833,656811,54.19,,,,,,,,75,4,Slider,11,5,11,5,5,11,11,5,Standard,Standard,139,0,0.117,,,,-0.117,,6,6,0.997,0.997,30,23,30,23,1,4,,,2,2,3.16,-0.15,0.15,34.0,,,,,
SI,2026-03-26,98.5,-2.4,5.77,"Bichette, Bo",666182,694973,,called_strike,,,,,8,Called Strike,R,R,R,NYM,PIT,S,,,0,0,2026,-1.29,0.69,0.21635451948658502,1.6540512599704573,596019,,665742,0,1,Bot,,,,,,,10.109551374850417,-142.92823694244936,-7.104905640782828,-20.00585617941777,34.8203760871013,-21.120502288201617,3.162081693,1.595816929,,,,98.8,2367,6.8,823649,680779,687462,664040,693304,669707,668804,665833,656811,53.75,,,,,,,,8,1,Sinker,0,2,0,2,2,0,0,2,Standard,Standard,235,-0.008,-0.054,,,,0.054,,-2,-2,0.476,0.476,24,28,24,28,1,0,,,6,2,1.68,1.29,1.29,23.8,,,,,
CU,2026-03-26,84.3,-1.5,5.54,"Polanco, Jorge",593871,670990,,ball,,,,,11,Ball,R,L,R,NYM,PIT,B,,,1,0,2026,1.26,-0.65,-0.9516130177607791,3.940934655546787,,,,2,2,Bot,,,,,,,-1.30816222896523,-122.67867745233251,4.224582565582672,12.999193237654922,25.46270939113023,-39.825994483874815,3.191043307,1.610433071,,,,84.9,2540,6.8,823649,680779,687462,664040,693304,669707,668804,665833,656811,53.71,,,,,,,,21,2,Curveball,5,2,5,2,2,5,5,2,Infield shade,Standard,58,0.001,0.065,,,,-0.065,,3,3,0.801,0.801,31,32,31,33,1,1,,,3,2,3.87,-1.26,1.26,32.4,,,,,
FF,2026-03-26,98.5,1.07,5.92,"Soto, Juan",665742,682254,walk,ball,,,,,11,Juan Soto walks. Francisco Lindor to 2nd.,R,L,L,NYM,PIT,B,,,3,2,2026,0.23,1.45,-0.5835523116221126,4.193096439218192,,,596019,0,4,Bot,,,,,,,-5.05254413653848,-143.47280595606674,-2.560784438994461,4.3345622511847415,32.181493023007654,-11.663077237783364,3.259498032,1.644980315,,,,99.9,2115,6.9,823649,680779,687462,664040,693304,669707,668804,665833,656811,53.58,,0.709062,0.7,1,0,0,,36,8,4-Seam Fastball,5,3,5,3,3,5,5,3,Standard,Standard,169,0.03,0.34,,,,-0.34,,2,2,0.814,0.814,26,27,26,28,1,2,,,3,2,0.88,0.23,0.23,62.8,,,,,
FF,2026-03-26,95.4,-1.35,5.77,"Soto, Juan",665742,676755,single,hit_into_play,,,,,9,Juan Soto singles on a ground ball to left fielder Bryan Reynolds. Carson Benge scores. Francisco Alvarez to 3rd. Francisco Lindor to 2nd.,R,L,R,NYM,PIT,X,7,ground_ball,2,1,2026,-0.91,1.4,0.3878114164789954,1.7405883419235741,701807,682626,596019,1,5,Bot,107.66,133,,,,,6.649178141548444,-138.6278770693408,-7.983323618394248,-13.24947303524263,31.09740299907029,-12.487807892599402,3.259498032,1.644980315,64,92.5,3,96.1,2432,6.8,823649,680779,687462,664040,693304,669707,668804,665833,656811,53.73,0.44,0.431,0.9,1,1,0,4,50,4,4-Seam Fastball,6,4,6,4,4,7,7,4,Infield shade,Standard,214,0.045,0.387,67.3,6.3,0.528,-0.387,92.5,2,2,0.877,0.877,30,27,31,28,1,3,,,3,2,1.11,0.91,-0.91,45.0,-0.6951885042848338,20.090736375791078,35.63265334407634,33.306714518678845,12.623852859017573
FF,2026-03-26,98.4,1.09,5.85,"Bichette, Bo",666182,682254,,foul,,,,,4,Foul,R,R,L,NYM,PIT,S,,,0,0,2026,0.3,1.49,-0.5351879693917427,2.506294323190995,,596019,665742,0,4,Bot,,,,,,,-5.116077009641741,-143.22263251936064,-7.032404298643068,5.289770109379791,31.810736886428483,-10.167829024702398,3.162081693,1.595816929,167,77.7,14,99.8,2176,7,823649,680779,687462,664040,693304,669707,668804,665833,656811,53.53,,,,,,,,37,1,4-Seam Fastball,5,3,5,3,3,5,5,3,Standard,Standard,168,-0.005,-0.053,63.8,5.7,,0.053,88.0,2,2,0.844,0.844,26,28,26,28,1,2,,,3,2,0.85,0.3,-0.3,58.6,-24.2607522998604,34.44420154206065,46.542864508583214,27.054800352319013,13.226719344571663
FF,2026-03-26,93.6,-1.27,5.88,"Bichette, Bo",666182,676755,,blocked_ball,,,,,14,Ball In Dirt,R,R,R,NYM,PIT,B,,,0,0,2026,-0.55,1.61,1.0199451507987505,0.6377852448799542,682626,596019,665742,1,5,Bot,,,,,,,7.113330526066592,-135.75286283863596,-11.158652219920102,-8.340484323586955,30.78021329274057,-9.954992887698149,3.162081693,1.595816929,,,,94.2,2287,6.9,823649,680779,687462,664040,693304,669707,668804,665833,656811,53.62,,,,,,,,51,1,4-Seam Fastball,7,4,7,4,4,7,7,4,Standard,Standard,212,0.003,0.038,,,,-0.038,,3,3,0.922,0.922,30,28,31,28,1,3,,,3,2,1.02,0.55,0.55,47.1,,,,,
FF,2026-03-26,93,-2.17,5.67,"Benge, Carson",701807,642701,walk,blocked_ball,,,,,13,Carson Benge walks.,R,L,R,NYM,PIT,B,,,3,1,2026,-0.8,1.29,-0.17514393211744128,0.9113067871094813,,,,2,8,Bot,,,,,,,6.851044124870951,-135.06170293902488,-9.061511082524554,-11.282282225728288,27.65942651856834,-14.611424293066296,3.259498032,1.644980315,,,,93.4,2283,6.5,823649,680779,687462,664040,693304,669707,668804,665833,656811,53.99,,0.709062,0.7,1,0,0,,75,5,4-Seam Fastball,11,5,11,5,5,11,11,5,Infield shade,Standard,216,0.001,0.173,,,,-0.173,,6,6,0.997,0.997,30,23,30,23,1,4,,,2,2,1.34,0.8,-0.8,34.6,,,,,
FF,2026-03-26,95.2,-1.66,4.88,"Polanco, Jorge",593871,670990,,ball,,,,,11,Ball,R,L,R,NYM,PIT,B,,,2,0,2026,-0.91,1.13,-1.4568720515123437,3.4144337642409313,,,,2,2,Bot,,,,,,,2.6431011151661163,-138.61512115992153,-0.6190202514368925,-12.26535710522029,31.90929074700697,-17.70549758247268,3.191043307,1.610433071,,,,96.2,2291,6.9,823649,680779,687462,664040,693304,669707,668804,665833,656811,53.59,,,,,,,,21,3,4-Seam Fastball,5,2,5,2,2,5,5,2,Infield shade,Standard,236,0.002,0.121,,,,-0.121,,3,3,0.802,0.802,31,32,31,33,1,1,,,3,2,1.39,0.91,-0.91,19.7,,,,,
ST,2026-03-26,83.9,-3.07,4.27,"Soto, Juan",665742,664875,field_out,hit_into_play,,,,,6,Juan Soto flies out to right fielder Ryan O'Hearn.,R,L,R,NYM,PIT,X,9,fly_ball,0,0,2026,1.14,0.55,0.4738137237571851,2.5797250744731253,,,,2,6,Bot,201.79,92.33,,,,,5.816335842034043,-122.08612383532598,1.5656147308815713,10.228145765697331,23.82894732097358,-27.19641277671868,3.259498032,1.644980315,322,91.6,40,84.3,2934,6.5,823649,680779,687462,664040,693304,669707,668804,665833,656811,54,0.014,0.019,0,1,0,0,3,63,1,Sweeper,11,5,11,5,5,11,11,5,Infield shade,Standard,85,-0.001,-0.26,57.4,7.4,0.033,0.26,91.6,6,6,0.984,0.984,31,27,32,28,1,4,,,2,2,2.69,-1.14,1.14,2.5,15.150975065335107,-1.5253123916082771,24.956873908879047,36.09812493731988,36.230099120554925
SI,2026-03-26,97.3,-2.52,5.72,"Bichette, Bo",666182,694973,,called_strike,,,,,9,Called Strike,R,R,R,NYM,PIT,S,,,0,1,2026,-1.29,0.88,0.39097619034303466,1.9526215261504989,596019,,665742,0,1,Bot,,,,,,,10.845526535807146,-141.2544778515726,-6.459079493922644,-19.688624264339555,32.30790166056744,-19.09123945867197,3.162081693,1.595816929,,,,98.4,2344,7,823649,680779,687462,664040,693304,669707,668804,665833,656811,53.46,,,,,,,,8,2,Sinker,0,2,0,2,2,0,0,2,Standard,Standard,237,-0.014,-0.049,,,,0.049,,-2,-2,0.468,0.468,24,28,24,28,1,0,,,6,2,1.54,1.29,1.29,24.8,,,,,
FF,2026-03-26,97.9,-2.51,5.75,"Bichette, Bo",666182,694973,,foul,,,,,11,Foul,R,R,R,NYM,PIT,S,,,0,2,2026,-0.92,1.04,-1.174565050450929,3.7064802092283626,596019,,665742,0,1,Bot,,,,,,,5.740987458298442,-142.42278269271412,-2.2737571988791148,-13.86352642206611,34.57422389686972,-17.77739588286926,3.162081693,1.595816929,,,,98.2,2127,6.6,823649,680779,687462,664040,693304,669707,668804,665833,656811,53.92,,,,,,,,8,3,4-Seam Fastball,0,2,0,2,2,0,0,2,Standard,Standard,229,0,0,29.7,3.5,,0,,-2,-2,0.454,0.454,24,28,24,28,1,0,,,6,2,1.35,0.92,0.92,25.2,-51.6724611623283,74.68236875244432,53.28615582609826,,
FF,2026-03-26,98.2,1.01,5.82,"Bichette, Bo",666182,682254,,swinging_strike,,,,,8,Swinging Strike,R,R,L,NYM,PIT,S,,,0,1,2026,0.49,1.47,-0.2652374072318588,1.6059247563393841,,596019,665742,0,4,Bot,,,,,,,-4.603459587711999,-142.7134718542718,-9.251057857235558,7.708087297171595,32.2904006235576,-10.092262087359094,3.162081693,1.595816929,,,,99.1,2250,6.8,823649,680779,687462,664040,693304,669707,668804,665833,656811,53.66,,,,,,,,37,2,4-Seam Fastball,5,3,5,3,3,5,5,3,Standard,Standard,166,-0.008,-0.053,75.4,7.7,,0.053,,2,2,0.839,0.839,26,28,26,28,1,2,,,3,2,0.89,0.49,-0.49,61.8,0.7749756388624368,5.33698192549975,48.307559768986486,30.42900612385987,21.05534314710687
FF,2026-03-26,94.4,-1.3,5.86,"Bichette, Bo",666182,676755,,foul,,,,,7,Foul,R,R,R,NYM,PIT,S,,,1,0,2026,-0.96,1.48,-0.3837332373098401,1.8749686449650973,682626,596019,665742,1,5,Bot,,,,,,,4.565497586478491,-137.13460178441386,-7.786918628854237,-13.070169042568267,32.87309833379294,-11.96440307590745,3.162081693,1.595816929,229,75,37,94.9,2377,6.9,823649,680779,687462,664040,693304,669707,668804,665833,656811,53.63,,,,,,,,51,2,4-Seam Fastball,7,4,7,4,4,7,7,4,Standard,Standard,210,-0.004,-0.053,73.7,7.3,,0.053,88.0,3,3,0.925,0.925,30,28,31,28,1,3,,,3,2,1.1,0.96,0.96,48.9,-0.9836428710666701,7.733736517298111,44.27124339058471,29.525057010041166,21.003315768732033
FF,2026-03-26,96.7,-1.63,5.19,"Polanco, Jorge",593871,670990,walk,ball,,,,,12,Jorge Polanco walks.,R,L,R,NYM,PIT,B,,,3,0,2026,-0.82,1.39,0.6438802231957285,3.527062609935413,,,,2,2,Bot,,,,,,,8.006204249048949,-140.58266213582564,-1.8999289782947024,-12.771847675547999,35.071663051769754,-13.668635225274777,3.191043307,1.610433071,,,,97.8,2276,7.2,823649,680779,687462,664040,693304,669707,668804,665833,656811,53.3,,0.709062,0.7,1,0,0,,21,4,4-Seam Fastball,5,2,5,2,2,5,5,2,Strategic,Standard,227,0.003,0.103,,,,-0.103,,3,3,0.804,0.804,31,32,31,33,1,1,,,3,2,1.08,0.82,-0.82,22.9,,,,,
SL,2026-03-26,85.1,-2.05,5.79,"Alvarez, Francisco",682626,642701,,called_strike,,,,,12,Called Strike,R,R,R,NYM,PIT,S,,,0,0,2026,0.24,0.16,0.1100813541270319,3.5243513699307765,,,701807,2,8,Bot,,,,,,,4.52177265972376,-124.0167776899769,0.7979114399364751,1.6193859347919417,23.074346103316877,-30.893834628632654,3.120833333,1.575,,,,85.6,2451,6.4,823649,680779,687462,664040,693304,669707,668804,665833,656811,54.15,,,,,,,,76,1,Slider,11,5,11,5,5,11,11,5,Standard,Standard,157,0,-0.042,,,,0.042,,6,6,0.998,0.998,30,24,30,25,1,4,,,2,2,2.96,-0.24,-0.24,35.8,,,,,
SI,2026-03-26,95.9,-3.29,4.95,"Robert Jr., Luis",673357,670990,,ball,,,,,13,Ball,R,R,R,NYM,PIT,B,,,0,0,2026,-1.59,0.54,-0.22019860539267833,1.4433420638198353,,,593871,2,2,Bot,,,,,,,11.75677226143553,-139.12536274445281,-4.684734561584647,-23.248615407096963,31.69847643038782,-24.217755027891123,3.310400263,1.670669291,,,,96.5,2182,6.9,823649,680779,687462,664040,693304,669707,668804,665833,656811,53.65,,,,,,,,22,1,Sinker,5,2,5,2,2,5,5,2,Standard,Standard,236,0.001,0.035,,,,-0.035,,3,3,0.807,0.807,31,28,31,29,1,1,,,3,2,1.95,1.59,1.59,16.8,,,,,
SL,2026-03-26,86.1,-2.11,5.79,"Alvarez, Francisco",682626,642701,,called_strike,,,,,2,Called Strike,R,R,R,NYM,PIT,S,,,0,1,2026,0.25,0.18,0.26921655411900597,2.847485343288015,,,701807,2,8,Bot,,,,,,,5.053834244791786,-125.40817882794053,-0.9651448774087447,1.677354473770517,23.367184493387043,-30.284793426991985,3.120833333,1.575,,,,86.4,2503,6.3,823649,680779,687462,664040,693304,669707,668804,665833,656811,54.25,,,,,,,,76,2,Slider,11,5,11,5,5,11,11,5,Standard,Standard,180,0,-0.055,,,,0.055,,6,6,0.998,0.998,30,24,30,25,1,4,,,2,2,2.87,-0.25,-0.25,35.7,,,,,
FF,2026-03-26,95.1,-1.25,5.95,"Bichette, Bo",666182,676755,,ball,,,,,11,Ball,R,R,R,NYM,PIT,B,,,1,1,2026,-0.6,1.49,-0.2270036333216986,4.713386740315363,682626,596019,665742,1,5,Bot,,,,,,,4.044875248620737,-138.33723001145776,-0.8037691253544077,-8.582434090552827,34.5157419682829,-13.187323969645336,3.162081693,1.595816929,,,,95.5,2324,6.8,823649,680779,687462,664040,693304,669707,668804,665833,656811,53.7,,,,,,,,51,3,4-Seam Fastball,7,4,7,4,4,7,7,4,Standard,Standard,210,0.004,0.074,,,,-0.074,,3,3,0.921,0.921,30,28,31,28,1,3,,,3,2,1.05,0.6,0.6,47.3,,,,,
FF,2026-03-26,99.1,1.21,5.95,"Bichette, Bo",666182,682254,strikeout,swinging_strike,,,,,12,Bo Bichette strikes out swinging.,R,R,L,NYM,PIT,S,2,,0,2,2026,0.06,1.41,0.31514701364081565,4.003171645787322,,596019,665742,0,4,Bot,,,,,,,-2.585512057300212,-144.4054853019058,-3.151138074088735,1.4112783777830373,30.914503818741967,-11.902069514938256,3.162081693,1.595816929,,,,100.4,2135,6.7,823649,680779,687462,664040,693304,669707,668804,665833,656811,53.76,,0,0,1,0,0,,37,3,4-Seam Fastball,5,3,5,3,3,5,5,3,Standard,Standard,160,-0.02,-0.178,51.9,4.7,,0.178,,2,2,0.831,0.831,26,28,26,28,1,2,,,3,2,0.89,0.06,-0.06,58.0,-19.848079476305493,72.20529946413261,30.95913959565348,,
CH,2026-03-26,89.6,-2.63,5.59,"Bichette, Bo",666182,694973,sac_fly,hit_into_play,,,,,13,Bo Bichette out on a sacrifice fly to right fielder Ryan O'Hearn. Francisco Lindor scores.,R,R,R,NYM,PIT,X,9,fly_ball,0,2,2026,-1.4,0.43,-0.39838248788458874,1.35028783301635,596019,,665742,0,1,Bot,197.42,116.72,,,,,8.458018625963344,-130.23729136115128,-5.185542812821668,-17.691418584465445,25.8475499575661,-26.416442875472665,3.162081693,1.595816929,253,86.6,44,90,1875,6.5,823649,680779,687462,664040,693304,669707,668804,665833,656811,54.01,,0,0,1,0,0,3,8,4,Changeup,0,2,0,2,2,1,1,2,Standard,Standard,258,-0.004,-0.158,71.5,7.8,,0.158,88.0,-2,-2,0.454,0.454,24,28,24,28,1,0,,,6,2,2.41,1.4,1.4,18.5,5.293234653965842,-4.374493541657342,48.06785463904618,27.775639657220182,24.69476941662166
CU,2026-03-26,86.3,1.18,5.75,"Polanco, Jorge",593871,682254,,blocked_ball,,,,,13,Ball In Dirt,R,R,L,NYM,PIT,B,,,0,0,2026,-0.17,-0.87,-0.8789904484122284,-1.5688056265930728,,596019,665742,1,4,Bot,,,,,,,-4.541105654013347,-125.52078379127107,-9.231142836360295,-1.0236193722875624,23.12134378880529,-39.92562838773134,3.191043307,1.610433071,,,,87.9,2676,7.1,823649,680779,687462,664040,693304,669707,668804,665833,656811,53.37,,,,,,,,38,1,Curveball,5,3,5,3,3,5,5,3,Standard,Standard,351,0.004,0.031,,,,-0.031,,2,2,0.811,0.811,26,32,26,33,1,2,,,3,2,3.91,-0.17,0.17,60.8,,,,,
FF,2026-03-26,93.1,-1.25,5.91,"Bichette, Bo",666182,676755,,swinging_strike,,,,,11,Swinging Strike,R,R,R,NYM,PIT,S,,,2,1,2026,-0.64,1.48,-0.7417900391322362,3.739897051393333,682626,596019,665742,1,5,Bot,,,,,,,2.742408707377964,-135.48184038140792,-2.918673110583848,-8.43901929798878,31.380019160885727,-13.625494838058625,3.162081693,1.595816929,,,,93.7,2273,6.8,823649,680779,687462,664040,693304,669707,668804,665833,656811,53.71,,,,,,,,51,4,4-Seam Fastball,7,4,7,4,4,7,7,4,Standard,Standard,211,-0.007,-0.097,59.9,5.2,,0.097,,3,3,0.925,0.925,30,28,31,28,1,3,,,3,2,1.17,0.64,0.64,48.4,-9.687858202356642,25.741855239225572,31.306131127870767,25.334565027200583,15.843490852924846
ST,2026-03-26,83.6,-3.48,5.25,"Robert Jr., Luis",673357,670990,,called_strike,,,,,3,Called Strike,R,R,R,NYM,PIT,S,,,1,0,2026,1.17,0.53,0.5122717688542187,2.915359284595677,,,593871,2,2,Bot,,,,,,,6.812350513857605,-121.51924280278891,0.23975988131604842,10.133570069905325,25.45809106488364,-27.257397892229683,3.310400263,1.670669291,,,,84.4,2588,7,823649,680779,687462,664040,693304,669707,668804,665833,656811,53.45,,,,,,,,22,2,Sweeper,5,2,5,2,2,5,5,2,Standard,Standard,75,-0.002,-0.05,,,,0.05,,3,3,0.808,0.808,31,28,31,29,1,1,,,3,2,2.76,-1.17,-1.17,25.0,,,,,
SL,2026-03-26,84.8,-2.01,5.68,"Alvarez, Francisco",682626,642701,,ball,,,,,14,Ball,R,R,R,NYM,PIT,B,,,0,2,2026,0.05,-0.03,1.6202981607354954,1.3007287021734615,,,701807,2,8,Bot,,,,,,,8.265919200787717,-123.3523220726629,-3.640958571675795,-1.0271945582243136,23.215454342494663,-31.9616842038455,3.120833333,1.575,,,,85,2603,6.3,823649,680779,687462,664040,693304,669707,668804,665833,656811,54.21,,,,,,,,76,3,Slider,11,5,11,5,5,11,11,5,Standard,Standard,357,0,0.009,,,,-0.009,,6,6,0.998,0.998,30,24,30,25,1,4,,,2,2,3.19,-0.05,-0.05,34.7,,,,,
SI,2026-03-26,97.6,-2.79,5.68,"Polanco, Jorge",593871,694973,,ball,,,,,12,Ball,R,L,R,NYM,PIT,B,,,0,0,2026,-1.52,0.76,0.8914151310767822,2.5157164924339486,,,665742,1,1,Bot,,,,,,,13.376293855049012,-141.554625432459,-4.598924198623294,-23.37202323775298,31.112102916547617,-20.990088410563473,3.191043307,1.610433071,,,,98.1,2378,6.7,823649,680779,687462,664040,693304,669707,668804,665833,656811,53.81,,,,,,,,9,1,Sinker,1,2,1,2,2,1,1,2,Standard,Standard,232,0.004,0.035,,,,-0.035,,-1,-1,0.45,0.45,24,32,24,33,1,0,,,6,2,1.64,1.52,-1.52,23.5,,,,,
SI,2026-03-26,95.3,-3.37,5.05,"Robert Jr., Luis",673357,670990,field_out,hit_into_play,,,,,5,"Luis Robert Jr. grounds out, shortstop Jared Triolo to first baseman Spencer Horwitz.",R,R,R,NYM,PIT,X,6,ground_ball,1,1,2026,-1.63,0.54,-0.20921342144301325,2.35428954662773,,,593871,2,2,Bot,108.23,158.78,,,,,12.044575729944539,-138.20523200164774,-2.4445927162855163,-23.582437385577432,32.22646512009391,-24.83542131641799,3.310400263,1.670669291,3,78.9,-39,96.2,2258,7.1,823649,680779,687462,664040,693304,669707,668804,665833,656811,53.42,0.098,0.095,0,1,0,0,2,22,3,Sinker,5,2,5,2,2,5,5,2,Standard,Standard,230,-0.012,-0.256,72.2,6.6,0.101,0.256,88.0,3,3,0.806,0.806,31,28,31,29,1,1,,,3,2,1.99,1.63,1.63,17.8,-7.47058654788733,20.82948056070502,38.24477065876742,35.825765692934,13.793325078569218
SL,2026-03-26,85,-2.3,5.7,"Alvarez, Francisco",682626,642701,field_out,hit_into_play,,,,,5,Francisco Alvarez pops out to second baseman Brandon Lowe.,R,R,R,NYM,PIT,X,4,popup,1,2,2026,0.14,-0.02,-0.2067280856199621,2.382723429783617,,701807,,2,8,Bot,150.29,149.66,,,,,4.5426002483695855,-123.75238189850242,-1.238162778616232,0.612350239908551,23.390733350312097,-32.32532013630308,3.120833333,1.575,139,80.1,64,85.2,2594,6.3,823649,680779,687462,664040,693304,669707,668804,665833,656811,54.23,0.014,0.018,0,1,0,0,3,76,4,Slider,11,5,11,5,5,11,11,5,Standard,Standard,129,-0.001,-0.208,81.1,7.5,0.028,0.208,88.0,6,6,0.998,0.998,30,24,30,25,1,4,,,2,2,3.16,-0.14,-0.14,35.0,11.50230483842103,-8.464407836456878,28.168256160379013,32.42642097447852,28.873071043326405
FF,2026-03-26,98.8,1.23,5.82,"Polanco, Jorge",593871,682254,,foul,,,,,2,Foul,R,R,L,NYM,PIT,S,,,1,0,2026,0.46,1.48,-0.10798069879720246,2.7444522823388247,,596019,665742,1,4,Bot,,,,,,,-4.734322562645532,-143.70020091545527,-6.295957486873003,7.451034393219047,34.50545280788059,-10.38213989478462,3.191043307,1.610433071,139,84.4,9,99.8,2189,6.9,823649,680779,687462,664040,693304,669707,668804,665833,656811,53.58,,,,,,,,38,2,4-Seam Fastball,5,3,5,3,3,5,5,3,Standard,Standard,161,-0.006,-0.045,71.4,6.7,,0.045,88.0,2,2,0.815,0.815,26,32,26,33,1,2,,,3,2,0.86,0.46,-0.46,60.6,-3.518713401406589,-0.23729700265937773,32.07479877747661,35.60394742611992,19.142104084290956
FF,2026-03-26,95.2,-1.42,5.87,"Bichette, Bo",666182,676755,,foul,,,,,11,Foul,R,R,R,NYM,PIT,S,,,2,2,2026,-0.74,1.55,-1.3217647901388014,3.218978642880031,682626,596019,665742,1,5,Bot,,,,,,,1.9625070401140385,-138.49846515197999,-4.646522757843598,-9.955792580254824,33.84464546420737,-11.467643053685771,3.162081693,1.595816929,108,60.1,17,95.7,2314,6.8,823649,680779,687462,664040,693304,669707,668804,665833,656811,53.71,,,,,,,,51,5,4-Seam Fastball,7,4,7,4,4,7,7,4,Standard,Strategic,208,0,0,52.0,5.1,,0,88.0,3,3,0.918,0.918,30,28,31,28,1,3,,,3,2,0.99,0.74,0.74,44.6,-21.979447292592916,25.780788335835144,47.84324374735949,18.552962162101934,9.538577313993303
CH,2026-03-26,89,-2.98,5.61,"Polanco, Jorge",593871,694973,,foul,,,,,9,Foul,R,L,R,NYM,PIT,S,,,1,0,2026,-1.48,0.42,0.5481867214001255,1.6808844001141097,,,665742,1,1,Bot,,,,,,,11.71107706062646,-129.15212737413472,-4.2673445874533,-18.949435039708607,25.89399334564532,-26.7348338310973,3.191043307,1.610433071,3,47.9,-31,89.3,1973,6.5,823649,680779,687462,664040,693304,669707,668804,665833,656811,53.96,,,,,,,,9,2,Changeup,1,2,1,2,2,1,1,2,Standard,Standard,257,-0.005,-0.056,60.5,8.7,,0.056,88.0,-1,-1,0.454,0.454,24,32,24,33,1,0,,,6,2,2.46,1.48,-1.48,19.2,24.635590659397906,-43.585320147564104,29.080024995015616,32.94815541649476,47.94677778233423
CH,2026-03-26,89,-3.04,5.63,"Polanco, Jorge",593871,694973,single,hit_into_play,,,,,13,Jorge Polanco singles on a soft ground ball to pitcher Paul Skenes. Juan Soto to 2nd.,R,L,R,NYM,PIT,X,1,ground_ball,1,1,2026,-1.65,0.68,-1.2659686764661902,1.7202465146421266,,,665742,1,1,Bot,124.45,188.67,,,,,7.826562687740143,-129.28372916039072,-4.74998731314853,-20.198450404519463,27.810874268658072,-23.735676433798886,3.191043307,1.610433071,1,44.2,-54,89,2099,6.4,823649,680779,687462,664040,693304,669707,668804,665833,656811,54.06,0.284,0.256,0.9,1,1,0,1,9,3,Changeup,1,2,1,2,2,1,1,2,Standard,Standard,260,0.041,0.427,55.6,7.6,0.285,-0.427,88.0,-1,-1,0.449,0.449,24,32,24,33,1,0,,,6,2,2.22,1.65,-1.65,22.8,-1.7842811256312776,-0.982156418566324,31.060187148632306,53.9018510735526,24.46258314096236
FF,2026-03-26,97.1,-1.55,5.01,"Baty, Brett",683146,670990,,called_strike,,,,,3,Called Strike,R,L,R,NYM,PIT,S,,,0,0,2026,-0.98,1.03,0.6570223534505637,2.9203186838516206,,,,0,3,Bot,,,,,,,8.193462530164553,-141.1421945463337,-2.288246052746078,-14.931125287437014,32.396144494670246,-18.061511003244313,3.327952756,1.679527559,,,,98.1,2342,6.9,823649,680779,687462,664040,693304,669707,668804,665833,656811,53.56,,,,,,,,28,1,4-Seam Fastball,5,3,5,3,3,5,5,3,Standard,Standard,233,-0.002,-0.039,,,,0.039,,2,2,0.764,0.764,31,26,31,27,1,1,,,3,2,1.39,0.98,-0.98,18.1,,,,,
FF,2026-03-26,98.9,0.94,5.93,"Polanco, Jorge",593871,682254,,ball,,,,,12,Ball,R,R,L,NYM,PIT,B,,,1,1,2026,0.32,1.42,0.9028360781497611,3.673531680948803,,596019,665742,1,4,Bot,,,,,,,-0.8715760636958605,-143.97635280770052,-3.902296990788947,4.715439111968961,35.24502294384179,-11.834516124241471,3.191043307,1.610433071,,,,99.6,2179,6.8,823649,680779,687462,664040,693304,669707,668804,665833,656811,53.7,,,,,,,,38,3,4-Seam Fastball,5,3,5,3,3,5,5,3,Standard,Standard,167,0.006,0.048,,,,-0.048,,2,2,0.809,0.809,26,32,26,33,1,2,,,3,2,0.92,0.32,-0.32,66.9,,,,,
FF,2026-03-26,94.1,-1.33,5.82,"Bichette, Bo",666182,676755,,foul,,,,,1,Foul,R,R,R,NYM,PIT,S,,,2,2,2026,-0.66,1.58,-0.3075450035955828,2.8092122898619416,682626,596019,665742,1,5,Bot,,,,,,,4.158644340236236,-136.98736097510834,-5.5166016590181695,-9.265602666580092,30.561312108830954,-11.309175493034997,3.162081693,1.595816929,,,,95,2299,6.8,823649,680779,687462,664040,693304,669707,668804,665833,656811,53.67,,,,,,,,51,6,4-Seam Fastball,7,4,7,4,4,7,7,4,Standard,Strategic,211,0,0,65.2,5.8,,0,,3,3,0.918,0.918,30,28,31,28,1,3,,,3,2,1,0.66,0.66,46.9,-15.702514196933151,23.498709103901383,42.85637129616122,30.19509879594099,5.664769263076208
FF,2026-03-26,96.6,-1.66,4.9,"Baty, Brett",683146,670990,,foul,,,,,14,Foul,R,L,R,NYM,PIT,S,,,0,1,2026,-1.12,0.96,1.0940571360142555,2.1167546291996633,,,,0,3,Bot,,,,,,,9.943069758235087,-140.32077212509833,-3.9232954429315194,-16.996518091755462,31.30994751850767,-18.76923801820075,3.327952756,1.679527559,6,80.2,-20,97.8,2419,7.1,823649,680779,687462,664040,693304,669707,668804,665833,656811,53.45,,,,,,,,28,2,4-Seam Fastball,5,3,5,3,3,5,5,3,Standard,Standard,236,-0.004,-0.055,76.4,7.6,,0.055,88.0,2,2,0.762,0.762,31,26,31,27,1,1,,,3,2,1.49,1.12,-1.12,17.7,3.92435103666398,-0.6359960230790893,46.02518608911998,23.56724038606818,26.36254018871753
ST,2026-03-26,84.5,-2.62,5.65,"Robert Jr., Luis",673357,694973,,swinging_strike,,,,,5,Swinging Strike,R,R,R,NYM,PIT,S,,,0,0,2026,0.45,0.8,-0.13568951354904446,2.4360646321490926,,665742,593871,1,1,Bot,,,,,,,4.823019391770766,-122.95125419014781,-2.4989263600261182,3.475104058794935,26.030659241968113,-23.783176337424482,3.310400263,1.670669291,,,,84.5,2636,6.5,823649,680779,687462,664040,693304,669707,668804,665833,656811,54.04,,,,,,,,10,1,Sweeper,1,2,1,2,2,1,1,2,Standard,Standard,89,-0.007,-0.033,78.4,8.5,,0.033,,-1,-1,0.49,0.49,24,28,24,29,1,0,,,6,2,2.41,-0.45,-0.45,21.5,22.560285681057415,-23.612889801004748,37.43172867677485,35.983189513756685,35.599869474964386
FF,2026-03-26,98.4,1.17,5.82,"Polanco, Jorge",593871,682254,field_out,hit_into_play,,,,,7,Jorge Polanco lines out sharply to center fielder Oneil Cruz.,R,R,L,NYM,PIT,X,8,line_drive,2,1,2026,0.38,1.43,-0.6065460755513905,1.56979336816553,,596019,665742,1,4,Bot,100.12,50.34,,,,,-5.714962683147696,-142.96209709401873,-9.28684825100016,6.522144212955034,33.49815814560177,-10.590703054542724,3.191043307,1.610433071,379,101,23,99.5,2317,7,823649,680779,687462,664040,693304,669707,668804,665833,656811,53.5,0.549,0.794,0,1,0,0,6,38,4,4-Seam Fastball,5,3,5,3,3,5,5,3,Standard,Standard,161,-0.034,-0.276,74.0,7.3,1.355,0.276,101.0,2,2,0.815,0.815,26,32,26,33,1,2,,,3,2,0.93,0.38,-0.38,61.7,7.723100674160686,-16.982111594495578,39.439010119380264,30.232145403964875,27.23616878507492
FF,2026-03-26,94.4,-1.25,5.78,"Bichette, Bo",666182,676755,,foul,,,,,5,Foul,R,R,R,NYM,PIT,S,,,2,2,2026,-0.83,1.49,0.05448154040994746,2.549460315918733,682626,596019,665742,1,5,Bot,,,,,,,5.289655839247055,-137.30809212570594,-5.921371050503318,-11.681033046473798,32.05552869455939,-12.208862493858993,3.162081693,1.595816929,164,76.6,15,95.3,2397,7,823649,680779,687462,664040,693304,669707,668804,665833,656811,53.54,,,,,,,,51,7,4-Seam Fastball,7,4,7,4,4,7,7,4,Standard,Strategic,212,0,0,70.7,6.4,,0,88.0,3,3,0.918,0.918,30,28,31,28,1,3,,,3,2,1.08,0.83,0.83,52.8,-10.480761319710437,17.65896684996314,39.00830125252369,34.7473209745339,12.74527565406666
ST,2026-03-26,85.4,-2.52,5.63,"Robert Jr., Luis",673357,694973,,ball,,,,,14,Ball,R,R,R,NYM,PIT,B,,,0,1,2026,1.01,0.25,1.5980801926395296,1.428445591107995,,665742,593871,1,1,Bot,,,,,,,7.538152878091378,-124.23511242865098,-3.8999676167608692,8.946190668300492,25.039925249465494,-28.978495239471176,3.310400263,1.670669291,,,,85.9,2552,6.6,823649,680779,687462,664040,693304,669707,668804,665833,656811,53.89,,,,,,,,10,2,Sweeper,1,2,1,2,2,1,1,2,Standard,Standard,89,0.005,0.018,,,,-0.018,,-1,-1,0.483,0.483,24,28,24,29,1,0,,,6,2,2.88,-1.01,-1.01,26.9,,,,,
ST,2026-03-26,83.6,-1.76,5.22,"Baty, Brett",683146,670990,,ball,,,,,11,Ball,R,L,R,NYM,PIT,B,,,0,2,2026,1.47,0.22,-0.6460491958518477,3.5458084278071786,,,,0,3,Bot,,,,,,,-0.42818815929419696,-121.77691276855106,2.3562630617353095,14.626416319416057,24.905601722683738,-30.72121687075892,3.327952756,1.679527559,,,,84.8,2578,7.1,823649,680779,687462,664040,693304,669707,668804,665833,656811,53.4,,,,,,,,28,3,Sweeper,5,3,5,3,3,5,5,3,Standard,Standard,85,0.001,0.024,,,,-0.024,,2,2,0.758,0.758,31,26,31,27,1,1,,,3,2,3.05,-1.47,1.47,20.2,,,,,
CU,2026-03-26,88,1.05,5.83,"Robert Jr., Luis",673357,682254,,swinging_strike,,,,,13,Swinging Strike,R,R,L,NYM,PIT,S,,,0,0,2026,0.02,-0.61,-1.2922283603654385,0.6234104473726769,,596019,665742,2,4,Bot,,,,,,,-5.703554453844157,-128.10935980371528,-5.109113981208223,1.2027193360757025,22.523687949428297,-38.28850494921754,3.310400263,1.670669291,,,,89.5,2704,6.9,823649,680779,687462,664040,693304,669707,668804,665833,656811,53.62,,,,,,,,39,1,Curveball,5,3,5,3,3,5,5,3,Standard,Standard,344,-0.004,-0.047,74.5,8.7,,0.047,,2,2,0.781,0.781,26,28,26,29,1,2,,,3,2,3.52,0.02,-0.02,62.3,30.261638142254252,-35.44348269280495,49.622090122730555,24.543599544783433,49.517477573325706
SL,2026-03-26,86.5,-1.42,6,"Bichette, Bo",666182,676755,,foul,,,,,11,Foul,R,R,R,NYM,PIT,S,,,2,2,2026,-0.52,0.5,-0.506775461321191,3.4798706833497506,682626,596019,665742,1,5,Bot,,,,,,,3.2309423939326436,-125.93751485734406,-0.6263013006335509,-6.15200320825258,26.493673871133684,-26.963097621531787,3.162081693,1.595816929,162,67.8,63,87,2104,6.6,823649,680779,687462,664040,693304,669707,668804,665833,656811,53.85,,,,,,,,51,8,Slider,7,4,7,4,4,7,7,4,Standard,Strategic,156,0,0,74.3,6.3,,0,88.0,3,3,0.918,0.918,30,28,31,28,1,3,,,3,2,2.55,0.52,0.52,49.7,6.034745556267992,4.841429165989992,23.094842454925494,27.540076235037006,25.327920670993866
CU,2026-03-26,87.2,1.27,5.82,"Robert Jr., Luis",673357,682254,,ball,,,,,13,Ball,R,R,L,NYM,PIT,B,,,0,1,2026,-0.11,-0.96,-0.6523005968664196,0.835720355411381,,596019,665742,2,4,Bot,,,,,,,-4.403753671140436,-127.08574811154791,-3.654222815616868,-0.3519531234665888,23.854706529000875,-42.15096875816924,3.310400263,1.670669291,,,,88.8,2787,7,823649,680779,687462,664040,693304,669707,668804,665833,656811,53.5,,,,,,,,39,2,Curveball,5,3,5,3,3,5,5,3,Standard,Standard,333,0.002,0.018,,,,-0.018,,2,2,0.777,0.777,26,28,26,29,1,2,,,3,2,3.93,-0.11,0.11,60.6,,,,,
FF,2026-03-26,95.5,-1.38,5.83,"Bichette, Bo",666182,676755,,foul,,,,,11,Foul,R,R,R,NYM,PIT,S,,,2,2,2026,-0.91,1.37,-0.853749717962993,3.616435297398077,682626,596019,665742,1,5,Bot,,,,,,,3.487645593061832,-139.03111445353133,-3.2166906423944894,-12.60581205312875,31.06588390772847,-13.842689200433243,3.162081693,1.595816929,56,65.3,3,96.5,2361,6.8,823649,680779,687462,664040,693304,669707,668804,665833,656811,53.65,,,,,,,,51,9,4-Seam Fastball,7,4,7,4,4,7,7,4,Standard,Strategic,210,0,0,46.6,4.6,,0,88.0,3,3,0.918,0.918,30,28,31,28,1,3,,,3,2,1.12,0.91,0.91,45.6,-26.591721308902436,37.54785776862855,40.48665283346836,23.508542130193483,5.147935885737587
ST,2026-03-26,83,-1.62,5.05,"Baty, Brett",683146,670990,,foul,,,,,14,Foul,R,L,R,NYM,PIT,S,,,1,2,2026,1.49,0.44,0.8307998794982481,2.1312666488730327,,,,0,3,Bot,,,,,,,2.6131546392706375,-120.90029611271439,-0.8438406504342832,13.933344877627682,25.79306812835633,-27.931384864191152,3.327952756,1.679527559,17,94.7,-7,84.1,2651,7.2,823649,680779,687462,664040,693304,669707,668804,665833,656811,53.34,,,,,,,,28,4,Sweeper,5,3,5,3,3,5,5,3,Strategic,Standard,74,0,0,74.4,8.4,,0,94.7,2,2,0.759,0.759,31,26,31,27,1,1,,,3,2,2.89,-1.49,1.49,21.7,24.956909178674625,-22.615342004246678,39.63245479477107,28.810271945576453,45.70860901558274
ST,2026-03-26,84.2,-2.53,5.62,"Robert Jr., Luis",673357,694973,,foul,,,,,5,Foul,R,R,R,NYM,PIT,S,,,1,1,2026,0.82,0.58,-0.16573604868200997,2.3626487573360833,,665742,593871,1,1,Bot,,,,,,,3.7833303252899,-122.68737380931276,-2.1863681436647067,7.550285277156711,23.73746030853347,-26.069587712610094,3.310400263,1.670669291,231,101,58,84.6,2692,6.4,823649,680779,687462,664040,693304,669707,668804,665833,656811,54.07,,,,,,,,10,3,Sweeper,1,2,1,2,2,1,1,2,Standard,Standard,89,-0.012,-0.058,79.6,8.4,,0.058,101.0,-1,-1,0.488,0.488,24,28,24,29,1,0,,,6,2,2.62,-0.82,-0.82,25.7,26.73697024318866,-26.363087117426105,34.99237348568896,33.81626016886347,42.86770263823512
FF,2026-03-26,98.2,-2.4,5.69,"Robert Jr., Luis",673357,694973,,foul,,,,,3,Foul,R,R,R,NYM,PIT,S,,,1,2,2026,-1.09,1.1,0.3143270719742264,3.039225847362211,,665742,593871,1,1,Bot,,,,,,,9.924246943603805,-142.60069237861157,-4.071927289277313,-17.233383187330777,35.15799881862209,-16.45503649521726,3.310400263,1.670669291,13,99.9,-12,98.8,2337,6.9,823649,680779,687462,664040,693304,669707,668804,665833,656811,53.62,,,,,,,,10,4,4-Seam Fastball,1,2,1,2,2,1,1,2,Standard,Standard,230,0,0,62.2,5.7,,0,99.9,-1,-1,0.476,0.476,24,28,24,29,1,0,,,6,2,1.29,1.09,1.09,24.0,-17.54218996493161,37.06047321070342,31.938457419783916,41.85435170597886,1.9096718616930737
FF,2026-03-26,96.7,-1.59,4.98,"Baty, Brett",683146,670990,,ball,,,,,12,Ball,R,L,R,NYM,PIT,B,,,1,2,2026,-0.87,1.2,0.5188409156954721,4.434145275461098,,,,0,3,Bot,,,,,,,7.663432632228273,-140.7125528388583,1.4590630335211914,-13.310942956454852,31.128933502275373,-16.76026423350383,3.327952756,1.679527559,,,,98,2306,6.9,823649,680779,687462,664040,693304,669707,668804,665833,656811,53.56,,,,,,,,28,5,4-Seam Fastball,5,3,5,3,3,5,5,3,Strategic,Standard,230,0.003,0.043,,,,-0.043,,2,2,0.759,0.759,31,26,31,27,1,1,,,3,2,1.23,0.87,-0.87,20.8,,,,,
CU,2026-03-26,86.7,1.08,5.91,"Robert Jr., Luis",673357,682254,,swinging_strike,,,,,13,Swinging Strike,R,R,L,NYM,PIT,S,,,1,1,2026,-0.06,-0.71,-0.9720133917106762,1.6389074170757159,,596019,665742,2,4,Bot,,,,,,,-4.768608451961155,-126.20783766474341,-2.301536730777768,0.3281175851245809,25.793583593939807,-39.47526682908591,3.310400263,1.670669291,,,,87.6,2759,6.9,823649,680779,687462,664040,693304,669707,668804,665833,656811,53.65,,,,,,,,39,3,Curveball,5,3,5,3,3,5,5,3,Standard,Standard,341,-0.007,-0.063,82.8,8.2,,0.063,,2,2,0.779,0.779,26,28,26,29,1,2,,,3,2,3.74,-0.06,0.06,62.9,20.647894962972675,-18.103522465670423,43.00292707227564,28.001165857450257,37.046946588790746
FF,2026-03-26,94.5,-1.29,5.81,"Bichette, Bo",666182,676755,,foul,,,,,8,Foul,R,R,R,NYM,PIT,S,,,2,2,2026,-0.66,1.46,0.23868717441304577,1.7801590524639388,682626,596019,665742,1,5,Bot,,,,,,,5.474857334376101,-137.34948528685084,-7.934339253947896,-9.607797234279074,30.776890792075267,-12.103505573804249,3.162081693,1.595816929,176,74.8,18,95.3,2391,6.8,823649,680779,687462,664040,693304,669707,668804,665833,656811,53.65,,,,,,,,51,10,4-Seam Fastball,7,4,7,4,4,7,7,4,Standard,Strategic,209,0,0,72.0,7.0,,0,88.0,3,3,0.918,0.918,30,28,31,28,1,3,,,3,2,1.1,0.66,0.66,47.8,-13.967283223298459,15.558410302864141,43.394488194558434,37.17387026121402,11.183063364975908
ST,2026-03-26,84.4,-1.54,5.11,"Baty, Brett",683146,670990,,foul,,,,,12,Foul,R,L,R,NYM,PIT,S,,,2,2,2026,0.99,0.67,1.1224444245580854,2.7401356654122018,,,,0,3,Bot,,,,,,,4.174390487484409,-122.869962191548,-0.32379745692433726,9.211328696570748,24.339362512209682,-25.492053739343596,3.327952756,1.679527559,77,48.2,69,85.9,2710,7.2,823649,680779,687462,664040,693304,669707,668804,665833,656811,53.29,,,,,,,,28,6,Sweeper,5,3,5,3,3,5,5,3,Standard,Standard,84,0,0,75.4,7.3,,0,88.0,2,2,0.762,0.762,31,26,31,27,1,1,,,3,2,2.52,-0.99,0.99,22.0,7.999149088600367,-2.272153073023252,42.80202754295309,24.09710271701715,31.631988562507757
ST,2026-03-26,84.7,-2.58,5.61,"Robert Jr., Luis",673357,694973,,foul,,,,,5,Foul,R,R,R,NYM,PIT,S,,,1,2,2026,0.5,0.41,-0.1968483590065766,2.4066963410859916,,665742,593871,1,1,Bot,,,,,,,4.480974290573008,-123.20789772487277,-1.7223993827559017,4.1106024399450485,26.239872916994894,-27.846909581988317,3.310400263,1.670669291,,89.4,44,,2429,6.5,823649,680779,687462,664040,693304,669707,668804,665833,656811,54.02,,,,,,,,10,5,Sweeper,1,2,1,2,2,1,1,2,Standard,Standard,93,0,0,79.8,8.5,,0,89.4,-1,-1,0.476,0.476,24,28,24,29,1,0,,,6,2,2.78,-0.5,-0.5,23.8,28.76698482054736,-33.94348801139501,35.3898334425477,33.88794564511683,45.90392613176076
CU,2026-03-26,86.7,1.22,5.95,"Robert Jr., Luis",673357,682254,,foul,,,,,7,Foul,R,R,L,NYM,PIT,S,,,1,2,2026,-0.12,-0.59,-0.42717402204967736,1.5510881290947247,,596019,665742,2,4,Bot,,,,,,,-3.6874184860935917,-126.26161932045734,-2.9010668824357566,-0.5529669829904019,24.53511681563458,-38.10615206157604,3.310400263,1.670669291,,,,87.9,2677,6.9,823649,680779,687462,664040,693304,669707,668804,665833,656811,53.62,,,,,,,,39,4,Curveball,5,3,5,3,3,5,5,3,Standard,Standard,339,0,0,78.3,8.4,,0,,2,2,0.772,0.772,26,28,26,29,1,2,,,3,2,3.6,-0.12,0.12,60.0,22.10659975808594,-22.31911846037334,42.531431385330926,33.32905781225054,36.33744971128965
FF,2026-03-26,95.6,-1.26,5.87,"Bichette, Bo",666182,676755,,foul,,,,,2,Foul,R,R,R,NYM,PIT,S,,,2,2,2026,-0.66,1.61,0.2709630290648033,3.2719465129916254,682626,596019,665742,1,5,Bot,,,,,,,5.533752268218926,-139.09387206895238,-4.7354827260030286,-9.774738645311503,32.62037912305459,-10.497829886266388,3.162081693,1.595816929,112,100.6,3,96.3,2365,6.8,823649,680779,687462,664040,693304,669707,668804,665833,656811,53.68,,,,,,,,51,11,4-Seam Fastball,7,4,7,4,4,7,7,4,Standard,Strategic,208,0,0,60.9,5.6,,0,100.6,3,3,0.918,0.918,30,28,31,28,1,3,,,3,2,0.9,0.66,0.66,47.1,-15.495399114035582,39.61210373824631,31.938993210468155,37.24446956432172,5.8579416188791935
FF,2026-03-26,98.7,-2.43,5.64,"Robert Jr., Luis",673357,694973,,foul,,,,,12,Foul,R,R,R,NYM,PIT,S,,,1,2,2026,-1.08,1.02,0.9027873433756124,2.726665604270364,,665742,593871,1,1,Bot,,,,,,,11.612441938229086,-143.05372702513077,-4.615441473018661,-17.699346471325253,37.313269472591585,-17.322745900316736,3.310400263,1.670669291,206,74.2,41,99,2458,7,823649,680779,687462,664040,693304,669707,668804,665833,656811,53.52,,,,,,,,10,6,4-Seam Fastball,1,2,1,2,2,1,1,2,Standard,Standard,228,0,0,68.8,7.5,,0,88.0,-1,-1,0.476,0.476,24,28,24,29,1,0,,,6,2,1.37,1.08,1.08,23.9,0.5014809099257971,3.6506855902548043,31.047772408850648,49.65389935883664,18.5574509436057
FF,2026-03-26,97.6,-1.56,4.95,"Baty, Brett",683146,670990,,ball,,,,,14,Ball,R,L,R,NYM,PIT,B,,,2,2,2026,-1.21,1.12,1.3712964232169762,2.219410107917908,,,,0,3,Bot,,,,,,,10.759731538241772,-141.73611292708344,-4.320110680535583,-18.704414822049852,32.18259046302069,-16.177666312325282,3.327952756,1.679527559,,,,98.9,2294,7.1,823649,680779,687462,664040,693304,669707,668804,665833,656811,53.37,,,,,,,,28,7,4-Seam Fastball,5,3,5,3,3,5,5,3,Strategic,Standard,232,0.006,0.112,,,,-0.112,,2,2,0.762,0.762,31,26,31,27,1,1,,,3,2,1.28,1.21,-1.21,19.5,,,,,
CU,2026-03-26,86.7,1.12,5.98,"Robert Jr., Luis",673357,682254,single,hit_into_play,,,,,5,Luis Robert Jr. singles on a ground ball to left fielder Bryan Reynolds. Francisco Lindor scores. Juan Soto to 2nd.,R,R,L,NYM,PIT,X,7,ground_ball,1,2,2026,-0.09,-0.58,-0.24452743868356608,2.728528220543078,,596019,665742,2,4,Bot,98.1,150.67,,,,,-3.0667444275850824,-126.35104056317576,-0.20661675113593403,-0.3459455396398694,24.643843706451737,-38.54118954486851,3.310400263,1.670669291,92,94.2,5,87.8,2622,6.8,823649,680779,687462,664040,693304,669707,668804,665833,656811,53.68,0.494,0.458,0.9,1,1,0,4,39,5,Curveball,5,3,5,3,3,6,6,3,Standard,Standard,335,0.085,0.633,82.3,7.5,0.549,-0.633,94.2,2,2,0.772,0.772,26,28,26,29,1,2,,,3,2,3.59,-0.09,0.09,62.0,16.623683826984823,-0.2754838086416505,33.40271812715937,36.288766671139086,26.765950047496343
FF,2026-03-26,95.4,-1.31,5.76,"Bichette, Bo",666182,676755,,foul,,,,,2,Foul,R,R,R,NYM,PIT,S,,,2,2,2026,-1.02,1.43,0.03273714423289187,2.8600097855934683,682626,596019,665742,1,5,Bot,,,,,,,5.887421770191156,-138.76274212641192,-5.134144501974992,-14.52256793929291,31.153400867929918,-12.715182394549245,3.162081693,1.595816929,216,94.4,12,96.5,2403,6.9,823649,680779,687462,664040,693304,669707,668804,665833,656811,53.57,,,,,,,,51,12,4-Seam Fastball,7,4,7,4,4,7,7,4,Standard,Strategic,209,0,0,65.3,5.8,,0,94.4,3,3,0.918,0.918,30,28,31,28,1,3,,,3,2,1.08,1.02,1.02,44.3,-13.764808845506362,26.458373833921595,33.05453013272886,34.765644413012424,8.21140548201754
SL,2026-03-26,88.3,-1.33,5.88,"Bichette, Bo",666182,676755,strikeout,swinging_strike,,,,,11,Bo Bichette strikes out swinging.,R,R,R,NYM,PIT,S,2,,2,2,2026,-0.01,0.7,-0.5623277536994308,3.694817940920924,682626,596019,665742,1,5,Bot,,,,,,,1.864248212331179,-128.53841798381268,-0.5181741468699992,-0.4875300430005518,27.52554052491026,-24.549910859692538,3.162081693,1.595816929,,,,88.7,2226,6.6,823649,680779,687462,664040,693304,669707,668804,665833,656811,53.9,,0,0,1,0,0,,51,13,Slider,7,4,7,4,4,7,7,4,Standard,Strategic,161,-0.025,-0.273,62.4,5.7,,0.273,,3,3,0.918,0.918,30,28,31,28,1,3,,,3,2,2.23,0.01,0.01,47.4,1.4626928902550802,8.970307589594078,28.624096895075763,27.142630640193882,17.059097729340674
FF,2026-03-26,97.4,-1.54,5.07,"Baty, Brett",683146,670990,strikeout,swinging_strike,,,,,2,Brett Baty strikes out swinging.,R,L,R,NYM,PIT,S,2,,3,2,2026,-1.23,1.2,0.01238192915669356,3.1691911984296723,,,,0,3,Bot,,,,,,,7.072051916470815,-141.63331766197476,-2.234874773070789,-18.10403753722529,32.16514178055273,-15.754101385481748,3.327952756,1.679527559,,,,98.8,2309,7.1,823649,680779,687462,664040,693304,669707,668804,665833,656811,53.42,,0,0,1,0,0,,28,8,4-Seam Fastball,5,3,5,3,3,5,5,3,Standard,Standard,234,-0.019,-0.345,77.7,6.8,,0.345,,2,2,0.768,0.768,31,26,31,27,1,1,,,3,2,1.21,1.23,-1.23,18.7,2.98350500987195,12.291872747784764,35.620177510228196,36.747755690656014,22.946474608606657
ST,2026-03-26,85.8,-2.51,5.55,"Robert Jr., Luis",673357,694973,,blocked_ball,,,,,14,Ball In Dirt,R,R,R,NYM,PIT,B,,,1,2,2026,1.05,0.39,1.74520194390582,0.4949337204178943,,665742,593871,1,1,Bot,,,,,,,7.802977131040263,-124.66330923393309,-6.17947626885122,9.14249242100058,27.58530772762042,-27.013962492177672,3.310400263,1.670669291,,,,85.8,2274,6.6,823649,680779,687462,664040,693304,669707,668804,665833,656811,53.88,,,,,,,,10,7,Sweeper,1,2,1,2,2,1,1,2,Standard,Standard,78,0.007,0.043,,,,-0.043,,-1,-1,0.476,0.476,24,28,24,29,1,0,,,6,2,2.75,-1.05,-1.05,21.9,,,,,
FF,2026-03-26,98.4,1.15,5.81,"Baty, Brett",683146,682254,,foul,,,,,6,Foul,R,L,L,NYM,PIT,S,,,0,0,2026,0.12,1.44,0.6593752431398097,2.800913437673163,,665742,673357,2,4,Bot,,,,,,,-1.605366304682293,-143.22103514554837,-5.9740663887601215,1.9785488912970854,33.113467302191054,-11.140586297861056,3.327952756,1.679527559,206,74.6,32,99.7,2244,7,823649,680779,687462,664040,693304,669707,668804,665833,656811,53.49,,,,,,,,40,1,4-Seam Fastball,6,3,6,3,3,6,6,3,Standard,Standard,164,-0.003,-0.047,70.1,6.4,,0.047,88.0,3,3,0.857,0.857,26,26,26,27,1,2,,,3,2,0.91,0.12,0.12,62.8,-4.496263120638798,15.557020370524798,41.963154191978184,29.34600646633495,18.747014224510902
SI,2026-03-26,97.8,-2.55,5.67,"Robert Jr., Luis",673357,694973,,foul,,,,,13,Foul,R,R,R,NYM,PIT,S,,,2,2,2026,-1.63,0.81,-1.2546341512038017,2.3728917805935117,,665742,593871,1,1,Bot,,,,,,,7.298133247807433,-142.09502315043096,-5.0589073037377705,-23.77549353279798,34.05448476793187,-20.18880064997495,3.310400263,1.670669291,7,78.3,-21,97.9,2350,6.6,823649,680779,687462,664040,693304,669707,668804,665833,656811,53.94,,,,,,,,10,8,Sinker,1,2,1,2,2,1,1,2,Standard,Standard,238,0,0,77.1,8.1,,0,88.0,-1,-1,0.483,0.483,24,28,24,29,1,0,,,6,2,1.59,1.63,1.63,27.1,24.01256286726643,-17.555654729116366,46.28058775406502,22.766865382155085,28.93552170239761
ST,2026-03-26,84.9,-3.37,4.96,"Semien, Marcus",543760,670990,,called_strike,,,,,6,Called Strike,R,R,R,NYM,PIT,S,,,0,0,2026,0.75,0.62,0.753334948053337,2.2664229679871504,,,,1,3,Bot,,,,,,,8.103050337614023,-123.43548999595227,-1.0550393568005303,6.113418287468788,23.78583014899365,-25.83058513314905,3.212106299,1.621062992,,,,86.1,2739,7,823649,680779,687462,664040,693304,669707,668804,665833,656811,53.49,,,,,,,,29,1,Sweeper,5,3,5,3,3,5,5,3,Infield shade,Standard,77,-0.002,-0.039,,,,0.039,,2,2,0.749,0.749,31,35,31,36,1,1,,,3,2,2.54,-0.75,-0.75,18.8,,,,,
SL,2026-03-26,88.9,1.32,5.9,"Baty, Brett",683146,682254,,ball,,,,,11,Ball,R,L,L,NYM,PIT,B,,,0,1,2026,-0.29,-0.1,-0.2414278933036908,3.454679923987582,,665742,673357,2,4,Bot,,,,,,,-3.1978547401431916,-129.5240743760028,0.37031905364780004,-2.642601886596231,24.40310831065082,-33.53874624441882,3.327952756,1.679527559,,,,90.2,2578,6.8,823649,680779,687462,664040,693304,669707,668804,665833,656811,53.69,,,,,,,,40,2,Slider,6,3,6,3,3,6,6,3,Standard,Standard,303,0.002,0.018,,,,-0.018,,3,3,0.854,0.854,26,26,26,27,1,2,,,3,2,2.95,-0.29,-0.29,56.8,,,,,
CH,2026-03-26,89.4,-1.33,5.77,"Polanco, Jorge",593871,676755,,blocked_ball,,,,,14,Ball In Dirt,R,L,R,NYM,PIT,B,,,0,0,2026,-1.18,0.8,0.18033589793895355,0.15858543498343058,682626,596019,665742,2,5,Bot,,,,,,,6.2781566558713955,-129.78674918011856,-9.330248901049186,-14.680218138523651,26.936172224116813,-21.30406276223658,3.191043307,1.610433071,,,,90.3,1771,7,823649,680779,687462,664040,693304,669707,668804,665833,656811,53.53,,,,,,,,52,1,Changeup,7,4,7,4,4,7,7,4,Standard,Standard,223,0.004,0.032,,,,-0.032,,3,3,0.893,0.893,30,32,31,33,1,3,,,3,2,2.06,1.18,-1.18,45.7,,,,,
SI,2026-03-26,98.2,-3.14,4.89,"Semien, Marcus",543760,670990,single,hit_into_play,,,,,5,"Marcus Semien singles on a line drive to pitcher Yohan Ramírez. Marcus Semien to 2nd. Marcus Semien advances to 2nd, on a throwing error by pitcher Yohan Ramírez.",R,R,R,NYM,PIT,X,1,line_drive,0,1,2026,-1.8,0.26,-0.00968218778760832,2.4037999276838065,,,,1,3,Bot,122.42,176.01,,,,,12.698831785002882,-142.46669263945626,-1.6654083388049763,-27.37484442529867,32.65702862106231,-28.38918683574122,3.212106299,1.621062992,79,96.1,3,99,2342,6.9,823649,680779,687462,664040,693304,669707,668804,665833,656811,53.62,0.449,0.421,0.9,1,1,0,4,29,2,Sinker,5,3,5,3,3,5,5,3,Infield shade,Standard,235,0.032,0.453,68.5,7.3,0.526,-0.453,96.1,2,2,0.747,0.747,31,35,31,36,1,1,,,3,2,2.11,1.8,1.8,20.0,5.43024462958609,9.890103088129452,34.75797735316038,31.92618274528059,22.18089867486681
CH,2026-03-26,89.5,-2.61,5.53,"Robert Jr., Luis",673357,694973,,blocked_ball,,,,,14,Ball In Dirt,R,R,R,NYM,PIT,B,,,2,2,2026,-1.44,0.48,0.9111640169629787,-0.5457380215786607,,665742,593871,1,1,Bot,,,,,,,11.685165519903906,-129.63873745913097,-9.749936036046584,-18.578589749883406,25.427314815578978,-24.862542568864566,3.310400263,1.670669291,,,,89.9,1714,6.7,823649,680779,687462,664040,693304,669707,668804,665833,656811,53.85,,,,,,,,10,9,Changeup,1,2,1,2,2,1,1,2,Standard,Standard,259,0.016,0.096,,,,-0.096,,-1,-1,0.483,0.483,24,28,24,29,1,0,,,6,2,2.38,1.44,1.44,22.1,,,,,
SL,2026-03-26,88.3,1.27,5.88,"Baty, Brett",683146,682254,,ball,,,,,13,Ball,R,L,L,NYM,PIT,B,,,1,1,2026,-0.24,-0.12,-1.128387801516336,2.010768022088079,,665742,673357,2,4,Bot,,,,,,,-5.294916947868361,-128.4696136221943,-2.877290048265116,-1.6048326821533234,26.525233382993807,-33.1244640827367,3.327952756,1.679527559,,,,89.2,2626,6.8,823649,680779,687462,664040,693304,669707,668804,665833,656811,53.65,,,,,,,,40,3,Slider,6,3,6,3,3,6,6,3,Standard,Standard,317,0.002,0.03,,,,-0.03,,3,3,0.856,0.856,26,26,26,27,1,2,,,3,2,3.04,-0.24,-0.24,59.5,,,,,
FF,2026-03-26,95.7,-1.41,5.72,"Polanco, Jorge",593871,676755,,ball,,,,,14,Ball,R,L,R,NYM,PIT,B,,,1,0,2026,-0.85,1.49,0.3935127289200051,1.0778604043952975,682626,596019,665742,2,5,Bot,,,,,,,6.7011644618852735,-138.8648518304946,-9.866469228798746,-12.441729162821929,31.12126801098419,-10.815344410667747,3.191043307,1.610433071,,,,96.6,2414,6.9,823649,680779,687462,664040,693304,669707,668804,665833,656811,53.56,,,,,,,,52,2,4-Seam Fastball,7,4,7,4,4,7,7,4,Standard,Standard,213,0.009,0.029,,,,-0.029,,3,3,0.897,0.897,30,32,31,33,1,3,,,3,2,1.01,0.85,-0.85,44.1,,,,,
ST,2026-03-26,85.5,-2.62,5.61,"Robert Jr., Luis",673357,694973,walk,ball,,,,,14,Luis Robert Jr. walks. Juan Soto to 3rd. Jorge Polanco to 2nd.,R,R,R,NYM,PIT,B,,,3,2,2026,0.23,0.41,1.0847999720840509,1.7512056070550477,,665742,593871,1,1,Bot,,,,,,,8.168319342200606,-124.46636867324442,-3.535356186095213,1.1138798532371166,20.720909904443136,-27.470287486159652,3.310400263,1.670669291,,,,86.5,2518,6.5,823649,680779,687462,664040,693304,669707,668804,665833,656811,53.98,,0.709062,0.7,1,0,0,,10,10,Sweeper,1,2,1,2,2,1,1,2,Standard,Standard,88,0.054,0.287,,,,-0.287,,-1,-1,0.499,0.499,24,28,24,29,1,0,,,6,2,2.67,-0.23,-0.23,23.8,,,,,
FF,2026-03-26,98.8,1.13,5.81,"Baty, Brett",683146,682254,,ball,,,,,13,Ball,R,L,L,NYM,PIT,B,,,2,1,2026,0.31,1.53,-0.2562944991875104,1.4586884610940096,,665742,673357,2,4,Bot,,,,,,,-4.497165859401768,-143.54657460104127,-9.887792816104644,5.260816838826851,32.52327345629422,-8.947534141273625,3.327952756,1.679527559,,,,99.9,2213,7,823649,680779,687462,664040,693304,669707,668804,665833,656811,53.55,,,,,,,,40,4,4-Seam Fastball,6,3,6,3,3,6,6,3,Standard,Standard,166,0.004,0.109,,,,-0.109,,3,3,0.858,0.858,26,26,26,27,1,2,,,3,2,0.81,0.31,0.31,62.0,,,,,
FF,2026-03-26,95,-1.28,5.8,"Polanco, Jorge",593871,676755,,ball,,,,,11,Ball,R,L,R,NYM,PIT,B,,,2,0,2026,-0.9,1.37,-1.6511317037176854,3.3968624723879013,682626,596019,665742,2,5,Bot,,,,,,,1.107359848078445,-138.28024675339145,-3.5570092644510503,-11.695231293747717,33.70919141722732,-14.091479172747363,3.191043307,1.610433071,,,,95.7,2331,6.9,823649,680779,687462,664040,693304,669707,668804,665833,656811,53.64,,,,,,,,52,3,4-Seam Fastball,7,4,7,4,4,7,7,4,Standard,Standard,218,0.013,0.129,,,,-0.129,,3,3,0.906,0.906,30,32,31,33,1,3,,,3,2,1.17,0.9,-0.9,43.9,,,,,
FF,2026-03-26,96.8,-1.4,4.96,"Benge, Carson",701807,670990,,ball,,,,,12,Ball,R,L,R,NYM,PIT,B,,,0,0,2026,-0.92,1.26,1.4869818436430537,2.54411200322838,,543760,,1,3,Bot,,,,,,,9.852195133685488,-140.5179533327357,-3.5741528253131714,-14.593869627077844,35.837469732355174,-14.98551444882318,3.259498032,1.644980315,,,,97.2,2331,7,823649,680779,687462,664040,693304,669707,668804,665833,656811,53.54,,,,,,,,30,1,4-Seam Fastball,5,3,5,3,3,5,5,3,Standard,Standard,235,0.001,0.028,,,,-0.028,,2,2,0.779,0.779,31,23,31,23,1,1,,,3,2,1.21,0.92,-0.92,17.1,,,,,
CH,2026-03-26,89.6,-3.22,5.64,"Baty, Brett",683146,694973,,swinging_strike,,,,,13,Swinging Strike,R,L,R,NYM,PIT,S,,,0,0,2026,-1.65,0.22,-0.1882696927125651,1.3062939003089666,665742,593871,673357,1,1,Bot,,,,,,,11.014929362053799,-129.99727979409204,-4.9277397902897455,-21.071692377523686,27.63011330782233,-28.746145738708417,3.327952756,1.679527559,,,,90,1867,6.8,823649,680779,687462,664040,693304,669707,668804,665833,656811,53.75,,,,,,,,11,1,Changeup,1,2,1,2,2,1,1,2,Standard,Standard,257,-0.012,-0.05,66.4,8.7,,0.05,,-1,-1,0.553,0.553,24,26,24,27,1,0,,,6,2,2.64,1.65,-1.65,23.8,23.775622325417753,-16.31466666124911,40.36439276857973,39.70111045722341,44.65402902652558
FF,2026-03-26,98.5,1.26,5.84,"Baty, Brett",683146,682254,,foul_tip,,,,,2,Foul Tip,R,L,L,NYM,PIT,S,,,3,1,2026,0.11,1.57,0.17595876963104432,3.2587417635733753,,665742,673357,2,4,Bot,,,,,,,-3.2054292816725884,-143.36249712735406,-5.119365388010116,2.3172604691035255,34.1144510066091,-9.600970605620157,3.327952756,1.679527559,,,,99.6,2183,6.9,823649,680779,687462,664040,693304,669707,668804,665833,656811,53.57,,,,,,,,40,5,4-Seam Fastball,6,3,6,3,3,6,6,3,Standard,Standard,167,-0.003,-0.11,73.6,6.1,,0.11,,3,3,0.862,0.862,26,26,26,27,1,2,,,3,2,0.79,0.11,0.11,60.2,-2.1211686660621165,29.67799482626081,35.49893878605005,35.31792415958775,15.110987442373741
FF,2026-03-26,94.9,-1.42,5.76,"Polanco, Jorge",593871,676755,walk,ball,,,,,11,Jorge Polanco walks. Francisco Alvarez scores. Francisco Lindor to 3rd. Juan Soto to 2nd.,R,L,R,NYM,PIT,B,,,3,0,2026,-0.77,1.57,-0.7698096766282098,3.4326170377908687,682626,596019,665742,2,5,Bot,,,,,,,3.4664984132099708,-138.13095993938984,-3.8375284770904177,-10.6532565624189,32.0584302466531,-11.417037061769317,3.191043307,1.610433071,,,,95.6,2370,6.8,823649,680779,687462,664040,693304,669707,668804,665833,656811,53.7,,0.709062,0.7,1,0,0,,52,4,4-Seam Fastball,7,4,7,4,4,8,8,4,Standard,Standard,208,0.017,0.155,,,,-0.155,,3,3,0.919,0.919,30,32,31,33,1,3,,,3,2,0.96,0.77,-0.77,46.7,,,,,
FF,2026-03-26,96.2,-1.49,5.01,"Benge, Carson",701807,670990,,foul,,,,,9,Foul,R,L,R,NYM,PIT,S,,,1,0,2026,-0.99,1.05,0.5507533669656706,2.1315199387281005,,543760,,1,3,Bot,,,,,,,7.744052234645678,-139.8071363477887,-4.313026870805656,-14.79422675992023,31.747148559605087,-17.672327176386794,3.259498032,1.644980315,,,,97.4,2284,7.1,823649,680779,687462,664040,693304,669707,668804,665833,656811,53.42,,,,,,,,30,2,4-Seam Fastball,5,3,5,3,3,5,5,3,Standard,Standard,241,-0.002,-0.042,76.2,6.6,,0.042,,2,2,0.78,0.78,31,23,31,23,1,1,,,3,2,1.43,0.99,-0.99,19.4,1.948791949465479,1.7419898700242438,40.887188046351866,29.719852193372304,31.197834569834033
CH,2026-03-26,89.5,-3.15,5.55,"Baty, Brett",683146,694973,triple,hit_into_play,,,,,8,Brett Baty triples (1) on a sharp line drive to center fielder Oneil Cruz. Juan Soto scores. Jorge Polanco scores. Luis Robert Jr. scores.,R,L,R,NYM,PIT,X,8,line_drive,0,1,2026,-1.34,0.55,-0.276066839838899,2.171968543732805,665742,593871,673357,1,1,Bot,124.45,56.92,,,,,9.872833825280173,-129.95782390898052,-3.314128037446494,-17.256348001310283,25.732624115062446,-25.41575535923675,3.327952756,1.679527559,368,103,20,89.7,2042,6.4,823649,680779,687462,664040,693304,669707,668804,665833,656811,54.12,0.543,0.713,1.6,1,1,2,5,11,2,Changeup,1,2,1,2,2,4,4,2,Standard,Standard,258,0.227,0.89,72.9,7.9,1.169,-0.89,103.0,-1,-1,0.541,0.541,24,26,24,27,1,0,,,6,2,2.29,1.34,-1.34,20.0,8.422078328803037,8.634595704628284,39.39611275454937,40.012065218630674,24.053661222342598
ST,2026-03-26,83.5,-1.63,5.16,"Benge, Carson",701807,670990,,called_strike,,,,,7,Called Strike,R,L,R,NYM,PIT,S,,,1,1,2026,1.02,0.32,-0.37815440431509306,2.1268034483353038,,543760,,1,3,Bot,,,,,,,0.8038727899512073,-121.72192188806022,-1.0357357064008483,10.029901909794383,22.796191521716302,-29.022723712102852,3.259498032,1.644980315,,,,85.3,2453,7.2,823649,680779,687462,664040,693304,669707,668804,665833,656811,53.27,,,,,,,,30,3,Sweeper,5,3,5,3,3,5,5,3,Standard,Standard,69,-0.007,-0.061,,,,0.061,,2,2,0.778,0.778,31,23,31,23,1,1,,,3,2,2.93,-1.02,1.02,20.6,,,,,
SL,2026-03-26,88.4,-1.37,5.92,"Robert Jr., Luis",673357,676755,,foul,,,,,11,Foul,R,R,R,NYM,PIT,S,,,0,0,2026,-0.38,0.49,-1.2275021225872398,3.4395008194455623,596019,665742,593871,2,5,Bot,,,,,,,1.15215110742187,-128.676116634925,-0.789067451692738,-4.481263176188761,28.36575290958002,-26.797950961542462,3.310400263,1.670669291,,,,88.8,2235,6.7,823649,680779,687462,664040,693304,669707,668804,665833,656811,53.81,,,,,,,,53,1,Slider,8,4,8,4,4,8,8,4,Standard,Standard,175,-0.003,-0.035,74.2,6.9,,0.035,,4,4,0.936,0.936,30,28,31,29,1,3,,,3,2,2.44,0.38,0.38,48.5,11.976281017741966,1.7444780228684618,37.69438647309125,24.296312358701044,20.844705817079628
FF,2026-03-26,98.4,1.11,5.82,"Baty, Brett",683146,682254,strikeout,called_strike,,,,,5,Brett Baty called out on strikes.,R,L,L,NYM,PIT,S,2,,3,2,2026,0.32,1.65,0.07886792233690887,2.4391421302764567,,665742,673357,2,4,Bot,,,,,,,-3.560266030120675,-143.04412283118205,-7.437134049970578,5.270933712028725,35.04730429596371,-8.011919833125063,3.327952756,1.679527559,,,,99.3,2110,7,823649,680779,687462,664040,693304,669707,668804,665833,656811,53.5,,0,0,1,0,0,,40,6,4-Seam Fastball,6,3,6,3,3,6,6,3,Standard,Standard,163,-0.023,-0.282,,,,0.282,,3,3,0.859,0.859,26,26,26,27,1,2,,,3,2,0.72,0.32,0.32,60.7,,,,,
FF,2026-03-26,97.1,-1.55,4.99,"Benge, Carson",701807,670990,,foul,,,,,5,Foul,R,L,R,NYM,PIT,S,,,1,2,2026,-1.09,1.05,0.2132312957511835,2.707663584774247,,543760,,1,3,Bot,,,,,,,7.273399031655807,-141.16966653527462,-2.8382699470887283,-16.253275854349223,33.076479370266334,-17.71266475158332,3.259498032,1.644980315,238,78.2,38,98.1,2363,6.9,823649,680779,687462,664040,693304,669707,668804,665833,656811,53.55,,,,,,,,30,4,4-Seam Fastball,5,3,5,3,3,5,5,3,Standard,Standard,234,0,0,64.9,5.1,,0,88.0,2,2,0.771,0.771,31,23,31,23,1,1,,,3,2,1.38,1.09,-1.09,17.9,-12.49227277818391,29.468668271163914,33.6372785018949,32.91140362266496,22.516692922131547
SI,2026-03-26,97.3,-2.42,5.64,"Semien, Marcus",543760,694973,double,hit_into_play,,,,,13,Marcus Semien doubles (1) on a fly ball to left fielder Bryan Reynolds. Brett Baty scores.,R,R,R,NYM,PIT,X,7,fly_ball,0,0,2026,-1.63,1.01,-0.9197925454681108,2.0075019595414867,683146,,,1,1,Bot,115.21,97.65,,,,,7.839329068283614,-141.39318228975407,-6.388291772267223,-23.695893013611137,31.757475617983616,-17.303734259578174,3.212106299,1.621062992,255,82,46,98,2350,6.7,823649,680779,687462,664040,693304,669707,668804,665833,656811,53.78,0.02,0.021,1.25,1,1,1,3,12,1,Sinker,4,2,4,2,2,5,5,2,Strategic,Standard,239,0.048,0.574,71.6,7.6,0.025,-0.574,88.0,2,2,0.768,0.768,24,35,24,36,1,0,,,6,2,1.4,1.63,1.63,21.0,13.29759090327241,-10.35658567369532,42.88782080312055,19.84157517326263,30.660169430152635
CU,2026-03-26,86.4,1.26,5.91,"Semien, Marcus",543760,682254,,called_strike,,,,,9,Called Strike,R,R,L,NYM,PIT,S,,,0,0,2026,0.08,-0.41,0.28732779733652014,2.1068963681421904,,,,0,5,Bot,,,,,,,-2.4734121367185935,-125.98900374010537,-1.849029224785789,1.3460175422551361,23.730166962425493,-36.42680608851266,3.212106299,1.621062992,,,,87.7,2568,6.8,823649,680779,687462,664040,693304,669707,668804,665833,656811,53.69,,,,,,,,46,1,Curveball,6,4,6,4,4,6,6,4,Standard,Standard,341,-0.002,-0.039,,,,0.039,,2,2,0.812,0.812,26,35,26,36,1,2,,,3,2,3.43,0.08,-0.08,60.2,,,,,
FF,2026-03-26,93.7,-1.31,5.86,"Robert Jr., Luis",673357,676755,,ball,,,,,11,Ball,R,R,R,NYM,PIT,B,,,0,1,2026,-0.41,1.65,-0.113804483596324,4.9886935882201096,596019,665742,593871,2,5,Bot,,,,,,,4.014635490415739,-136.34542097425975,0.0077154878716858,-6.087370557339034,34.64700329240125,-12.129688472260103,3.310400263,1.670669291,,,,94,2375,6.8,823649,680779,687462,664040,693304,669707,668804,665833,656811,53.7,,,,,,,,53,2,4-Seam Fastball,8,4,8,4,4,8,8,4,Standard,Standard,203,0.002,0.031,,,,-0.031,,4,4,0.933,0.933,30,28,31,29,1,3,,,3,2,0.98,0.41,0.41,47.2,,,,,
FF,2026-03-26,97.9,-3.21,5.63,"Benge, Carson",701807,694973,,swinging_strike,,,,,1,Swinging Strike,R,L,R,NYM,PIT,S,,,0,0,2026,-1.34,1.06,-0.711560572866405,2.80351939416043,,543760,,1,1,Bot,,,,,,,9.847670799320078,-142.17783756933204,-4.441132527148398,-20.434799032759788,33.61138072655899,-16.915329999043987,3.259498032,1.644980315,,,,98.3,2418,6.7,823649,680779,687462,664040,693304,669707,668804,665833,656811,53.81,,,,,,,,13,1,4-Seam Fastball,5,2,5,2,2,5,5,2,Standard,Standard,240,-0.003,-0.038,68.3,6.4,,0.038,,3,3,0.816,0.816,24,23,24,23,1,0,,,6,2,1.33,1.34,-1.34,23.0,2.127837563421004,16.092918970526668,29.195437541331522,44.16210382096299,25.090702649042548
ST,2026-03-26,83.4,-1.64,5.14,"Benge, Carson",701807,670990,,foul,,,,,11,Foul,R,L,R,NYM,PIT,S,,,1,2,2026,1.02,0.29,-0.9062758507128267,2.6119873609120767,,543760,,1,3,Bot,,,,,,,-0.38449980099837006,-121.52714702422873,0.2102941096429709,10.20955326049033,22.808500552365736,-29.53753659203232,3.259498032,1.644980315,179,70.4,54,85.2,2558,7.3,823649,680779,687462,664040,693304,669707,668804,665833,656811,53.21,,,,,,,,30,5,Sweeper,5,3,5,3,3,5,5,3,Standard,Standard,80,0,0,62.7,6.6,,0,88.0,2,2,0.771,0.771,31,23,31,23,1,1,,,3,2,2.97,-1.02,1.02,21.2,0.43966800088194624,14.221853739542475,25.17347947900775,45.963587574565565,29.588085892466246
CU,2026-03-26,85,1.12,5.9,"Semien, Marcus",543760,682254,,ball,,,,,13,Ball,R,R,L,NYM,PIT,B,,,0,1,2026,-0.12,-0.69,-1.4425207655226921,1.0430718899034792,,,,0,5,Bot,,,,,,,-5.746608813545008,-123.71013492849589,-3.482466520180606,-0.24218487832417826,22.234692479146897,-38.887332184480684,3.212106299,1.621062992,,,,86.4,2654,7,823649,680779,687462,664040,693304,669707,668804,665833,656811,53.53,,,,,,,,46,2,Curveball,6,4,6,4,4,6,6,4,Standard,Standard,329,0.001,0.031,,,,-0.031,,2,2,0.81,0.81,26,35,26,36,1,2,,,3,2,3.82,-0.12,0.12,60.9,,,,,
FF,2026-03-26,94.2,-1.35,5.79,"Robert Jr., Luis",673357,676755,single,hit_into_play,,,,,11,Luis Robert Jr. singles on a soft ground ball to first baseman Spencer Horwitz. Francisco Lindor scores. Juan Soto to 3rd. Jorge Polanco to 2nd.,R,R,R,NYM,PIT,X,3,ground_ball,1,1,2026,-0.81,1.7,-1.3760325330020566,2.6520888255924637,596019,665742,593871,2,5,Bot,136.64,176.8,,,,,1.7929215090501744,-137.0081496955445,-6.057874333240579,-10.60463575435878,34.610308222320725,-9.743803199042647,3.310400263,1.670669291,3,39.9,-38,94.5,2508,6.8,823649,680779,687462,664040,693304,669707,668804,665833,656811,53.68,0.335,0.309,0.9,1,1,0,1,53,3,4-Seam Fastball,8,4,8,4,4,9,9,4,Standard,Standard,204,0.028,0.535,34.8,5.9,0.338,-0.535,88.0,4,4,0.935,0.935,30,28,31,29,1,3,,,3,2,0.91,0.81,0.81,46.1,-13.655739680116648,28.33568387590163,46.726961191034924,22.189161354315132,13.303989562442123
FF,2026-03-26,93.4,-1.37,5.73,"Baty, Brett",683146,676755,,ball,,,,,13,Ball,R,L,R,NYM,PIT,B,,,0,0,2026,-1.16,1.25,-0.5457513837187997,1.1571742033111596,665742,593871,673357,2,5,Bot,,,,,,,4.74745044103007,-135.6152317327673,-8.527023690977124,-15.386920353173567,33.2787306154875,-15.06078034199737,3.327952756,1.679527559,,,,93.7,2387,6.9,823649,680779,687462,664040,693304,669707,668804,665833,656811,53.64,,,,,,,,54,1,4-Seam Fastball,9,4,9,4,4,9,9,4,Standard,Standard,212,0.002,0.032,,,,-0.032,,5,5,0.963,0.963,30,26,31,27,1,3,,,3,2,1.41,1.16,-1.16,45.1,,,,,
FF,2026-03-26,96.9,-1.75,5,"Benge, Carson",701807,670990,strikeout,swinging_strike,,,,,1,Carson Benge strikes out swinging.,R,L,R,NYM,PIT,S,2,,1,2,2026,-0.93,1.09,-0.5061511012814685,2.8683747044922385,,543760,,1,3,Bot,,,,,,,5.54427293461929,-140.9986956883235,-2.483699475684052,-13.77289333390677,35.89092387060074,-17.33882032557391,3.259498032,1.644980315,,,,97.9,2369,7.1,823649,680779,687462,664040,693304,669707,668804,665833,656811,53.4,,0,0,1,0,0,,30,6,4-Seam Fastball,5,3,5,3,3,5,5,3,Standard,Standard,236,-0.017,-0.201,72.0,5.8,,0.201,,2,2,0.771,0.771,31,23,31,23,1,1,,,3,2,1.36,0.93,-0.93,19.5,-7.362933155286748,22.939857723905032,29.426877057698043,41.08304822703476,21.615210815771334
FF,2026-03-26,96.7,-2.9,5.74,"Benge, Carson",701807,694973,,swinging_strike,,,,,5,Swinging Strike,R,L,R,NYM,PIT,S,,,0,1,2026,-1.5,1.23,-0.1914026218979783,2.5305331379369935,,543760,,1,1,Bot,,,,,,,10.683620047819373,-140.3290787959199,-5.623186952651284,-22.32544822924798,33.34222154202134,-14.787681813599717,3.259498032,1.644980315,,,,97.1,2420,6.8,823649,680779,687462,664040,693304,669707,668804,665833,656811,53.7,,,,,,,,13,2,4-Seam Fastball,5,2,5,2,2,5,5,2,Standard,Standard,237,-0.005,-0.052,70.8,6.4,,0.052,,3,3,0.813,0.813,24,23,24,23,1,0,,,6,2,1.23,1.5,-1.5,25.4,1.483849714883907,11.188456088609268,36.262797915450484,38.75253515547911,25.674443862167085
FF,2026-03-26,96.9,1.03,5.92,"Semien, Marcus",543760,682254,field_out,hit_into_play,,,,,6,Marcus Semien flies out to center fielder Oneil Cruz.,R,R,L,NYM,PIT,X,8,fly_ball,1,1,2026,0.27,1.51,0.37671168516725184,2.554261863678674,,,,0,5,Bot,120.31,57,,,,,-2.3855847082054056,-140.91137429480176,-6.784130361653645,4.141871760351427,33.366455702240955,-10.735932780755268,3.212106299,1.621062992,352,97.2,36,97.9,2304,7,823649,680779,687462,664040,693304,669707,668804,665833,656811,53.53,0.146,0.261,0,1,0,0,3,46,3,4-Seam Fastball,6,4,6,4,4,6,6,4,Standard,Standard,173,-0.014,-0.251,67.4,7.9,0.499,0.251,97.2,2,2,0.811,0.811,26,35,26,36,1,2,,,3,2,0.93,0.27,-0.27,60.6,15.517546034351891,2.7183953091216684,29.608129830232272,38.05951825798818,30.790883033756362
FF,2026-03-26,98.1,-2.97,5.61,"Benge, Carson",701807,694973,strikeout,swinging_strike,,,,,5,Carson Benge strikes out swinging.,R,L,R,NYM,PIT,S,2,,0,2,2026,-1.4,1.03,0.08105736816274689,2.323548952535895,,543760,,1,1,Bot,,,,,,,11.552449327196607,-142.28711952143786,-5.6218542442445045,-21.699122797053118,33.62257241173113,-17.038138435309474,3.259498032,1.644980315,,,,98.8,2394,6.9,823649,680779,687462,664040,693304,669707,668804,665833,656811,53.57,,0,0,1,0,0,,13,3,4-Seam Fastball,5,2,5,2,2,5,5,2,Standard,Standard,234,-0.011,-0.185,68.9,6.2,,0.185,,3,3,0.808,0.808,24,23,24,23,1,0,,,6,2,1.36,1.4,-1.4,24.0,1.0675845522587117,9.881615066363947,38.708995484641335,34.55725348089881,27.639509522891288
SI,2026-03-26,96.3,-3.31,4.9,"Alvarez, Francisco",682626,670990,,ball,,,,,13,Ball,R,R,R,NYM,PIT,B,,,0,0,2026,-1.47,0.66,-1.388344562340327,2.33841726888252,,543760,,2,3,Bot,,,,,,,8.501220058581538,-139.84787971089233,-2.475034703230765,-21.278256661860475,35.95827226245457,-23.186371803552493,3.120833333,1.575,,,,96.5,2201,6.8,823649,680779,687462,664040,693304,669707,668804,665833,656811,53.68,,,,,,,,31,1,Sinker,5,3,5,3,3,5,5,3,Standard,Standard,236,0.001,0.019,,,,-0.019,,2,2,0.754,0.754,31,24,31,25,1,1,,,3,2,1.84,1.47,1.47,15.3,,,,,
FF,2026-03-26,97.7,1.06,5.89,"Benge, Carson",701807,682254,,foul,,,,,4,Foul,R,L,L,NYM,PIT,S,,,0,0,2026,0.31,1.68,-0.5727174417574648,2.3536692389272007,,,,1,5,Bot,,,,,,,-5.133085917793086,-141.90492209429883,-7.749007627193071,5.497059540119347,35.304439036941275,-7.958108534861449,3.259498032,1.644980315,226,78.9,24,98.4,2350,7,823649,680779,687462,664040,693304,669707,668804,665833,656811,53.51,,,,,,,,47,1,4-Seam Fastball,6,4,6,4,4,6,6,4,Standard,Standard,168,-0.002,-0.039,71.7,6.1,,0.039,88.0,2,2,0.797,0.797,26,23,26,23,1,2,,,3,2,0.74,0.31,0.31,61.9,-11.473171562169059,27.05683331626329,31.280831236566144,44.02894213068257,16.622184043721756
FF,2026-03-26,94.7,-1.25,5.76,"Baty, Brett",683146,676755,,blocked_ball,,,,,14,Ball In Dirt,R,L,R,NYM,PIT,B,,,1,0,2026,-0.93,1.56,0.19591898961759702,1.0501942652567706,665742,593871,673357,2,5,Bot,,,,,,,5.90712159909481,-137.6129328321454,-10.04710723291711,-13.044542428936513,27.873546690375107,-10.35057776919432,3.327952756,1.679527559,,,,96.2,2472,7,823649,680779,687462,664040,693304,669707,668804,665833,656811,53.48,,,,,,,,54,2,4-Seam Fastball,9,4,9,4,4,9,9,4,Standard,Standard,209,0.003,0.029,,,,-0.029,,5,5,0.965,0.965,30,26,31,27,1,3,,,3,2,0.97,0.93,-0.93,43.9,,,,,
FF,2026-03-26,98,-3.18,4.96,"Alvarez, Francisco",682626,670990,,called_strike,,,,,6,Called Strike,R,R,R,NYM,PIT,S,,,1,0,2026,-1.09,1.17,0.5227716802407758,2.1526765440141586,,543760,,2,3,Bot,,,,,,,12.492110665738643,-142.0663107535827,-4.6244318301658955,-17.727335383548635,35.423803866894225,-15.376040488819104,3.120833333,1.575,,,,98.2,2380,6.8,823649,680779,687462,664040,693304,669707,668804,665833,656811,53.69,,,,,,,,31,2,4-Seam Fastball,5,3,5,3,3,5,5,3,Standard,Standard,236,-0.002,-0.044,,,,0.044,,2,2,0.755,0.755,31,24,31,25,1,1,,,3,2,1.23,1.09,1.09,20.7,,,,,
SI,2026-03-26,96.6,-2.51,5.69,"Alvarez, Francisco",682626,694973,,called_strike,,,,,1,Called Strike,R,R,R,NYM,PIT,S,,,0,0,2026,-1.43,0.99,-0.6259423357301301,2.8465925992909513,,543760,,2,1,Bot,,,,,,,8.296898936250654,-140.35933029628796,-4.105307873336912,-20.84526650545874,31.993371320056823,-18.332588932540574,3.120833333,1.575,,,,96.8,2357,6.5,823649,680779,687462,664040,693304,669707,668804,665833,656811,54,,,,,,,,14,1,Sinker,5,2,5,2,2,5,5,2,Standard,Standard,240,-0.003,-0.04,,,,0.04,,3,3,0.797,0.797,24,24,24,25,1,0,,,6,2,1.46,1.43,1.43,22.7,,,,,
FF,2026-03-26,98.3,0.98,5.86,"Benge, Carson",701807,682254,,ball,,,,,12,Ball,R,L,L,NYM,PIT,B,,,0,1,2026,0.41,1.62,1.1735129653884515,2.978180780721909,,,,1,5,Bot,,,,,,,-0.4570195123690163,-142.9383569224685,-5.884293895328479,5.699688554470342,39.99877711822292,-8.975944540368351,3.259498032,1.644980315,,,,98.3,2395,6.8,823649,680779,687462,664040,693304,669707,668804,665833,656811,53.67,,,,,,,,47,2,4-Seam Fastball,6,4,6,4,4,6,6,4,Standard,Standard,168,0.001,0.029,,,,-0.029,,2,2,0.795,0.795,26,23,26,23,1,2,,,3,2,0.79,0.41,0.41,61.5,,,,,
FF,2026-03-26,94,-1.2,5.85,"Baty, Brett",683146,676755,field_out,hit_into_play,,,,,2,Brett Baty flies out to left fielder Bryan Reynolds.,R,L,R,NYM,PIT,X,7,fly_ball,2,0,2026,-0.84,1.5,-0.20788878675871725,2.9078755076105436,665742,593871,673357,2,5,Bot,67.22,115.87,,,,,4.486426451482417,-136.88055786095072,-5.176950594902104,-11.520258035155011,29.417589138796018,-12.328622749594519,3.327952756,1.679527559,253,94,53,95.2,2441,6.9,823649,680779,687462,664040,693304,669707,668804,665833,656811,53.62,0.011,0.018,0,1,0,0,3,54,3,4-Seam Fastball,9,4,9,4,4,9,9,4,Standard,Standard,208,-0.016,-0.318,75.8,7.5,0.027,0.318,94.0,5,5,0.968,0.968,30,26,31,27,1,3,,,3,2,1.07,0.84,-0.84,47.2,10.30279453482781,5.793712554128489,36.45942576118438,38.54409494978195,30.544966822281665
SI,2026-03-26,97.2,-2.62,5.64,"Alvarez, Francisco",682626,694973,hit_by_pitch,hit_by_pitch,,,,,11,Francisco Alvarez hit by pitch.,R,R,R,NYM,PIT,B,,,0,1,2026,-1.42,0.55,-1.6946699552581281,2.647536166937745,,543760,,2,1,Bot,,,,,,,5.78652675262649,-141.50945664424484,-3.622650471739799,-20.471784118254455,30.013798079407863,-24.194693513353457,3.120833333,1.575,,,,97.8,2256,6.4,823649,680779,687462,664040,693304,669707,668804,665833,656811,54.08,,0.740941,0.7,1,0,0,,14,2,Sinker,5,2,5,2,2,5,5,2,Standard,Standard,236,0.008,0.155,,,,-0.155,,3,3,0.794,0.794,24,24,24,25,1,0,,,6,2,1.85,1.42,1.42,21.3,,,,,
FF,2026-03-26,97.1,0.97,5.89,"Benge, Carson",701807,682254,,foul,,,,,3,Foul,R,L,L,NYM,PIT,S,,,1,1,2026,0.09,1.66,0.520741801014734,2.812467198423062,,,,1,5,Bot,,,,,,,-1.4045071402562788,-141.20427360123006,-6.360988976416462,1.504707556925335,35.52658396246592,-8.813438950497275,3.259498032,1.644980315,114,61,65,97.7,2300,6.9,823649,680779,687462,664040,693304,669707,668804,665833,656811,53.61,,,,,,,,47,3,4-Seam Fastball,6,4,6,4,4,6,6,4,Standard,Standard,167,-0.002,-0.064,68.3,6.3,,0.064,88.0,2,2,0.796,0.796,26,23,26,23,1,2,,,3,2,0.78,0.09,0.09,61.0,1.0078431379078052,1.9377818094308514,32.091304518284325,29.700688043656363,32.81896128913306
ST,2026-03-26,85,-3.26,5.13,"Alvarez, Francisco",682626,670990,field_out,hit_into_play,,,,,5,Francisco Alvarez flies out to left fielder Bryan Reynolds.,R,R,R,NYM,PIT,X,7,fly_ball,1,1,2026,1.39,0.33,0.12043945884162088,2.367898237347862,,543760,,2,3,Bot,69.05,134.29,,,,,5.05056513164596,-123.62697122562257,-0.5313478337294675,12.879729393294022,28.425951601693956,-28.96032512041558,3.120833333,1.575,215,96.6,58,85.6,2686,7,823649,680779,687462,664040,693304,669707,668804,665833,656811,53.46,0.011,0.01,0,1,0,0,3,31,3,Sweeper,5,3,5,3,3,5,5,3,Standard,Standard,71,-0.024,-0.264,79.1,8.1,0.011,0.264,96.6,2,2,0.753,0.753,31,24,31,25,1,1,,,3,2,2.87,-1.39,-1.39,21.5,15.321591323942883,-21.96797873610298,26.665979146870583,36.738008433790995,38.085947702551366
CU,2026-03-26,87,1.14,5.83,"Benge, Carson",701807,682254,,ball,,,,,13,Ball,R,L,L,NYM,PIT,B,,,1,2,2026,-0.07,-0.82,-0.39963577336936507,0.21369876403972343,,,,1,5,Bot,,,,,,,-3.5495032663512736,-126.76138498627081,-5.4457336917211085,-0.08500992623406581,23.30799090323935,-40.22746647000791,3.259498032,1.644980315,,,,88.3,2771,6.8,823649,680779,687462,664040,693304,669707,668804,665833,656811,53.69,,,,,,,,47,4,Curveball,6,4,6,4,4,6,6,4,Standard,Standard,337,0.001,0.048,,,,-0.048,,2,2,0.794,0.794,26,23,26,23,1,2,,,3,2,3.8,-0.07,-0.07,62.5,,,,,
FF,2026-03-26,98.3,1.05,5.87,"Benge, Carson",701807,682254,,foul,,,,,2,Foul,R,L,L,NYM,PIT,S,,,2,2,2026,0.1,1.59,-0.16134382289194124,3.3512814278340275,,,,1,5,Bot,,,,,,,-3.505887777436043,-143.11341021654488,-4.967448654845677,2.194041353220311,34.69446398167723,-9.43991813311726,3.259498032,1.644980315,262,83.1,35,99.2,2367,6.9,823649,680779,687462,664040,693304,669707,668804,665833,656811,53.6,,,,,,,,47,5,4-Seam Fastball,6,4,6,4,4,6,6,4,Standard,Standard,168,0,0,61.5,4.9,,0,88.0,2,2,0.795,0.795,26,23,26,23,1,2,,,3,2,0.78,0.1,0.1,60.5,-12.89398568354607,38.97865140688039,21.561379433109504,38.537593769577036,17.680593405909832
FF,2026-03-26,97.9,0.95,5.96,"Benge, Carson",701807,682254,,ball,,,,,11,Ball,R,L,L,NYM,PIT,B,,,2,2,2026,0.25,1.4,-0.046122454725319284,5.0245516442323845,,,,1,5,Bot,,,,,,,-3.2827924110848015,-142.63599139839684,-0.20226808532454307,4.157004187836139,32.93049086149379,-13.231929101092229,3.259498032,1.644980315,,,,98.9,2218,6.8,823649,680779,687462,664040,693304,669707,668804,665833,656811,53.7,,,,,,,,47,6,4-Seam Fastball,6,4,6,4,4,6,6,4,Standard,Standard,167,0.004,0.104,,,,-0.104,,2,2,0.795,0.795,26,23,26,23,1,2,,,3,2,0.97,0.25,0.25,59.9,,,,,
FF,2026-03-26,97.5,1.08,5.81,"Benge, Carson",701807,682254,,foul,,,,,2,Foul,R,L,L,NYM,PIT,S,,,3,2,2026,0.31,1.59,0.11709944509427078,3.160742695459875,,,,1,5,Bot,,,,,,,-3.311485900355391,-141.93917470510854,-5.209268906229526,4.867640718960947,31.424901604228197,-9.711800403153765,3.259498032,1.644980315,175,70.6,58,98.8,2243,6.9,823649,680779,687462,664040,693304,669707,668804,665833,656811,53.61,,,,,,,,47,7,4-Seam Fastball,6,4,6,4,4,6,6,4,Standard,Standard,163,0,0,66.9,6.0,,0,88.0,2,2,0.799,0.799,26,23,26,23,1,2,,,3,2,0.8,0.31,0.31,65.5,-4.258535871342405,12.699399851412592,26.54058872615464,37.103677637131625,27.71535478733815
FF,2026-03-26,98,1,5.82,"Benge, Carson",701807,682254,walk,ball,,,,,12,Carson Benge walks.,R,L,L,NYM,PIT,B,,,3,2,2026,0.25,1.46,1.3108619856278123,3.3586535182920723,,,,1,5,Bot,,,,,,,0.2283936252148374,-142.6673918707791,-4.464896045861447,3.385493832321045,33.628813115314685,-11.435098971518569,3.259498032,1.644980315,,,,99,2098,6.9,823649,680779,687462,664040,693304,669707,668804,665833,656811,53.63,,0.709062,0.7,1,0,0,,47,8,4-Seam Fastball,6,4,6,4,4,6,6,4,Standard,Standard,166,0.014,0.339,,,,-0.339,,2,2,0.799,0.799,26,23,26,23,1,2,,,3,2,0.92,0.25,0.25,58.6,,,,,
