"﻿""pitch_type""",game_date,release_speed,release_pos_x,release_pos_z,player_name,batter,pitcher,events,description,spin_dir,spin_rate_deprecated,break_angle_deprecated,break_length_deprecated,zone,des,game_type,stand,p_throws,home_team,away_team,type,hit_location,bb_type,balls,strikes,game_year,pfx_x,pfx_z,plate_x,plate_z,on_3b,on_2b,on_1b,outs_when_up,inning,inning_topbot,hc_x,hc_y,tfs_deprecated,tfs_zulu_deprecated,umpire,sv_id,vx0,vy0,vz0,ax,ay,az,sz_top,sz_bot,hit_distance_sc,launch_speed,launch_angle,effective_speed,release_spin_rate,release_extension,game_pk,fielder_2,fielder_3,fielder_4,fielder_5,fielder_6,fielder_7,fielder_8,fielder_9,release_pos_y,estimated_ba_using_speedangle,estimated_woba_using_speedangle,woba_value,woba_denom,babip_value,iso_value,launch_speed_angle,at_bat_number,pitch_number,pitch_name,home_score,away_score,bat_score,fld_score,post_away_score,post_home_score,post_bat_score,post_fld_score,if_fielding_alignment,of_fielding_alignment,spin_axis,delta_home_win_exp,delta_run_exp,bat_speed,swing_length,estimated_slg_using_speedangle,delta_pitcher_run_exp,hyper_speed,home_score_diff,bat_score_diff,home_win_exp,bat_win_exp,age_pit_legacy,age_bat_legacy,age_pit,age_bat,n_thruorder_pitcher,n_priorpa_thisgame_player_at_bat,pitcher_days_since_prev_game,batter_days_since_prev_game,pitcher_days_until_next_game,batter_days_until_next_game,api_break_z_with_gravity,api_break_x_arm,api_break_x_batter_in,arm_angle,attack_angle,attack_direction,swing_path_tilt,intercept_ball_minus_batter_pos_x_inches,intercept_ball_minus_batter_pos_y_inches
SL,2026-03-28,83,-2.16,5.85,"Polanco, Jorge",593871,642701,,ball,,,,,12,Ball,R,L,R,NYM,PIT,B,,,0,0,2026,0.28,0.09,1.2181153115071797,3.3917913417615515,,,,0,9,Bot,,,,,,,7.016018304343033,-120.48729007026756,1.0362472175520716,0.9829942441792344,29.314434880034305,-31.835493447415175,3.191043307,1.610433071,,,,81.6,2434,6.1,823651,680779,656811,664040,693304,669707,668804,663968,694377,54.42,,,,,,,,70,1,Slider,0,0,0,0,0,0,0,0,Standard,Standard,85,0.007,0.041,,,,-0.041,,0,0,0.639,0.639,30,32,30,33,1,3,2,2,1,1,3.3,-0.28,0.28,33.0,,,,,
SL,2026-03-28,81.9,3.32,5.24,"Semien, Marcus",543760,682995,,called_strike,,,,,12,Called Strike,R,R,L,NYM,PIT,S,,,0,0,2026,-0.88,-0.62,0.12946217911329472,3.3502924783600205,,683146,,0,10,Bot,,,,,,,-5.336885439662381,-118.87263082553777,3.8928433847955564,-6.7915198159775185,29.7131916975111,-39.2078829018477,3.212106299,1.621062992,,,,80.2,2117,6,823651,680779,656811,664040,693304,669707,668804,663968,695257,54.52,,,,,,,,79,1,Slider,0,1,0,1,1,0,0,1,Standard,Standard,305,-0.024,-0.043,,,,0.043,,-1,-1,0.448,0.448,25,35,26,36,1,3,,2,3,1,4.13,-0.88,0.88,19.5,,,,,
SI,2026-03-28,93.3,-2.96,4.14,"Polanco, Jorge",593871,664875,,ball,,,,,11,Ball,R,L,R,NYM,PIT,B,,,0,0,2026,-2.07,0.03,-1.2130970797732838,2.7529025250785635,,,,0,7,Bot,,,,,,,9.062739178751755,-135.46855830958486,2.3759584470423527,-27.504002703861754,33.0787039941532,-32.64551901716383,3.191043307,1.610433071,,,,92.8,2315,6.4,823651,663698,656811,664040,693304,669707,668804,663968,694377,54.11,,,,,,,,53,1,Sinker,0,0,0,0,0,0,0,0,Standard,Standard,254,0.006,0.041,,,,-0.041,,0,0,0.588,0.588,31,32,32,33,1,2,2,2,2,1,2.62,2.07,-2.07,-6.5,,,,,
FF,2026-03-28,95.4,2.31,5.77,"Benge, Carson",701807,642397,,called_strike,,,,,8,Called Strike,R,L,L,NYM,PIT,S,,,0,0,2026,1.36,1.46,0.2189608264077043,2.09557239053386,,593871,673357,2,7,Bot,,,,,,,-8.559439379417164,-138.3835714312179,-7.05271825536455,19.47822823069818,36.45150404301199,-11.942346097878602,3.259498032,1.644980315,,,,94.9,2230,6.6,823651,663698,656811,664040,693304,669707,668804,663968,694377,53.93,,,,,,,,57,1,4-Seam Fastball,0,0,0,0,0,0,0,0,Standard,Standard,133,-0.011,-0.047,,,,0.047,,0,0,0.576,0.576,31,23,31,23,1,2,2,2,3,1,1.09,1.36,1.36,35.4,,,,,
FF,2026-03-28,92.2,-2,5.93,"Lindor, Francisco",596019,656605,,foul_tip,,,,,3,Foul Tip,R,L,R,NYM,PIT,S,,,0,0,2026,-0.65,1.42,0.34023393435878646,2.9525344356133703,,,,0,1,Bot,,,,,,,7.336049274525704,-134.00287531486606,-4.632496810607682,-9.546794813546791,32.988127506403124,-14.27322661059474,3.107668963,1.568356299,,,,92.1,2319,6.6,823651,663698,656811,664040,693304,669707,668804,663968,694377,53.91,,,,,,,,4,1,4-Seam Fastball,0,0,0,0,0,0,0,0,Standard,Standard,211,-0.003,-0.039,75.0,7.2,,0.039,,0,0,0.548,0.548,30,32,30,33,1,0,,2,6,1,1.3,0.65,-0.65,37.2,15.133442914411539,-6.924646549826636,35.47825829559304,29.02429757992433,34.1587310855439
FF,2026-03-28,94.4,3.13,5.54,"Semien, Marcus",543760,682995,,ball,,,,,12,Ball,R,R,L,NYM,PIT,B,,,0,1,2026,1.3,1.42,1.503004877885414,2.470709243147753,,683146,,0,10,Bot,,,,,,,-7.0536554004003875,-136.82910075773512,-4.966686312113487,17.97810440203884,43.727253778274374,-13.620232693225152,3.212106299,1.621062992,,,,91.8,2324,6,823651,680779,656811,664040,693304,669707,668804,663968,695257,54.52,,,,,,,,79,2,4-Seam Fastball,0,1,0,1,1,0,0,1,Standard,Standard,122,0.016,0.026,,,,-0.026,,-1,-1,0.424,0.424,25,35,26,36,1,3,,2,3,1,1.26,1.3,-1.3,22.5,,,,,
FF,2026-03-28,97,2.19,5.83,"Benge, Carson",701807,642397,,ball,,,,,13,Ball,R,L,L,NYM,PIT,B,,,0,1,2026,1.35,1.39,-0.9934667245252535,1.671346456711849,,593871,673357,2,7,Bot,,,,,,,-11.537080947079074,-140.3437073498966,-8.418416136303902,20.711280668071797,37.9818432253123,-11.858878918225304,3.259498032,1.644980315,,,,96.1,2277,6.5,823651,663698,656811,664040,693304,669707,668804,663968,694377,53.98,,,,,,,,57,2,4-Seam Fastball,0,0,0,0,0,0,0,0,Standard,Standard,137,0.007,0.018,,,,-0.018,,0,0,0.565,0.565,31,23,31,23,1,2,2,2,3,1,1.1,1.35,1.35,40.0,,,,,
FF,2026-03-28,91.2,-2.13,5.72,"Polanco, Jorge",593871,642701,,called_strike,,,,,3,Called Strike,R,L,R,NYM,PIT,S,,,1,0,2026,-0.72,1.55,0.35716981817485316,2.9338011214449775,,,,0,9,Bot,,,,,,,7.689961118161281,-132.27372480795418,-4.098001410638474,-10.433847944804395,36.22875452053162,-13.43913131507429,3.191043307,1.610433071,,,,89.3,2321,6,823651,680779,656811,664040,693304,669707,668804,663968,694377,54.51,,,,,,,,70,2,4-Seam Fastball,0,0,0,0,0,0,0,0,Standard,Standard,227,-0.01,-0.05,,,,0.05,,0,0,0.646,0.646,30,32,30,33,1,3,2,2,1,1,1.27,0.72,-0.72,31.3,,,,,
SI,2026-03-28,93.5,-2.87,4.05,"Polanco, Jorge",593871,664875,,swinging_strike,,,,,13,Swinging Strike,R,L,R,NYM,PIT,S,,,1,0,2026,-1.97,0.06,-1.1081767632193518,1.9359000515529314,,,,0,7,Bot,,,,,,,8.941432701007628,-135.76974751190113,0.4438707403586737,-26.311329714837623,33.98471054003339,-31.79411529885129,3.191043307,1.610433071,,,,93.3,2370,6.6,823651,663698,656811,664040,693304,669707,668804,663968,694377,53.9,,,,,,,,53,2,Sinker,0,0,0,0,0,0,0,0,Standard,Standard,251,-0.008,-0.05,37.1,5.4,,0.05,,0,0,0.594,0.594,31,32,32,33,1,2,2,2,2,1,2.59,1.97,-1.97,-4.2,-17.49071812223737,44.56709333532435,30.625998401777668,50.16869752206951,-2.809634658496509
FF,2026-03-28,93.3,-2.02,5.88,"Lindor, Francisco",596019,656605,,ball,,,,,12,Ball,R,L,R,NYM,PIT,B,,,0,1,2026,-1,1.82,0.8185119195537354,3.8784523562560684,,,,0,1,Bot,,,,,,,9.4642318023435,-135.25942475529953,-3.077335617040185,-14.724788289577486,40.455970918893605,-9.775546933728512,3.107668963,1.568356299,,,,92.1,2444,6.6,823651,663698,656811,664040,693304,669707,668804,663968,694377,53.87,,,,,,,,4,2,4-Seam Fastball,0,0,0,0,0,0,0,0,Standard,Standard,214,0.002,0.031,,,,-0.031,,0,0,0.545,0.545,30,32,30,33,1,0,,2,6,1,0.9,1,-1,35.5,,,,,
CH,2026-03-28,84.7,-2.15,5.69,"Polanco, Jorge",593871,642701,,ball,,,,,13,Ball,R,L,R,NYM,PIT,B,,,1,1,2026,-1.87,0.44,-1.0099436789935545,2.0071678048074317,,,,0,9,Bot,,,,,,,6.417839377520829,-122.9367166565149,-2.716873066845874,-20.218586997173695,30.566716611053053,-27.409284967006535,3.191043307,1.610433071,,,,83.6,2339,6.3,823651,680779,656811,664040,693304,669707,668804,663968,694377,54.23,,,,,,,,70,3,Changeup,0,0,0,0,0,0,0,0,Standard,Standard,234,0.01,0.055,,,,-0.055,,0,0,0.636,0.636,30,32,30,33,1,3,2,2,1,1,2.82,1.87,-1.87,31.3,,,,,
SL,2026-03-28,82.2,3.09,5.18,"Semien, Marcus",543760,682995,hit_by_pitch,hit_by_pitch,,,,,13,Marcus Semien hit by pitch.,R,R,L,NYM,PIT,B,,,1,1,2026,-0.75,-0.7,-2.4760941407379566,0.9864349244975674,,683146,,0,10,Bot,,,,,,,-10.874416216979835,-119.12292322321889,-1.1923587416417405,-4.746079537181924,25.92433150214926,-38.771072201442585,3.212106299,1.621062992,,,,81.1,2180,6.1,823651,680779,656811,664040,693304,669707,668804,663968,695257,54.41,,0.740941,0.7,1,0,0,,79,3,Slider,0,1,0,1,1,0,0,1,Standard,Standard,316,0.075,0.308,,,,-0.308,,-1,-1,0.44,0.44,25,35,26,36,1,3,,2,3,1,4.14,-0.75,0.75,21.6,,,,,
ST,2026-03-28,81,2.23,5.89,"Benge, Carson",701807,642397,,ball,,,,,11,Ball,R,L,L,NYM,PIT,B,,,1,1,2026,-1.15,0.26,-1.654989690067773,2.459920376854276,,593871,673357,2,7,Bot,,,,,,,-6.282867072749526,-117.46243388344065,-0.9488603257111858,-8.54088391326641,32.38105545435471,-29.920917543159362,3.259498032,1.644980315,,,,79.2,2457,6.3,823651,663698,656811,664040,693304,669707,668804,663968,694377,54.21,,,,,,,,57,3,Sweeper,0,0,0,0,0,0,0,0,Standard,Standard,335,0.008,0.03,,,,-0.03,,0,0,0.572,0.572,31,23,31,23,1,2,2,2,3,1,3.38,-1.15,-1.15,39.8,,,,,
CU,2026-03-28,78.2,-2.07,5.89,"Lindor, Francisco",596019,656605,,ball,,,,,14,Ball,R,L,R,NYM,PIT,B,,,1,1,2026,1.44,-1.26,0.6478638339380542,-0.5319043502475012,,,,0,1,Bot,,,,,,,3.0540048986174426,-113.43796099685433,-3.874821653094136,11.12533182940691,31.407337295564282,-41.840557175319354,3.107668963,1.568356299,,,,76.7,2759,6.6,823651,663698,656811,664040,693304,669707,668804,663968,694377,53.9,,,,,,,,4,3,Curveball,0,0,0,0,0,0,0,0,Standard,Standard,40,0.004,0.055,,,,-0.055,,0,0,0.547,0.547,30,32,30,33,1,0,,2,6,1,5.17,-1.44,1.44,39.3,,,,,
SI,2026-03-28,93.8,-2.83,4.18,"Polanco, Jorge",593871,664875,,ball,,,,,11,Ball,R,L,R,NYM,PIT,B,,,1,1,2026,-1.83,0.08,-0.9944872378881204,3.496468843504647,,,,0,7,Bot,,,,,,,8.806201815795852,-136.10578207859814,4.035382089445405,-24.679271771956174,33.47522670739708,-32.5174459280683,3.191043307,1.610433071,,,,93.4,2343,6.5,823651,663698,656811,664040,693304,669707,668804,663968,694377,54,,,,,,,,53,3,Sinker,0,0,0,0,0,0,0,0,Standard,Standard,249,0.008,0.055,,,,-0.055,,0,0,0.586,0.586,31,32,32,33,1,2,2,2,2,1,2.55,1.83,-1.83,-1.8,,,,,
ST,2026-03-28,81.6,-2.91,4.29,"Polanco, Jorge",593871,664875,,called_strike,,,,,8,Called Strike,R,L,R,NYM,PIT,S,,,2,1,2026,1.21,0.6,0.11817950323755533,1.7739817848162072,,,,0,7,Bot,,,,,,,4.3494125449112895,-118.63893437455566,0.1425447267411063,10.054607324289785,29.452820141536126,-26.931698974591733,3.191043307,1.610433071,,,,80.4,2930,6.2,823651,663698,656811,664040,693304,669707,668804,663968,694377,54.28,,,,,,,,53,4,Sweeper,0,0,0,0,0,0,0,0,Standard,Standard,73,-0.012,-0.073,,,,0.073,,0,0,0.594,0.594,31,32,32,33,1,2,2,2,2,1,2.91,-1.21,1.21,4.2,,,,,
FF,2026-03-28,92.5,-1.98,5.82,"Lindor, Francisco",596019,656605,,ball,,,,,14,Ball,R,L,R,NYM,PIT,B,,,2,1,2026,-0.87,1.58,1.5831174954102405,1.7273028582373111,,,,0,1,Bot,,,,,,,10.930324350456733,-133.9527551097353,-7.809362123254171,-13.101260049252774,32.77188408818224,-11.553009088496163,3.107668963,1.568356299,,,,92.2,2240,6.7,823651,663698,656811,664040,693304,669707,668804,663968,694377,53.85,,,,,,,,4,4,4-Seam Fastball,0,0,0,0,0,0,0,0,Standard,Standard,215,0.011,0.134,,,,-0.134,,0,0,0.551,0.551,30,32,30,33,1,0,,2,6,1,1.14,0.87,-0.87,37.8,,,,,
FF,2026-03-28,92.2,-2.16,5.74,"Polanco, Jorge",593871,642701,,foul,,,,,1,Foul,R,L,R,NYM,PIT,S,,,2,1,2026,-1.12,1.38,-0.6467622859780677,3.208386997190366,,,,0,9,Bot,,,,,,,6.217699885506423,-133.78462713293243,-3.2438360545675367,-14.844889028316716,38.320923953147165,-15.362114688887011,3.191043307,1.610433071,188,71.8,43,90.3,2311,6,823651,680779,656811,664040,693304,669707,668804,663968,694377,54.46,,,,,,,,70,4,4-Seam Fastball,0,0,0,0,0,0,0,0,Standard,Standard,220,-0.016,-0.073,68.3,6.4,,0.073,88.0,0,0,0.646,0.646,30,32,30,33,1,3,2,2,1,1,1.39,1.12,-1.12,31.5,-2.8105797893072664,15.99356565844609,23.086798099558603,45.043288970303664,15.05487588194425
SL,2026-03-28,81.6,3.25,5.21,"Vientos, Mark",668901,682995,,ball,,,,,14,Ball,R,R,L,NYM,PIT,B,,,0,0,2026,-0.93,-0.56,0.020630318282325644,1.3782204046275464,,683146,543760,0,10,Bot,,,,,,,-5.314974136946689,-118.64102309237965,-0.6538335802436858,-7.604467943708696,24.70953918441312,-37.49710801175644,3.340239501,1.685728347,,,,80.8,2201,6,823651,680779,656811,664040,693304,669707,668804,663968,695257,54.5,,,,,,,,80,1,Slider,0,1,0,1,1,0,0,1,Standard,Standard,309,0.021,0.045,,,,-0.045,,-1,-1,0.515,0.515,25,26,26,27,1,0,,,3,3,4.01,-0.93,0.93,21.2,,,,,
SI,2026-03-28,96.3,2.41,5.72,"Benge, Carson",701807,642397,,called_strike,,,,,4,Called Strike,R,L,L,NYM,PIT,S,,,2,1,2026,1.65,0.75,-0.3049086607005147,2.21640787896779,,593871,673357,2,7,Bot,,,,,,,-10.939851627077546,-139.44195865573283,-4.994767378201263,24.26823432288248,42.194785473737554,-21.31064588097614,3.259498032,1.644980315,,,,94.9,2206,6.6,823651,663698,656811,664040,693304,669707,668804,663968,694377,53.93,,,,,,,,57,4,Sinker,0,0,0,0,0,0,0,0,Standard,Standard,132,-0.015,-0.08,,,,0.08,,0,0,0.58,0.58,31,23,31,23,1,2,2,2,3,1,1.8,1.65,1.65,34.4,,,,,
FF,2026-03-28,96.4,2.11,5.79,"Benge, Carson",701807,642397,,foul,,,,,8,Foul,R,L,L,NYM,PIT,S,,,2,2,2026,1.13,1.26,-0.08811451190649255,2.0508668794925597,,593871,673357,2,7,Bot,,,,,,,-8.38557818611089,-139.71784090044673,-6.877841231068103,16.896192382896427,39.9938102293107,-14.191154855165966,3.259498032,1.644980315,199,71.1,27,95.4,2259,6.6,823651,663698,656811,664040,693304,669707,668804,663968,694377,53.93,,,,,,,,57,5,4-Seam Fastball,0,0,0,0,0,0,0,0,Standard,Strategic,140,0,0,62.2,6.1,,0,88.0,0,0,0.565,0.565,31,23,31,23,1,2,2,2,3,1,1.26,1.13,1.13,41.5,-15.998048209258352,23.458650023306063,34.66650337167155,41.489171961506194,18.803742706727924
SL,2026-03-28,82.4,-2.14,5.73,"Polanco, Jorge",593871,642701,,ball,,,,,14,Ball,R,L,R,NYM,PIT,B,,,2,2,2026,-0.04,0.05,1.2513658184375953,0.8864519466781826,,,,0,9,Bot,,,,,,,7.654270591759732,-119.58262232849032,-4.136016257285803,-2.1584882408308363,27.851443267562228,-31.00332576112549,3.191043307,1.610433071,,,,81.5,2373,6.3,823651,680779,656811,664040,693304,669707,668804,663968,694377,54.19,,,,,,,,70,5,Slider,0,0,0,0,0,0,0,0,Standard,Standard,101,0.02,0.112,,,,-0.112,,0,0,0.63,0.63,30,32,30,33,1,3,2,2,1,1,3.39,0.04,-0.04,32.4,,,,,
ST,2026-03-28,81.9,-2.93,4.44,"Polanco, Jorge",593871,664875,,ball,,,,,14,Ball,R,L,R,NYM,PIT,B,,,2,2,2026,1.62,0.71,2.2496197880866258,2.1010802491635947,,,,0,7,Bot,,,,,,,8.295636600614136,-118.58478525066658,0.4833562147217543,12.288765721423667,34.5897697864416,-26.181051194947973,3.191043307,1.610433071,,,,79.9,2996,6.4,823651,663698,656811,664040,693304,669707,668804,663968,694377,54.08,,,,,,,,53,5,Sweeper,0,0,0,0,0,0,0,0,Infield shade,Standard,71,0.014,0.112,,,,-0.112,,0,0,0.582,0.582,31,32,32,33,1,2,2,2,2,1,2.87,-1.62,1.62,4.8,,,,,
FF,2026-03-28,93.2,-2.05,5.76,"Lindor, Francisco",596019,656605,,foul,,,,,14,Foul,R,L,R,NYM,PIT,S,,,3,1,2026,-1.01,1.35,0.9685783259784464,1.4296226266983,,,,0,1,Bot,,,,,,,9.926558790325084,-135.02821492672575,-8.067302245324617,-14.626493482579942,32.519347566933455,-13.92772630096929,3.107668963,1.568356299,4,81.8,-21,92.9,2421,6.6,823651,663698,656811,664040,693304,669707,668804,663968,694377,53.89,,,,,,,,4,5,4-Seam Fastball,0,0,0,0,0,0,0,0,Standard,Standard,213,-0.009,-0.094,73.4,7.9,,0.094,88.0,0,0,0.562,0.562,30,32,30,33,1,0,,2,6,1,1.32,1.01,-1.01,35.5,19.579728996585782,-17.566688454680857,43.70563190433652,22.373581468417473,36.36664837511327
SL,2026-03-28,83.3,3.24,5.13,"Vientos, Mark",668901,682995,,called_strike,,,,,4,Called Strike,R,R,L,NYM,PIT,S,,,1,0,2026,-0.72,-0.33,-0.3736731224735734,2.410279925341404,,683146,543760,0,10,Bot,,,,,,,-6.715460161401023,-121.10597330926946,1.0631044142622093,-5.770733606264961,24.131017357832633,-35.836935162385565,3.340239501,1.685728347,,,,82.8,2147,6.1,823651,680779,656811,664040,693304,669707,668804,663968,695257,54.45,,,,,,,,80,2,Slider,0,1,0,1,1,0,0,1,Standard,Standard,313,-0.03,-0.07,,,,0.07,,-1,-1,0.536,0.536,25,26,26,27,1,0,,,3,3,3.62,-0.72,0.72,19.2,,,,,
SL,2026-03-28,83.4,-2.2,5.73,"Polanco, Jorge",593871,642701,walk,ball,,,,,14,Jorge Polanco walks.,R,L,R,NYM,PIT,B,,,3,2,2026,0.04,0.12,1.574259601511435,1.5992422666161077,,,,0,9,Bot,,,,,,,8.421189343389665,-121.10764590115303,-2.9065507099974193,-1.5768282430107723,28.0874993659106,-30.535327401995644,3.191043307,1.610433071,,,,82.3,2358,6.1,823651,680779,656811,664040,693304,669707,668804,663968,694377,54.43,,0.709062,0.7,1,0,0,,70,6,Slider,0,0,0,0,0,0,0,0,Standard,Standard,100,0.06,0.356,,,,-0.356,,0,0,0.65,0.65,30,32,30,33,1,3,2,2,1,1,3.22,-0.04,0.04,33.9,,,,,
FF,2026-03-28,97.6,2.2,5.82,"Benge, Carson",701807,642397,,foul,,,,,5,Foul,R,L,L,NYM,PIT,S,,,2,2,2026,1.02,1.24,-0.2003062859279161,2.170680572434699,,593871,673357,2,7,Bot,,,,,,,-8.794261157877568,-141.5923229451468,-6.862351857805739,15.982693759485446,39.64772077292322,-14.107476571422804,3.259498032,1.644980315,206,77.8,48,96.9,2223,6.6,823651,663698,656811,664040,693304,669707,668804,663968,694377,53.9,,,,,,,,57,6,4-Seam Fastball,0,0,0,0,0,0,0,0,Standard,Strategic,138,0,0,68.8,6.4,,0,88.0,0,0,0.565,0.565,31,23,31,23,1,2,2,2,3,1,1.22,1.02,1.02,37.8,-9.239300176015991,12.722228420937638,31.76557207823738,39.65424208216718,27.523798170210924
FF,2026-03-28,93.4,-2,5.81,"Lindor, Francisco",596019,656605,field_out,hit_into_play,,,,,1,Francisco Lindor flies out sharply to center fielder Jake Mangum.,R,L,R,NYM,PIT,X,8,fly_ball,3,2,2026,-0.94,1.7,-0.2909312709280716,2.8530495328078027,,,,0,1,Bot,153.82,51.38,,,,,6.447393698475558,-135.5526557458467,-5.305418117848835,-13.128496549980868,37.46652335789851,-10.414748636755053,3.107668963,1.568356299,371,100.5,39,92.3,2248,6.4,823651,663698,656811,664040,693304,669707,668804,663968,694377,54.1,0.163,0.303,0,1,0,0,5,4,6,4-Seam Fastball,0,0,0,0,0,0,0,0,Infield shade,Standard,217,-0.027,-0.345,74.2,7.5,0.6,0.345,100.5,0,0,0.553,0.553,30,32,30,33,1,0,,2,6,1,0.99,0.94,-0.94,36.8,18.61434293250297,-9.306009436273246,30.706237240673822,36.286411947650464,33.37899083543039
ST,2026-03-28,82.2,-3.05,4.26,"Polanco, Jorge",593871,664875,,foul,,,,,6,Foul,R,L,R,NYM,PIT,S,,,3,2,2026,1.74,0.93,0.6486797920289058,2.450187263620033,,,,0,7,Bot,,,,,,,4.808398569236624,-119.36615809212121,1.062254951375163,14.792199872282755,32.642831956002155,-24.1574340073566,3.191043307,1.610433071,254,92.2,50,80.7,3002,6.4,823651,663698,656811,664040,693304,669707,668804,663968,694377,54.12,,,,,,,,53,6,Sweeper,0,0,0,0,0,0,0,0,Infield shade,Standard,72,0,0,72.0,8.2,,0,92.2,0,0,0.596,0.596,31,32,32,33,1,2,2,2,2,1,2.58,-1.74,1.74,3.7,20.655970838696124,-33.188769841615866,29.814484244200067,32.82174420791852,43.184646129807966
FF,2026-03-28,94.5,3.16,5.43,"Vientos, Mark",668901,682995,,foul,,,,,4,Foul,R,R,L,NYM,PIT,S,,,1,1,2026,1.35,1.05,-0.3324777889964696,2.375209571707466,,683146,543760,0,10,Bot,,,,,,,-11.94545796214891,-136.84325304562506,-4.224723432702381,19.956879514291,37.92989355602389,-18.299282604717924,3.340239501,1.685728347,194,71.3,25,92.7,2375,6.1,823651,680779,656811,664040,693304,669707,668804,663968,695257,54.4,,,,,,,,80,3,4-Seam Fastball,0,1,0,1,1,0,0,1,Standard,Standard,120,-0.043,-0.065,68.4,6.8,,0.065,88.0,-1,-1,0.506,0.506,25,26,26,27,1,0,,,3,3,1.59,1.35,-1.35,21.2,1.0858072032172297,8.18249216050739,39.62887013824211,31.46004302307637,22.272357393975973
SI,2026-03-28,91.5,-2.07,5.85,"Soto, Juan",665742,656605,,ball,,,,,4,Ball,R,L,R,NYM,PIT,B,,,0,0,2026,-1.85,0.63,-0.752790817104771,2.5402552486760577,,,,1,1,Bot,,,,,,,7.366857367347735,-132.83011635362223,-3.539766881457555,-23.425936014662195,33.01419199661746,-24.13790439536396,3.259498032,1.644980315,,,,91.2,2369,6.6,823651,663698,656811,664040,693304,669707,668804,663968,694377,53.89,,,,,,,,5,1,Sinker,0,0,0,0,0,0,0,0,Standard,Standard,219,0.003,0.039,,,,-0.039,,0,0,0.526,0.526,30,27,30,28,1,0,,2,6,1,2.14,1.85,-1.85,35.5,,,,,
FS,2026-03-28,84.1,3.01,5.17,"Vientos, Mark",668901,682995,,ball,,,,,14,Ball,R,R,L,NYM,PIT,B,,,1,2,2026,0.49,-0.04,1.2001805453005987,1.413015733488237,,683146,543760,0,10,Bot,,,,,,,-5.111504365879856,-122.18855721399025,-1.799892765405533,6.060988223421326,31.090683170485946,-32.41683634213526,3.340239501,1.685728347,,,,82.9,677,6.3,823651,680779,656811,664040,693304,669707,668804,663968,695257,54.25,,,,,,,,80,4,Split-Finger,0,1,0,1,1,0,0,1,Standard,Standard,89,0.026,0.058,,,,-0.058,,-1,-1,0.463,0.463,25,26,26,27,1,0,,,3,3,3.36,0.49,-0.49,22.8,,,,,
SI,2026-03-28,93.9,-2.9,4.23,"Polanco, Jorge",593871,664875,walk,ball,,,,,11,Jorge Polanco walks.,R,L,R,NYM,PIT,B,,,3,2,2026,-1.42,0,-0.9757166887572111,3.35302341743582,,,,0,7,Bot,,,,,,,8.135192641705437,-136.2114350432606,3.7519781768283,-19.5252285623515,35.95280267387885,-33.45609676046475,3.191043307,1.610433071,,,,93.2,2394,6.5,823651,663698,656811,664040,693304,669707,668804,663968,694377,53.99,,0.709062,0.7,1,0,0,,53,7,Sinker,0,0,0,0,0,0,0,0,Infield shade,Standard,245,0.048,0.356,,,,-0.356,,0,0,0.596,0.596,31,32,32,33,1,2,2,2,2,1,2.64,1.42,-1.42,-3.7,,,,,
FF,2026-03-28,97,2.19,5.87,"Benge, Carson",701807,642397,strikeout,swinging_strike,,,,,12,Carson Benge strikes out swinging.,R,L,L,NYM,PIT,S,2,,2,2,2026,1.21,1.46,1.317327180653205,3.526841834096145,,593871,673357,2,7,Bot,,,,,,,-5.1260868829137225,-140.90777805274678,-3.795554623719487,17.27611854123739,39.66716955643809,-12.291699139649443,3.259498032,1.644980315,,,,96.1,2200,6.4,823651,663698,656811,664040,693304,669707,668804,663968,694377,54.1,,0,0,1,0,0,,57,7,4-Seam Fastball,0,0,0,0,0,0,0,0,Standard,Strategic,139,-0.065,-0.203,58.4,4.4,,0.203,,0,0,0.565,0.565,31,23,31,23,1,2,2,2,3,1,1.02,1.21,1.21,36.0,-14.947099775524272,37.77325018741247,27.74042188034206,20.933630001243053,22.72958269710336
SL,2026-03-28,82.6,-1.91,5.66,"Robert Jr., Luis",673357,642701,,foul,,,,,5,Foul,R,R,R,NYM,PIT,S,,,0,0,2026,0.07,0.23,-0.0781772402991959,2.2335542999263605,,,593871,0,9,Bot,,,,,,,3.980587403258706,-120.08944575246353,-1.4181860595898041,-0.23578455197656278,26.907827568924056,-29.928774549077968,3.310400263,1.670669291,225,101.9,16,82,2372,6.3,823651,680779,656811,664040,693304,669707,668804,663968,694377,54.24,,,,,,,,71,1,Slider,0,0,0,0,0,0,0,0,Standard,Standard,131,-0.011,-0.043,76.9,8.5,,0.043,101.9,0,0,0.71,0.71,30,28,30,29,1,3,2,2,1,1,3.16,-0.07,-0.07,32.4,22.70190506060813,-20.3721992907219,39.535802650659996,37.338441891648294,39.00866635791815
SI,2026-03-28,91.6,-2.02,5.66,"Robert Jr., Luis",673357,642701,,swinging_strike,,,,,11,Swinging Strike,R,R,R,NYM,PIT,S,,,0,1,2026,-1.86,1.01,-1.6090169538489951,3.0967890082868745,,,593871,0,9,Bot,,,,,,,5.085201625908855,-133.05712604868143,-2.421192721810165,-22.968066563360427,37.34447743043425,-20.08134688922125,3.310400263,1.670669291,,,,90,2317,6.1,823651,680779,656811,664040,693304,669707,668804,663968,694377,54.4,,,,,,,,71,2,Sinker,0,0,0,0,0,0,0,0,Standard,Standard,220,-0.019,-0.053,35.3,5.2,,0.053,,0,0,0.699,0.699,30,28,30,29,1,3,2,2,1,1,1.79,1.86,1.86,28.5,-17.702273154429246,29.923632550521567,42.38369564430217,18.66166436298828,11.231835369072451
SI,2026-03-28,92.4,-2.04,5.85,"Soto, Juan",665742,656605,,called_strike,,,,,8,Called Strike,R,L,R,NYM,PIT,S,,,1,0,2026,-1.91,0.69,-0.03916071182834302,2.0281247903870137,,,,1,1,Bot,,,,,,,9.3273835707042,-133.98872427880693,-5.082515694752613,-25.117571669739444,35.79275021128452,-22.80649400350033,3.259498032,1.644980315,,,,91.8,2357,6.7,823651,663698,656811,664040,693304,669707,668804,663968,694377,53.85,,,,,,,,5,2,Sinker,0,0,0,0,0,0,0,0,Standard,Standard,213,-0.004,-0.049,,,,0.049,,0,0,0.529,0.529,30,27,30,28,1,0,,2,6,1,2.05,1.91,-1.91,36.7,,,,,
CH,2026-03-28,86.7,3.06,5.28,"Vientos, Mark",668901,682995,single,hit_into_play,,,,,4,Mark Vientos singles on a ground ball to left fielder Bryan Reynolds. Brett Baty to 3rd. Marcus Semien to 2nd.,R,R,L,NYM,PIT,X,7,ground_ball,2,2,2026,1.11,0.14,-0.3003662273646539,2.2847114003329345,,683146,543760,0,10,Bot,89.99,114.18,,,,,-10.157668106652558,-125.6381856606032,-0.8617461050702865,14.075415540680362,31.266990918242975,-30.729789005494872,3.340239501,1.685728347,30,99.4,-3,85.3,1643,6.1,823651,680779,656811,664040,693304,669707,668804,663968,695257,54.36,0.317,0.29,0.9,1,1,0,2,80,5,Changeup,0,1,0,1,1,0,0,1,Standard,Standard,95,0.241,0.52,73.3,7.2,0.361,-0.52,99.4,-1,-1,0.489,0.489,25,26,26,27,1,0,,,3,3,2.97,1.11,-1.11,24.7,11.07715813022727,2.106451200480163,36.82509812856613,31.742842811456384,30.558770960098354
SI,2026-03-28,96,2.27,5.65,"Alvarez, Francisco",682626,642397,,ball,,,,,13,Ball,R,R,L,NYM,PIT,B,,,0,0,2026,1.49,0.72,-0.6843911751596086,0.8802725060509793,,,,0,8,Bot,,,,,,,-11.163498436633608,-139.2569713383516,-8.435761240435589,21.862019143649068,29.72111688669451,-20.997728306579223,3.120833333,1.575,,,,96.3,2155,6.5,823651,663698,656811,664040,693304,669707,668804,663968,694377,53.99,,,,,,,,61,1,Sinker,0,0,0,0,0,0,0,0,Standard,Standard,132,0.006,0.041,,,,-0.041,,0,0,0.608,0.608,31,24,31,25,1,2,2,2,3,2,1.76,1.49,-1.49,34.0,,,,,
SI,2026-03-28,92.9,-2.81,4.26,"Robert Jr., Luis",673357,664875,,ball,,,,,11,Ball,R,R,R,NYM,PIT,B,,,0,0,2026,-1.48,0.31,-1.1827687142775947,3.4136234658665785,,,593871,0,7,Bot,,,,,,,7.443268751964085,-134.9819303695849,3.1663702604846753,-19.762982156866546,33.91171341736744,-29.447281567036423,3.310400263,1.670669291,,,,92.6,2369,6.5,823651,663698,656811,664040,693304,669707,668804,663968,694377,53.97,,,,,,,,54,1,Sinker,0,0,0,0,0,0,0,0,Standard,Standard,246,0.008,0.04,,,,-0.04,,0,0,0.644,0.644,31,28,32,29,1,2,2,2,2,1,2.37,1.48,1.48,-0.2,,,,,
SL,2026-03-28,83.3,-1.98,5.64,"Robert Jr., Luis",673357,642701,,ball,,,,,14,Ball,R,R,R,NYM,PIT,B,,,0,2,2026,-0.1,0.33,1.301248118695349,0.8203389951339553,,,593871,0,9,Bot,,,,,,,7.611078799378002,-120.91599000738279,-4.895129038610152,-2.6724436161531693,27.09421507870438,-28.041324161035433,3.310400263,1.670669291,,,,82.5,2274,6.3,823651,680779,656811,664040,693304,669707,668804,663968,694377,54.23,,,,,,,,71,3,Slider,0,0,0,0,0,0,0,0,Standard,Standard,148,0.008,0.017,,,,-0.017,,0,0,0.68,0.68,30,28,30,29,1,3,2,2,1,1,3.01,0.1,0.1,33.0,,,,,
SI,2026-03-28,91.5,-2.77,4.2,"Robert Jr., Luis",673357,664875,,called_strike,,,,,3,Called Strike,R,R,R,NYM,PIT,S,,,1,0,2026,-1.71,0.17,0.3561010627975354,3.2590372356946875,,,593871,0,7,Bot,,,,,,,11.581647952269526,-132.53668425236378,3.435229102164975,-22.709756991757203,31.538973119802854,-31.354175829090803,3.310400263,1.670669291,,,,91.5,2311,6.8,823651,663698,656811,664040,693304,669707,668804,663968,694377,53.72,,,,,,,,54,2,Sinker,0,0,0,0,0,0,0,0,Standard,Standard,252,-0.011,-0.048,,,,0.048,,0,0,0.652,0.652,31,28,32,29,1,2,2,2,2,1,2.61,1.71,1.71,1.7,,,,,
SL,2026-03-28,80.6,2.17,5.82,"Alvarez, Francisco",682626,642397,,ball,,,,,13,Ball,R,R,L,NYM,PIT,B,,,1,0,2026,-0.6,0.21,-1.1181104171113654,1.5475992697936718,,,,0,8,Bot,,,,,,,-6.04206576686999,-117.27921858592616,-3.0256695819705066,-4.46234384142884,21.46442968506424,-29.82888940163286,3.120833333,1.575,,,,80.7,2490,6.3,823651,663698,656811,664040,693304,669707,668804,663968,694377,54.22,,,,,,,,61,2,Slider,0,0,0,0,0,0,0,0,Standard,Standard,295,0.013,0.077,,,,-0.077,,0,0,0.614,0.614,31,24,31,25,1,2,2,2,3,2,3.28,-0.6,0.6,37.1,,,,,
CU,2026-03-28,78.2,-1.89,5.94,"Soto, Juan",665742,656605,,foul,,,,,8,Foul,R,L,R,NYM,PIT,S,,,1,1,2026,1.25,-1.34,0.26737753791754826,1.6094570467441445,,,,1,1,Bot,,,,,,,2.222773289440126,-113.46968483620701,0.7279807064736168,9.77590449388192,30.989938892979985,-43.87175238784339,3.259498032,1.644980315,4,54.2,-25,76.7,2758,6.5,823651,663698,656811,664040,693304,669707,668804,663968,694377,53.98,,,,,,,,5,3,Curveball,0,0,0,0,0,0,0,0,Standard,Standard,39,-0.004,-0.064,71.1,8.2,,0.064,88.0,0,0,0.525,0.525,30,27,30,28,1,0,,2,6,1,5.25,-1.25,1.25,42.4,31.872924742624708,-18.291978263202683,29.065780282492163,37.25205491416416,38.70758333626246
CH,2026-03-28,86,3.26,5.3,"Torrens, Luis",620443,682995,,ball,,,,,12,Ball,R,R,L,NYM,PIT,B,,,0,0,2026,1.6,0.52,1.6770339923725897,2.532104144540601,683146,543760,676724,0,10,Bot,,,,,,,-6.985896945932784,-124.80026912780684,-0.9625337941757077,18.146050159304444,33.04487688260585,-26.90914579920813,3.178756562,1.604232283,,,,84.7,1909,6.3,823651,680779,656811,664040,693304,669707,668804,663968,695257,54.2,,,,,,,,81,1,Changeup,0,1,0,1,1,0,0,1,Standard,Strategic,102,0.02,0.021,,,,-0.021,,-1,-1,0.73,0.73,25,30,26,30,1,0,,,3,1,2.66,1.6,-1.6,21.7,,,,,
CH,2026-03-28,89.5,-2.05,5.99,"Soto, Juan",665742,656605,field_out,hit_into_play,,,,,13,"Juan Soto grounds out, shortstop Jared Triolo to first baseman Ryan O'Hearn.",R,L,R,NYM,PIT,X,6,ground_ball,1,2,2026,-1.6,0.11,-0.6634357891041478,1.5016796440930436,,,,1,1,Bot,132.05,148.14,,,,,6.827895179007574,-129.93334361805336,-4.944566903795399,-19.53229693158039,31.14660355244246,-29.99624949177963,3.259498032,1.644980315,2,83.2,-43,89.2,1390,6.5,823651,663698,656811,664040,693304,669707,668804,663968,694377,53.96,0.08,0.072,0,1,0,0,2,5,4,Changeup,0,0,0,0,0,0,0,0,Infield shade,Standard,232,-0.011,-0.18,70.1,7.1,0.082,0.18,88.0,0,0,0.521,0.521,30,27,30,28,1,0,,2,6,1,2.79,1.6,-1.6,38.1,10.44120390755168,13.509845606795762,24.48210623264768,46.72383278706182,17.54597746996125
FF,2026-03-28,93.3,3.23,5.37,"Torrens, Luis",620443,682995,single,hit_into_play,,,,,6,Luis Torrens singles on a sharp line drive to left fielder Bryan Reynolds. Brett Baty scores. Marcus Semien to 3rd. Jared Young to 2nd.,R,R,L,NYM,PIT,X,7,line_drive,1,0,2026,1.24,1.25,0.2927149884403615,2.5568790388780966,683146,543760,676724,0,10,Bot,71.26,105.82,,,,,-10.15134915879128,-134.9674113175934,-3.687471413892112,17.861408009631877,44.242273919710186,-16.576460865486954,3.178756562,1.604232283,218,101.8,13,90.6,2274,6.2,823651,680779,656811,664040,693304,669707,668804,663968,695257,54.33,0.903,0.892,0.9,1,1,0,4,81,2,4-Seam Fastball,0,1,0,1,1,1,1,1,Standard,Strategic,125,0.178,0.406,76.7,7.9,1.169,-0.406,101.8,-1,-1,0.75,0.75,25,30,26,30,1,0,,,3,1,1.52,1.24,-1.24,21.7,19.153758954342635,-6.64628811165696,31.387213279325824,41.50402728643817,32.44822259025777
SI,2026-03-28,95.5,2.34,5.67,"Alvarez, Francisco",682626,642397,,ball,,,,,13,Ball,R,R,L,NYM,PIT,B,,,2,0,2026,1.61,0.47,-1.2247379673911247,1.9191610655719327,,,,0,8,Bot,,,,,,,-12.94901159756763,-138.41717231045953,-5.050990125802778,23.617923739177673,31.832726815892254,-25.115642512216485,3.120833333,1.575,,,,95.4,2246,6.5,823651,663698,656811,664040,693304,669707,668804,663968,694377,53.98,,,,,,,,61,3,Sinker,0,0,0,0,0,0,0,0,Standard,Standard,131,0.018,0.152,,,,-0.152,,0,0,0.627,0.627,31,24,31,25,1,2,2,2,3,2,2.06,1.61,-1.61,30.7,,,,,
SL,2026-03-28,83.7,-2.1,5.64,"Robert Jr., Luis",673357,642701,,ball,,,,,13,Ball,R,R,R,NYM,PIT,B,,,1,2,2026,-0.01,0.44,-0.26458993272786885,0.7765350106482232,,,593871,0,9,Bot,,,,,,,4.190248219203393,-121.77658882868003,-5.339156624385666,-1.0008379789432322,26.53602536272492,-26.90250638932347,3.310400263,1.670669291,,,,83.2,2313,6.2,823651,680779,656811,664040,693304,669707,668804,663968,694377,54.31,,,,,,,,71,4,Slider,0,0,0,0,0,0,0,0,Standard,Standard,179,0.011,0.036,,,,-0.036,,0,0,0.688,0.688,30,28,30,29,1,3,2,2,1,1,2.84,0.01,0.01,32.3,,,,,
ST,2026-03-28,81.8,-3.08,4.31,"Robert Jr., Luis",673357,664875,,ball,,,,,14,Ball,R,R,R,NYM,PIT,B,,,1,1,2026,1.71,0.8,1.517985532853735,1.8715165231138564,,,593871,0,7,Bot,,,,,,,6.858974386016369,-118.73411141079144,-0.04544772410510489,14.040358135784341,30.474071989006276,-25.086057582025646,3.310400263,1.670669291,,,,80.8,2927,6.5,823651,663698,656811,664040,693304,669707,668804,663968,694377,53.98,,,,,,,,54,3,Sweeper,0,0,0,0,0,0,0,0,Standard,Standard,73,0.011,0.044,,,,-0.044,,0,0,0.641,0.641,31,28,32,29,1,2,2,2,2,1,2.72,-1.71,-1.71,5.0,,,,,
CH,2026-03-28,86.4,3.07,5.4,"Lindor, Francisco",596019,682995,,ball,,,,,12,Ball,R,R,L,NYM,PIT,B,,,0,0,2026,1.63,0.34,1.4498693789818444,2.346563328617241,543760,676724,620443,0,10,Bot,,,,,,,-7.190277196818008,-125.40961837774384,-1.321363402754871,18.725754873110645,33.81829045609886,-28.588143280688982,3.107668963,1.568356299,,,,85,2035,6.3,823651,680779,656811,664040,693304,669707,668804,663968,695257,54.18,,,,,,,,82,1,Changeup,1,1,1,1,1,1,1,1,Strategic,Strategic,107,0.007,0.021,,,,-0.021,,0,0,0.928,0.928,25,32,26,33,1,4,,2,3,1,2.81,1.63,-1.63,24.9,,,,,
FF,2026-03-28,96.6,2.16,5.69,"Alvarez, Francisco",682626,642397,walk,ball,,,,,11,Francisco Alvarez walks.,R,R,L,NYM,PIT,B,,,3,0,2026,0.85,1.39,-0.7495802886647036,3.3025526192208137,,,,0,8,Bot,,,,,,,-9.641685600135213,-140.13702956715488,-3.722059580852426,13.626674192024106,37.17362632305528,-13.275968409270206,3.120833333,1.575,,,,96,2225,6.5,823651,663698,656811,664040,693304,669707,668804,663968,694377,53.97,,0.709062,0.7,1,0,0,,61,4,4-Seam Fastball,0,0,0,0,0,0,0,0,Standard,Standard,135,0.025,0.171,,,,-0.171,,0,0,0.645,0.645,31,24,31,25,1,2,2,2,3,2,1.1,0.85,-0.85,35.5,,,,,
SL,2026-03-28,83.3,-1.93,5.66,"Robert Jr., Luis",673357,642701,,ball,,,,,14,Ball,R,R,R,NYM,PIT,B,,,2,2,2026,0.15,0.18,0.7547238462763851,0.9571511299423303,,,593871,0,9,Bot,,,,,,,5.779239740867533,-121.09619354824363,-4.3297023412710365,0.18381370398286964,27.039196379289187,-29.727244128667294,3.310400263,1.670669291,,,,82.8,2338,6.3,823651,680779,656811,664040,693304,669707,668804,663968,694377,54.19,,,,,,,,71,5,Slider,0,0,0,0,0,0,0,0,Standard,Standard,193,0.026,0.113,,,,-0.113,,0,0,0.699,0.699,30,28,30,29,1,3,2,2,1,1,3.15,-0.15,-0.15,31.8,,,,,
SI,2026-03-28,92.3,-2,5.84,"Bichette, Bo",666182,656605,,foul,,,,,4,Foul,R,R,R,NYM,PIT,S,,,0,0,2026,-1.65,0.65,-0.7878429060963192,2.1093574429143107,,,,2,1,Bot,,,,,,,6.7143960806878615,-134.11627287196077,-4.834064453870401,-21.346776710821768,32.60701068763955,-23.381544769934564,3.162081693,1.595816929,116,69.9,68,92.1,2301,6.6,823651,663698,656811,664040,693304,669707,668804,663968,694377,53.94,,,,,,,,6,1,Sinker,0,0,0,0,0,0,0,0,Standard,Standard,217,-0.002,-0.043,,,,0.043,88.0,0,0,0.51,0.51,30,28,30,28,1,0,,2,6,1,2.06,1.65,1.65,38.2,,,,,
SI,2026-03-28,93.6,-2.78,4.33,"Robert Jr., Luis",673357,664875,,ball,,,,,11,Ball,R,R,R,NYM,PIT,B,,,2,1,2026,-1.54,0.17,-1.5434240554927907,3.725737602791112,,,593871,0,7,Bot,,,,,,,6.644938937229311,-136.06671319688107,3.9784000217613795,-20.646033106280587,31.942225801244774,-31.268095218077033,3.310400263,1.670669291,,,,93.5,2422,6.5,823651,663698,656811,664040,693304,669707,668804,663968,694377,54.04,,,,,,,,54,4,Sinker,0,0,0,0,0,0,0,0,Standard,Standard,246,0.024,0.116,,,,-0.116,,0,0,0.652,0.652,31,28,32,29,1,2,2,2,2,1,2.45,1.54,1.54,1.5,,,,,
FF,2026-03-28,93.4,-1.9,5.91,"Bichette, Bo",666182,656605,,ball,,,,,12,Ball,R,R,R,NYM,PIT,B,,,0,1,2026,-0.73,1.41,1.3361762308478204,2.840130645200556,,,,2,1,Bot,,,,,,,9.902280778919739,-135.61307921351772,-5.080746584484077,-11.197408191300687,30.944685097545452,-13.817723665191904,3.162081693,1.595816929,,,,93.6,2301,6.7,823651,663698,656811,664040,693304,669707,668804,663968,694377,53.85,,,,,,,,6,2,4-Seam Fastball,0,0,0,0,0,0,0,0,Standard,Standard,208,0.001,0.027,,,,-0.027,,0,0,0.508,0.508,30,28,30,28,1,0,,2,6,1,1.22,0.73,0.73,41.3,,,,,
SI,2026-03-28,91,-2.05,5.61,"Robert Jr., Luis",673357,642701,field_out,hit_into_play,,,,,5,Luis Robert Jr. grounds out to first baseman Ryan O'Hearn. Jorge Polanco to 2nd.,R,R,R,NYM,PIT,X,3,ground_ball,3,2,2026,-1.66,0.85,-0.2077957107773667,2.2024527418156916,,,593871,0,9,Bot,142.51,181.69,,,,,8.154548603942764,-131.98533326660692,-4.085921061746413,-21.222486133090786,35.576622919011996,-21.581069731910198,3.310400263,1.670669291,2,62.1,-43,89.6,2328,6.2,823651,680779,656811,664040,693304,669707,668804,663968,694377,54.3,0.16,0.144,0,1,0,0,2,71,6,Sinker,0,0,0,0,0,0,0,0,Standard,Standard,219,-0.022,-0.407,54.6,5.5,0.163,0.407,88.0,0,0,0.725,0.725,30,28,30,29,1,3,2,2,1,1,1.98,1.66,1.66,29.3,-21.741671676391782,43.29595244254541,37.76174402240839,34.656777265359075,-0.13887360290872186
SI,2026-03-28,95.7,2.33,5.59,"Lindor, Francisco",596019,642397,,ball,,,,,13,Ball,R,R,L,NYM,PIT,B,,,0,0,2026,1.36,1.05,-0.944078167827076,2.1153714133060317,,,621438,0,8,Bot,,,,,,,-11.657737511570543,-138.6605576115336,-5.572084950738982,20.403856842526196,38.41984314891667,-17.481063493816926,3.107668963,1.568356299,,,,94.7,2296,6.5,823651,663698,656811,664040,693304,669707,668804,663968,694377,53.99,,,,,,,,62,1,Sinker,0,0,0,0,0,0,0,0,Standard,Standard,127,0.009,0.04,,,,-0.04,,0,0,0.67,0.67,31,32,31,33,1,3,2,2,3,1,1.51,1.36,-1.36,30.1,,,,,
SI,2026-03-28,92.4,-2.82,4.15,"Robert Jr., Luis",673357,664875,walk,ball,,,,,11,Luis Robert Jr. walks. Jorge Polanco to 2nd.,R,R,R,NYM,PIT,B,,,3,1,2026,-1.64,0.21,-1.776702734703127,2.8071232065759726,,,593871,0,7,Bot,,,,,,,6.3129011815386225,-134.33546022448823,2.1978803572964876,-21.20362257184744,33.53245122580124,-30.432703959894607,3.310400263,1.670669291,,,,92.3,,6.7,823651,663698,656811,664040,693304,669707,668804,663968,694377,53.84,,0.709062,0.7,1,0,0,,54,5,Sinker,0,0,0,0,0,0,0,0,Standard,Standard,,0.047,0.26,,,,-0.26,,0,0,0.676,0.676,31,28,32,29,1,2,2,2,2,1,2.49,1.64,1.64,0.2,,,,,
CH,2026-03-28,85.8,3.15,5.27,"Lindor, Francisco",596019,682995,force_out,hit_into_play,,,,,9,"Mets challenged (force play), call on the field was upheld: Francisco Lindor grounds into a force out, second baseman Brandon Lowe to catcher Henry Davis. Marcus Semien out at home. Jared Young to 3rd. Luis Torrens to 2nd. Francisco Lindor to 1st.",R,R,L,NYM,PIT,X,4,ground_ball,1,0,2026,1.87,0.36,0.7845069355131595,1.9006204172818424,543760,676724,620443,0,10,Bot,133.34,173.81,,,,,-9.358176505691606,-124.29415555887242,-1.8959532671908885,21.389142736527255,36.00735830434973,-28.292814286768465,3.107668963,1.568356299,44,47.6,7,83.9,2077,6.3,823651,680779,656811,664040,693304,669707,668804,663968,695257,54.18,0.149,0.134,0,1,0,0,1,82,2,Changeup,1,1,1,1,1,1,1,1,Strategic,Strategic,107,-0.098,-0.287,71.9,8.4,0.164,0.287,88.0,0,0,0.935,0.935,25,32,26,33,1,4,,2,3,1,2.88,1.87,-1.87,24.2,24.83911437789142,-15.41302260736414,32.42309407193454,41.69822083644979,43.56913522243268
ST,2026-03-28,81.4,-2.13,5.7,"Bichette, Bo",666182,656605,,foul,,,,,12,Foul,R,R,R,NYM,PIT,S,,,1,1,2026,1.62,0.35,0.954436607885059,3.0368505415865386,,,,2,1,Bot,,,,,,,3.6660795499741274,-118.39037161959712,0.3308655184586011,14.075704598620131,28.599978437000726,-29.301160508117412,3.162081693,1.595816929,166,65.7,42,80.9,2662,6.6,823651,663698,656811,664040,693304,669707,668804,663968,694377,53.88,,,,,,,,6,3,Sweeper,0,0,0,0,0,0,0,0,Standard,Standard,62,-0.002,-0.062,64.4,7.1,,0.062,88.0,0,0,0.509,0.509,30,28,30,28,1,0,,2,6,1,3.17,-1.62,-1.62,35.3,2.1202534945585367,11.644969367845269,25.3223841257839,44.17813900793521,22.73953447577954
SI,2026-03-28,94.3,3.17,5.38,"Soto, Juan",665742,682995,force_out,hit_into_play,,,,,12,"Juan Soto grounds into a force out, pitcher Hunter Barco to catcher Henry Davis. Jared Young out at home. Luis Torrens to 3rd. Francisco Lindor to 2nd. Juan Soto to 1st.",R,L,L,NYM,PIT,X,1,ground_ball,0,0,2026,1.63,0.48,1.7170041099928812,3.174102970749063,676724,620443,596019,1,10,Bot,122.42,192.22,,,,,-7.419965050798014,-137.11337110632957,-0.8671690961104126,22.186033363676227,33.827666366509966,-26.19840337610965,3.259498032,1.644980315,2,38.7,-63,93.8,1892,6.3,823651,680779,656811,664040,693304,669707,668804,663968,695257,54.21,0.257,0.231,0,1,0,0,1,83,1,Sinker,1,1,1,1,1,1,1,1,Strategic,Strategic,113,-0.172,-0.31,42.3,5.1,0.257,0.31,88.0,0,0,0.837,0.837,25,27,26,28,1,4,,2,3,1,2.11,1.63,1.63,22.9,4.140657677794946,27.552590435406042,24.573928298419233,19.739458815838304,7.358743905004929
FF,2026-03-28,95.3,2.5,5.81,"Lindor, Francisco",596019,642397,,ball,,,,,12,Ball,R,R,L,NYM,PIT,B,,,1,0,2026,1.01,1.52,0.5810476940333547,3.764966516597481,,,621438,0,8,Bot,,,,,,,-7.303172259527866,-138.35460424688645,-2.9161680832633086,14.713041970257967,37.61295245504314,-12.390854538712551,3.107668963,1.568356299,,,,94.6,2218,6.5,823651,663698,656811,664040,693304,669707,668804,663968,694377,54.02,,,,,,,,62,2,4-Seam Fastball,0,0,0,0,0,0,0,0,Standard,Standard,135,0.017,0.062,,,,-0.062,,0,0,0.679,0.679,31,32,31,33,1,3,2,2,3,1,1.05,1.01,-1.01,33.4,,,,,
FF,2026-03-28,91.8,-2.16,5.8,"Baty, Brett",683146,642701,,ball,,,,,14,Ball,R,L,R,NYM,PIT,B,,,0,0,2026,-0.92,1.38,0.4103741121655975,1.2875987356287877,,593871,,1,9,Bot,,,,,,,8.414110783599295,-133.14151904321199,-8.18886007274778,-12.951265840294303,33.29889262211543,-14.049459327370913,3.327952756,1.679527559,,,,90.6,2274,6.1,823651,680779,656811,664040,693304,669707,668804,663968,694377,54.35,,,,,,,,72,1,4-Seam Fastball,0,0,0,0,0,0,0,0,Standard,Standard,223,0.001,0.028,,,,-0.028,,0,0,0.703,0.703,30,26,30,27,1,3,2,2,1,1,1.38,0.92,-0.92,31.7,,,,,
FF,2026-03-28,93.1,-2.71,4.44,"Baty, Brett",683146,664875,,foul,,,,,1,Foul,R,L,R,NYM,PIT,S,,,0,0,2026,-1.67,1.23,-0.5977921499216783,2.8839116999308945,,593871,673357,0,7,Bot,,,,,,,9.105598780607778,-135.05075291286033,-0.6621500367785322,-22.52083600849498,36.48450501726832,-17.42467105207481,3.327952756,1.679527559,,,,92.3,2410,6.5,823651,663698,656811,664040,693304,669707,668804,663968,694377,53.97,,,,,,,,55,1,4-Seam Fastball,0,0,0,0,0,0,0,0,Strategic,Standard,250,-0.011,-0.053,76.0,8.2,,0.053,,0,0,0.723,0.723,31,26,32,27,1,2,2,2,2,1,1.47,1.67,-1.67,0.0,22.731803224497327,-10.416184047122856,37.57041045323319,44.10296647063593,39.997107454444496
SI,2026-03-28,96.1,2.54,5.58,"Lindor, Francisco",596019,642397,,called_strike,,,,,9,Called Strike,R,R,L,NYM,PIT,S,,,2,0,2026,1.6,0.64,0.31388017080630237,1.9476044235082959,,,621438,0,8,Bot,,,,,,,-9.530250128384786,-139.37982281548622,-5.135361195746199,23.06828018748731,38.633160250807244,-22.747122839135667,3.107668963,1.568356299,,,,95.3,2256,6.5,823651,663698,656811,664040,693304,669707,668804,663968,694377,53.97,,,,,,,,62,3,Sinker,0,0,0,0,0,0,0,0,Standard,Standard,129,-0.017,-0.066,,,,0.066,,0,0,0.696,0.696,31,32,31,33,1,3,2,2,3,1,1.89,1.6,-1.6,31.0,,,,,
CH,2026-03-28,86.2,-2.29,5.7,"Baty, Brett",683146,642701,,swinging_strike,,,,,13,Swinging Strike,R,L,R,NYM,PIT,S,,,1,0,2026,-1.96,0.62,-0.24936994701623116,1.2020454995620398,,593871,,1,9,Bot,,,,,,,8.83547218302067,-124.92244152456266,-5.227238469160699,-22.420684380456677,33.595855333161964,-24.672678547964313,3.327952756,1.679527559,,,,84.8,2369,6.4,823651,680779,656811,664040,693304,669707,668804,663968,694377,54.12,,,,,,,,72,2,Changeup,0,0,0,0,0,0,0,0,Standard,Standard,234,-0.006,-0.042,72.1,9.0,,0.042,,0,0,0.704,0.704,30,26,30,27,1,3,2,2,1,1,2.56,1.96,-1.96,32.1,31.629510451050546,-32.92556634267286,40.36531728565567,38.83318086287821,58.94187814901471
SI,2026-03-28,92.6,-1.9,5.85,"Bichette, Bo",666182,656605,,ball,,,,,14,Ball,R,R,R,NYM,PIT,B,,,1,2,2026,-1.51,0.6,1.2979790207534003,1.9904453296084632,,,,2,1,Bot,,,,,,,11.458625009075078,-134.3216156957042,-5.110554928900227,-20.847704829265076,30.406414747185757,-23.969060572706365,3.162081693,1.595816929,,,,92.7,2437,6.6,823651,663698,656811,664040,693304,669707,668804,663968,694377,53.87,,,,,,,,6,4,Sinker,0,0,0,0,0,0,0,0,Standard,Strategic,216,0.001,0.042,,,,-0.042,,0,0,0.507,0.507,30,28,30,28,1,0,,2,6,1,2.09,1.51,1.51,35.7,,,,,
SL,2026-03-28,82.6,3.13,5.22,"Bichette, Bo",666182,682995,,ball,,,,,13,Ball,R,R,L,NYM,PIT,B,,,0,0,2026,-0.33,-0.39,-1.9673126029315295,1.788616343638151,620443,596019,665742,2,10,Bot,,,,,,,-10.785695934984599,-119.72051152094306,-0.14284543265268113,-0.7058028049649023,26.67584335327881,-36.149847772113,3.162081693,1.595816929,,,,81.9,2244,6.4,823651,680779,656811,664040,693304,669707,668804,663968,695257,54.12,,,,,,,,84,1,Slider,1,1,1,1,1,1,1,1,Standard,Standard,319,0.034,0.032,,,,-0.032,,0,0,0.665,0.665,25,28,26,28,1,4,,2,3,1,3.8,-0.33,0.33,22.1,,,,,
SI,2026-03-28,94,-2.7,4.29,"Baty, Brett",683146,664875,,called_strike,,,,,6,Called Strike,R,L,R,NYM,PIT,S,,,0,1,2026,-2.11,0.48,0.7048097097538801,2.6930286285425735,,593871,673357,0,7,Bot,,,,,,,13.471289936422954,-136.099216161499,0.7988742298711541,-29.307541281655467,34.38342437815545,-26.763469727308895,3.327952756,1.679527559,,,,93.4,2285,6.5,823651,663698,656811,664040,693304,669707,668804,663968,694377,53.96,,,,,,,,55,2,Sinker,0,0,0,0,0,0,0,0,Standard,Standard,247,-0.019,-0.053,,,,0.053,,0,0,0.712,0.712,31,26,32,27,1,2,2,2,2,1,2.16,2.11,-2.11,-0.5,,,,,
FF,2026-03-28,94.4,-2.01,5.89,"Bichette, Bo",666182,656605,,ball,,,,,14,Ball,R,R,R,NYM,PIT,B,,,2,2,2026,-0.96,1.55,1.0970954209334631,1.216865171902958,,,,2,1,Bot,,,,,,,10.170151976716673,-136.71600485277085,-9.7043423020982,-14.303256188757091,31.454335321085537,-10.59373859730234,3.162081693,1.595816929,,,,94.4,2444,6.7,823651,663698,656811,664040,693304,669707,668804,663968,694377,53.83,,,,,,,,6,5,4-Seam Fastball,0,0,0,0,0,0,0,0,Standard,Strategic,214,0.004,0.104,,,,-0.104,,0,0,0.508,0.508,30,28,30,28,1,0,,2,6,1,1.04,0.96,0.96,37.0,,,,,
SL,2026-03-28,82.7,3.25,5.14,"Bichette, Bo",666182,682995,,called_strike,,,,,3,Called Strike,R,R,L,NYM,PIT,S,,,1,0,2026,-0.5,-0.2,0.8072010565270292,2.802590691446424,620443,596019,665742,2,10,Bot,,,,,,,-4.457127458577089,-120.17920609427709,1.880815166440672,-3.785905740907872,27.65255066159176,-34.82020305226015,3.162081693,1.595816929,,,,81.5,2095,6,823651,680779,656811,664040,693304,669707,668804,663968,695257,54.53,,,,,,,,84,2,Slider,1,1,1,1,1,1,1,1,Standard,Standard,303,-0.042,-0.035,,,,0.035,,0,0,0.699,0.699,25,28,26,28,1,4,,2,3,1,3.6,-0.5,0.5,22.3,,,,,
SI,2026-03-28,96.3,2.44,5.61,"Lindor, Francisco",596019,642397,,foul_bunt,,,,,5,Foul Bunt,R,R,L,NYM,PIT,S,,,2,1,2026,1.73,0.47,-0.2329071349328249,2.1962883651215988,,,621438,0,8,Bot,,,,,,,-11.00490781576246,-139.50193281430353,-4.182425097042956,25.21633567749231,38.43666503219745,-25.232086562544566,3.107668963,1.568356299,,,,95.4,2212,6.5,823651,663698,656811,664040,693304,669707,668804,663968,694377,53.95,,,,,,,,62,4,Sinker,0,0,0,0,0,0,0,0,Standard,Standard,127,-0.018,-0.078,8.5,1.8,,0.078,,0,0,0.679,0.679,31,32,31,33,1,3,2,2,3,1,2.06,1.73,-1.73,35.6,-78.26231352746049,-61.87695623164971,43.772101434151,32.91877311070468,19.01016562253239
FF,2026-03-28,90.2,-2.08,5.69,"Baty, Brett",683146,642701,,foul,,,,,14,Foul,R,L,R,NYM,PIT,S,,,1,1,2026,-0.89,1.24,0.19170468598960722,1.5569319647119175,,593871,,1,9,Bot,,,,,,,7.458880125574154,-130.8170923333926,-6.528447471598453,-12.003615575495942,34.880275980253415,-16.74133946885983,3.327952756,1.679527559,4,77.1,-23,88.7,2148,6.2,823651,680779,656811,664040,693304,669707,668804,663968,694377,54.33,,,,,,,,72,3,4-Seam Fastball,0,0,0,0,0,0,0,0,Standard,Standard,219,-0.023,-0.061,77.9,8.7,,0.061,88.0,0,0,0.698,0.698,30,26,30,27,1,3,2,2,1,1,1.65,0.89,-0.89,33.9,24.589175339152174,-7.572976646450001,41.65949419232761,34.607041997735706,36.479232389276675
FF,2026-03-28,95.4,-2.76,4.45,"Baty, Brett",683146,664875,,ball,,,,,12,Ball,R,L,R,NYM,PIT,B,,,0,2,2026,-1.3,1.16,1.0520749914167353,2.5736242648581404,,593871,673357,0,7,Bot,,,,,,,12.871859156240971,-138.21872255632277,-1.7065046513732107,-19.619189162945,33.257542564061104,-17.24368775342085,3.327952756,1.679527559,,,,95.1,2452,6.6,823651,663698,656811,664040,693304,669707,668804,663968,694377,53.94,,,,,,,,55,3,4-Seam Fastball,0,0,0,0,0,0,0,0,Standard,Standard,246,0.008,0.015,,,,-0.015,,0,0,0.693,0.693,31,26,32,27,1,2,2,2,2,1,1.39,1.3,-1.3,2.4,,,,,
SL,2026-03-28,83.7,2.23,5.78,"Lindor, Francisco",596019,642397,,ball,,,,,13,Ball,R,R,L,NYM,PIT,B,,,2,2,2026,-0.66,0.32,-1.0822111398423253,1.4888512854508815,,,621438,0,8,Bot,,,,,,,-6.192240131337098,-121.47679000431165,-3.5595909900928984,-4.587833477987763,33.75056571175806,-28.424597951512126,3.107668963,1.568356299,,,,82,2474,6.3,823651,663698,656811,664040,693304,669707,668804,663968,694377,54.21,,,,,,,,62,5,Slider,0,0,0,0,0,0,0,0,Standard,Standard,291,0.022,0.113,,,,-0.113,,0,0,0.661,0.661,31,32,31,33,1,3,2,2,3,1,3.07,-0.66,0.66,37.7,,,,,
SL,2026-03-28,83.6,-2.07,5.65,"Baty, Brett",683146,642701,,ball,,,,,14,Ball,R,L,R,NYM,PIT,B,,,1,2,2026,0.03,0.14,1.281763069088712,0.9324458407821954,,593871,,1,9,Bot,,,,,,,7.541296941344272,-121.47259602778809,-4.41924552303191,-1.2506984984726206,25.209863199899402,-30.03806187273046,3.327952756,1.679527559,,,,83.3,2414,6.3,823651,680779,656811,664040,693304,669707,668804,663968,694377,54.17,,,,,,,,72,4,Slider,0,0,0,0,0,0,0,0,Standard,Standard,227,0.014,0.026,,,,-0.026,,0,0,0.675,0.675,30,26,30,27,1,3,2,2,1,1,3.14,-0.03,0.03,34.8,,,,,
SL,2026-03-28,82.9,3.21,5.12,"Bichette, Bo",666182,682995,field_out,hit_into_play,,,,,5,Bo Bichette flies out to right fielder Billy Cook.,R,R,L,NYM,PIT,X,9,fly_ball,1,1,2026,-0.58,-0.47,0.1470997432874162,2.2394807108620003,620443,596019,665742,2,10,Bot,196.72,105.99,,,,,-5.706306993531483,-120.47826846462797,1.2173585816218482,-4.111424007777652,29.754132475521256,-37.27277449358996,3.162081693,1.595816929,289,93.6,44,81.4,2085,6,823651,680779,656811,664040,693304,669707,668804,663968,695257,54.5,0.011,0.019,0,1,0,0,3,84,3,Slider,1,1,1,1,1,1,1,1,Standard,Standard,310,-0.157,-0.253,77.2,7.3,0.033,0.253,93.6,0,0,0.657,0.657,25,28,26,28,1,4,,2,3,1,3.87,-0.58,0.58,23.3,3.768265887666872,-0.8598271989182356,37.70578886915935,34.8301474050962,32.074667115111424
ST,2026-03-28,82.9,-2.12,5.73,"Bichette, Bo",666182,656605,strikeout,foul_tip,,,,,11,Bo Bichette strikes out on a foul tip.,R,R,R,NYM,PIT,S,2,,3,2,2026,1.31,0.53,-0.03586346689727016,3.4456557213748225,,,,2,1,Bot,,,,,,,2.0875649441795345,-120.61377854721982,0.522966077631234,12.107247042790226,28.39728536202946,-27.438756798181494,3.162081693,1.595816929,,,,82.6,2622,6.6,823651,663698,656811,664040,693304,669707,668804,663968,694377,53.89,,0,0,1,0,0,,6,6,Sweeper,0,0,0,0,0,0,0,0,Standard,Strategic,65,-0.012,-0.328,60.2,5.8,,0.328,,0,0,0.512,0.512,30,28,30,28,1,0,,2,6,1,2.84,-1.31,-1.31,33.9,3.617517795058198,14.71868291360794,30.85713432545318,31.48871498116644,17.894054808212946
ST,2026-03-28,82.4,-3.13,4.4,"Baty, Brett",683146,664875,,foul,,,,,2,Foul,R,L,R,NYM,PIT,S,,,1,2,2026,1.01,0.65,0.21977565478457084,2.8245398080477426,,593871,673357,0,7,Bot,,,,,,,5.4903804106295695,-119.7930852798597,1.9814278600536346,8.272546739271835,28.43391796288028,-26.73977198177989,3.327952756,1.679527559,185,68.5,25,81.6,2984,6.3,823651,663698,656811,664040,693304,669707,668804,663968,694377,54.17,,,,,,,,55,4,Sweeper,0,0,0,0,0,0,0,0,Infield shade,Standard,80,0,0,76.3,8.1,,0,88.0,0,0,0.701,0.701,31,26,32,27,1,2,2,2,2,1,2.77,-1.01,1.01,5.1,19.206923958604282,-17.27474940125025,38.39695377667698,35.591603179325176,40.24909252004544
CH,2026-03-28,86.4,-2.15,5.67,"Baty, Brett",683146,642701,,blocked_ball,,,,,14,Ball In Dirt,R,L,R,NYM,PIT,B,,,2,2,2026,-2.33,0.55,0.4724217096942369,0.6548986144021325,,593871,,1,9,Bot,,,,,,,10.947872938186961,-124.98814480255959,-6.369927344163689,-26.75624150381763,31.003240171079398,-25.06198417168971,3.327952756,1.679527559,,,,85,2186,6.3,823651,680779,656811,664040,693304,669707,668804,663968,694377,54.23,,,,,,,,72,5,Changeup,0,0,0,0,0,0,0,0,Standard,Standard,235,0.015,0.068,,,,-0.068,,0,0,0.689,0.689,30,26,30,27,1,3,2,2,1,1,2.6,2.33,-2.33,31.1,,,,,
FF,2026-03-28,91.8,-1.99,5.86,"Polanco, Jorge",593871,656605,,ball,,,,,11,Ball,R,L,R,NYM,PIT,B,,,0,0,2026,-0.77,1.62,-0.7788553773688023,4.0900237220652045,,,,0,2,Bot,,,,,,,4.745930609248719,-133.4352410705761,-1.888430687968825,-10.28938856263904,35.394892610913615,-12.95807661030046,3.191043307,1.610433071,,,,91.1,2259,6.5,823651,663698,656811,664040,693304,669707,668804,663968,694377,54.01,,,,,,,,10,1,4-Seam Fastball,0,0,0,0,0,0,0,0,Standard,Standard,210,0.004,0.041,,,,-0.041,,0,0,0.551,0.551,30,32,30,33,1,0,,2,6,1,1.15,0.77,-0.77,35.8,,,,,
SL,2026-03-28,83.5,2.14,5.75,"Lindor, Francisco",596019,642397,,foul,,,,,5,Foul,R,R,L,NYM,PIT,S,,,3,2,2026,-0.35,0.26,0.12280983816767507,2.4623156380544975,,,621438,0,8,Bot,,,,,,,-3.89690226260646,-121.39726346624731,-1.2444285830244264,-2.4059007877668517,30.271350894969967,-29.654662604766543,3.107668963,1.568356299,139,68.3,16,82.8,2517,6.5,823651,663698,656811,664040,693304,669707,668804,663968,694377,54.02,,,,,,,,62,6,Slider,0,0,0,0,0,0,0,0,Standard,Standard,280,0,0,73.2,7.8,,0,88.0,0,0,0.683,0.683,31,32,31,33,1,3,2,2,3,1,3.09,-0.35,0.35,38.4,15.276164280745526,-14.925806769810983,30.978535195082504,36.13038827561708,39.33097383709422
SL,2026-03-28,82.4,3.19,5.23,"Polanco, Jorge",593871,682995,,called_strike,,,,,8,Called Strike,R,R,L,NYM,PIT,S,,,0,0,2026,-0.43,-0.34,0.1336830771083803,1.6197576139073422,,666182,,0,11,Bot,,,,,,,-5.985328272001411,-119.9451817194669,-0.7756857844061845,-2.927379155802562,24.25419554770642,-35.48113682416745,3.191043307,1.610433071,,,,81.9,2232,6.1,823651,680779,656811,664040,693304,669707,668804,663968,695257,54.45,,,,,,,,90,1,Slider,1,2,1,2,2,1,1,2,Standard,Standard,304,-0.024,-0.043,,,,0.043,,-1,-1,0.448,0.448,25,32,26,33,1,4,,2,3,1,3.7,-0.43,0.43,20.4,,,,,
ST,2026-03-28,80.9,-3.01,4.52,"Baty, Brett",683146,664875,strikeout,foul_tip,,,,,5,Brett Baty strikes out on a foul tip.,R,L,R,NYM,PIT,S,2,,1,2,2026,1.72,0.42,0.18998867126689678,2.2856292393917146,,593871,673357,0,7,Bot,,,,,,,3.6926408722090516,-117.6201575622267,1.2415301991766934,14.68433632661096,28.938043999599476,-28.944151772535818,3.327952756,1.679527559,,,,80,2959,6.4,823651,663698,656811,664040,693304,669707,668804,663968,694377,54.12,,0,0,1,0,0,,55,5,Sweeper,0,0,0,0,0,0,0,0,Standard,Strategic,76,-0.053,-0.194,78.4,7.6,,0.194,,0,0,0.701,0.701,31,26,32,27,1,2,2,2,2,1,3.16,-1.72,1.72,7.9,3.997320543840405,3.9104058453359984,43.13919408831131,34.49727440658539,26.22116338421666
CH,2026-03-28,84.7,-2.31,5.68,"Baty, Brett",683146,642701,double_play,hit_into_play,,,,,13,"Brett Baty lines into a double play, first baseman Ryan O'Hearn to shortstop Jared Triolo. Jorge Polanco out at 2nd.",R,L,R,NYM,PIT,X,3,line_drive,3,2,2026,-1.99,0.44,-0.15277593277717516,1.342045235119976,,593871,,1,9,Bot,168.08,152.12,,,,,8.988697698004207,-122.8264361413242,-4.275474171935624,-21.986024843789117,29.051060640316635,-26.96685705092364,3.327952756,1.679527559,159,90.8,12,83.8,2258,6.3,823651,680779,656811,664040,693304,669707,668804,663968,694377,54.19,0.8,0.763,0,1,0,0,4,72,6,Changeup,0,0,0,0,0,0,0,0,Standard,Standard,229,-0.204,-0.281,70.6,8.9,0.915,0.281,90.8,0,0,0.704,0.704,30,26,30,27,1,3,2,2,1,1,2.81,1.99,-1.99,32.2,22.749083955111058,-14.216034403398746,40.85998676318006,38.42652401481199,41.30012105241207
FF,2026-03-28,91.4,-2.04,5.84,"Polanco, Jorge",593871,656605,field_out,hit_into_play,,,,,6,Jorge Polanco flies out to right fielder Nick Yorke.,R,L,R,NYM,PIT,X,9,fly_ball,1,0,2026,-1.01,1.53,0.3782615433104539,2.6919741034241844,,,,0,2,Bot,154.51,114.6,,,,,8.257711307971295,-132.60295120994394,-5.057569116944037,-13.881448994361655,34.4851377345738,-13.366172776903408,3.191043307,1.610433071,224,96,53,90.8,2333,6.6,823651,663698,656811,664040,693304,669707,668804,663968,694377,53.9,0.011,0.017,0,1,0,0,3,10,2,4-Seam Fastball,0,0,0,0,0,0,0,0,Standard,Standard,224,-0.027,-0.301,73.7,7.4,0.026,0.301,96.0,0,0,0.555,0.555,30,32,30,33,1,0,,2,6,1,1.27,1.01,-1.01,37.2,20.804377458606766,-6.667980756812343,25.241846357449422,31.7874253470923,33.72248810563858
SI,2026-03-28,95.6,2.13,5.59,"Lindor, Francisco",596019,642397,strikeout,called_strike,,,,,1,Francisco Lindor called out on strikes.,R,R,L,NYM,PIT,S,2,,3,2,2026,1.55,0.6,-0.3987843898136263,2.994413172912612,,,621438,0,8,Bot,,,,,,,-10.142653968086131,-138.7177186028233,-2.2666308035494094,22.452649978949545,36.87156261175229,-24.153754802879916,3.107668963,1.568356299,,,,94.8,2155,6.4,823651,663698,656811,664040,693304,669707,668804,663968,694377,54.07,,0,0,1,0,0,,62,7,Sinker,0,0,0,0,0,0,0,0,Standard,Standard,140,-0.075,-0.315,,,,0.315,,0,0,0.683,0.683,31,32,31,33,1,3,2,2,3,1,1.95,1.55,-1.55,33.0,,,,,
SI,2026-03-28,93.4,-2.72,4.31,"Semien, Marcus",543760,664875,,called_strike,,,,,6,Called Strike,R,R,R,NYM,PIT,S,,,0,0,2026,-1.79,0.34,0.6494029089455666,2.358873207210819,,593871,673357,1,7,Bot,,,,,,,12.605180773981484,-135.21968484610622,0.32008368746654725,-24.91040283716757,35.765010496804656,-28.42911318517466,3.212106299,1.621062992,,,,92.7,2384,6.6,823651,663698,656811,664040,693304,669707,668804,663968,694377,53.88,,,,,,,,56,1,Sinker,0,0,0,0,0,0,0,0,Standard,Standard,246,-0.011,-0.033,,,,0.033,,0,0,0.648,0.648,31,35,32,36,1,2,2,2,2,1,2.35,1.79,1.79,2.2,,,,,
SL,2026-03-28,81.1,3.22,5.19,"Polanco, Jorge",593871,682995,,ball,,,,,13,Ball,R,R,L,NYM,PIT,B,,,0,1,2026,-0.42,-0.42,-0.5692853509251083,1.2039945016079239,,666182,,0,11,Bot,,,,,,,-7.501399338071119,-118.02763549827012,-1.2912877839636028,-2.703120257321788,20.39525713371426,-36.14012087472603,3.191043307,1.610433071,,,,81,2169,6,823651,680779,656811,664040,693304,669707,668804,663968,695257,54.47,,,,,,,,90,2,Slider,1,2,1,2,2,1,1,2,Standard,Standard,316,0.016,0.026,,,,-0.026,,-1,-1,0.424,0.424,25,32,26,33,1,4,,2,3,1,3.86,-0.42,0.42,21.1,,,,,
ST,2026-03-28,80.7,-2.12,5.65,"Robert Jr., Luis",673357,656605,,foul,,,,,9,Foul,R,R,R,NYM,PIT,S,,,0,0,2026,1.64,0.29,0.4655428659363514,1.8248861996400887,,,,1,2,Bot,,,,,,,2.4858300967655746,-117.36922689734398,-1.9820772597409597,14.220696726327022,28.664327790391688,-29.324508527989188,3.310400263,1.670669291,146,63.5,56,80,2607,6.5,823651,663698,656811,664040,693304,669707,668804,663968,694377,53.97,,,,,,,,11,1,Sweeper,0,0,0,0,0,0,0,0,Standard,Standard,121,-0.003,-0.039,73.4,8.0,,0.039,88.0,0,0,0.528,0.528,30,28,30,29,1,0,,2,6,1,3.3,-1.64,-1.64,33.9,12.731323042635315,-8.970122676748169,37.10754799930413,42.24401794891301,33.55641800002502
CH,2026-03-28,85.2,3.19,5.26,"Polanco, Jorge",593871,682995,,called_strike,,,,,9,Called Strike,R,R,L,NYM,PIT,S,,,1,1,2026,1.46,0.58,0.40912198130545363,1.659998912476064,,666182,,0,11,Bot,,,,,,,-9.416953944066957,-123.71543656782369,-3.0415713979989367,16.97367152508441,26.48354224563744,-25.831461778477976,3.191043307,1.610433071,,,,84.7,2129,6.2,823651,680779,656811,664040,693304,669707,668804,663968,695257,54.27,,,,,,,,90,3,Changeup,1,2,1,2,2,1,1,2,Standard,Standard,109,-0.039,-0.08,,,,0.08,,-1,-1,0.44,0.44,25,32,26,33,1,4,,2,3,1,2.6,1.46,-1.46,27.8,,,,,
SI,2026-03-28,97.1,2.17,5.63,"Soto, Juan",665742,642397,,foul,,,,,4,Foul,R,L,L,NYM,PIT,S,,,0,0,2026,1.8,0.69,-0.3612166280663771,2.7420803087557344,,,621438,1,8,Bot,,,,,,,-10.884777811102694,-140.75144545001143,-3.4483362057525184,26.595669850431904,38.726874934070295,-22.451738844310324,3.259498032,1.644980315,144,85,75,96.2,2232,6.5,823651,663698,656811,664040,693304,669707,668804,663968,694377,54.03,,,,,,,,63,1,Sinker,0,0,0,0,0,0,0,0,Standard,Standard,133,-0.009,-0.04,78.0,7.4,,0.04,88.0,0,0,0.608,0.608,31,27,31,28,1,3,2,2,3,1,1.79,1.8,1.8,33.4,4.556343667939576,2.8530308715389965,26.35985249689191,45.220232863274845,23.4445143867173
ST,2026-03-28,82,-2.93,4.46,"Semien, Marcus",543760,664875,,ball,,,,,14,Ball,R,R,R,NYM,PIT,B,,,0,1,2026,1.64,0.63,2.9933587441609806,1.1076344050931586,,593871,673357,1,7,Bot,,,,,,,9.948250365356872,-118.6916190057598,-1.6733448628927847,12.256033344219082,32.55534965782018,-26.254699387775094,3.212106299,1.621062992,,,,80.3,3055,6.5,823651,663698,656811,664040,693304,669707,668804,663968,694377,54.04,,,,,,,,56,2,Sweeper,0,0,0,0,0,0,0,0,Standard,Standard,66,0.007,0.018,,,,-0.018,,0,0,0.637,0.637,31,35,32,36,1,2,2,2,2,1,2.92,-1.64,-1.64,8.7,,,,,
ST,2026-03-28,81,-3.01,4.38,"Semien, Marcus",543760,664875,,called_strike,,,,,1,Called Strike,R,R,R,NYM,PIT,S,,,1,1,2026,1.61,0.36,-0.6071705221965262,3.0031206702568722,,593871,673357,1,7,Bot,,,,,,,2.130609465518447,-117.59629503566049,3.311553822597822,13.939531335152102,31.475437473400195,-30.11452632705583,3.212106299,1.621062992,,,,79.4,2904,6.3,823651,663698,656811,664040,693304,669707,668804,663968,694377,54.22,,,,,,,,56,3,Sweeper,0,0,0,0,0,0,0,0,Standard,Standard,76,-0.018,-0.058,,,,0.058,,0,0,0.644,0.644,31,35,32,36,1,2,2,2,2,1,3.25,-1.61,-1.61,6.6,,,,,
SI,2026-03-28,91.7,-1.96,5.72,"Robert Jr., Luis",673357,656605,,ball,,,,,14,Ball,R,R,R,NYM,PIT,B,,,0,1,2026,-1.32,0.66,1.209540833627105,0.4150967941609742,,,,1,2,Bot,,,,,,,10.840799325868645,-132.91761284226175,-8.726212315157834,-17.938938473206136,28.264597415742497,-22.577634726083073,3.310400263,1.670669291,,,,92.1,2250,6.7,823651,663698,656811,664040,693304,669707,668804,663968,694377,53.79,,,,,,,,11,2,Sinker,0,0,0,0,0,0,0,0,Standard,Standard,220,0.002,0.029,,,,-0.029,,0,0,0.525,0.525,30,28,30,29,1,0,,2,6,1,2.07,1.32,1.32,34.2,,,,,
CH,2026-03-28,85.6,3.24,5.23,"Polanco, Jorge",593871,682995,,ball,,,,,12,Ball,R,R,L,NYM,PIT,B,,,1,2,2026,1.58,0.64,1.8570655911051965,2.4634434663064577,,666182,,0,11,Bot,,,,,,,-6.436998521880822,-124.33101809239112,-1.2343160156375825,17.676411678161582,29.926511874019138,-25.573272539437134,3.191043307,1.610433071,,,,84.5,2179,6.1,823651,680779,656811,664040,693304,669707,668804,663968,695257,54.37,,,,,,,,90,4,Changeup,1,2,1,2,2,1,1,2,Standard,Standard,110,0.023,0.045,,,,-0.045,,-1,-1,0.401,0.401,25,32,26,33,1,4,,2,3,1,2.53,1.58,-1.58,20.6,,,,,
ST,2026-03-28,82.3,2.19,5.67,"Soto, Juan",665742,642397,,blocked_ball,,,,,13,Ball In Dirt,R,L,L,NYM,PIT,B,,,0,1,2026,-1.26,-0.14,-3.0422044528790444,-0.011723342451469332,,,621438,1,8,Bot,,,,,,,-9.180854961139428,-119.18986130228403,-5.469988416681739,-9.231087468503459,31.94387855411224,-32.25791657610064,3.259498032,1.644980315,,,,80.8,2580,6.5,823651,663698,656811,664040,693304,669707,668804,663968,694377,54.04,,,,,,,,63,2,Sweeper,0,0,0,0,0,0,0,0,Standard,Standard,293,0.053,0.019,,,,-0.019,,0,0,0.599,0.599,31,27,31,28,1,3,2,2,3,1,3.65,-1.26,-1.26,40.0,,,,,
SI,2026-03-28,91.9,-1.97,5.81,"Robert Jr., Luis",673357,656605,field_out,hit_into_play,,,,,1,"Luis Robert Jr. grounds out, second baseman Brandon Lowe to first baseman Ryan O'Hearn.",R,R,R,NYM,PIT,X,4,ground_ball,1,1,2026,-1.56,0.52,-0.6945011934446683,3.2380054027462646,,,,1,2,Bot,134.74,156.61,,,,,6.6844681935163655,-133.72817814223012,-1.6113928533804105,-20.224066954519166,30.024576051623818,-25.778781011182254,3.310400263,1.670669291,70,63.2,6,92.3,2140,6.6,823651,663698,656811,664040,693304,669707,668804,663968,694377,53.89,0.187,0.174,0,1,0,0,2,11,3,Sinker,0,0,0,0,0,0,0,0,Standard,Standard,213,-0.016,-0.244,70.0,6.2,0.222,0.244,88.0,0,0,0.527,0.527,30,28,30,29,1,0,,2,6,1,2.19,1.56,1.56,38.9,-5.453266083002673,16.515623399024722,36.78974041912968,30.1719296325596,17.3452520717506
SL,2026-03-28,82.2,2.15,5.71,"Soto, Juan",665742,642397,,foul,,,,,9,Foul,R,L,L,NYM,PIT,S,,,1,1,2026,-0.63,0.43,0.5785431145349939,2.070822014880525,,621438,,1,8,Bot,,,,,,,-2.271315973768143,-119.54999438913835,-2.1616073678438905,-5.3675143963401375,28.724010751421485,-27.868070542854355,3.259498032,1.644980315,1,63.5,-63,81.4,2452,6.3,823651,663698,656811,664040,693304,669707,668804,663968,694377,54.17,,,,,,,,63,3,Slider,0,0,0,0,0,0,0,0,Standard,Standard,283,-0.018,-0.061,60.6,6.4,,0.061,88.0,0,0,0.652,0.652,31,27,31,28,1,3,2,2,3,1,3.02,-0.63,-0.63,37.5,6.399402355450865,11.42366413932445,29.05734107609096,32.96127732065124,23.30365234426751
SL,2026-03-28,81.3,3.27,5.05,"Polanco, Jorge",593871,682995,,ball,,,,,13,Ball,R,R,L,NYM,PIT,B,,,2,2,2026,-0.55,-0.45,-0.3519029855695419,1.0666173551256053,,666182,,0,11,Bot,,,,,,,-6.905252807482432,-118.30585867560899,-1.219598991974285,-3.8636144707443987,22.019878426824487,-36.38842740916031,3.191043307,1.610433071,,,,81,2158,6,823651,680779,656811,664040,693304,669707,668804,663968,695257,54.46,,,,,,,,90,5,Slider,1,2,1,2,2,1,1,2,Standard,Standard,316,0.034,0.1,,,,-0.1,,-1,-1,0.424,0.424,25,32,26,33,1,4,,2,3,1,3.89,-0.55,0.55,19.4,,,,,
ST,2026-03-28,81.6,-2.84,4.47,"Semien, Marcus",543760,664875,,ball,,,,,14,Ball,R,R,R,NYM,PIT,B,,,1,2,2026,2.26,0.35,2.4445098684455155,2.066031459068464,,593871,673357,1,7,Bot,,,,,,,7.300888035865299,-118.41832796293323,1.0045134889865608,18.666280692049426,31.53644429467685,-29.570105889798153,3.212106299,1.621062992,,,,80.4,3083,6.5,823651,663698,656811,664040,693304,669707,668804,663968,694377,53.95,,,,,,,,56,4,Sweeper,0,0,0,0,0,0,0,0,Standard,Standard,62,0.011,0.043,,,,-0.043,,0,0,0.626,0.626,31,35,32,36,1,2,2,2,2,1,3.21,-2.26,-2.26,7.8,,,,,
CU,2026-03-28,76.6,-1.98,5.91,"Baty, Brett",683146,656605,,called_strike,,,,,4,Called Strike,R,L,R,NYM,PIT,S,,,0,0,2026,1.47,-1.1,-0.5079740018863041,2.6235203732329744,,,,2,2,Bot,,,,,,,0.33755801937760416,-111.21347973936024,2.6775082858084343,11.725371793063802,28.597166342929995,-41.96409208512458,3.327952756,1.679527559,,,,75.2,2686,6.4,823651,663698,656811,664040,693304,669707,668804,663968,694377,54.07,,,,,,,,12,1,Curveball,0,0,0,0,0,0,0,0,Infield shade,Standard,42,-0.002,-0.043,,,,0.043,,0,0,0.511,0.511,30,26,30,27,1,0,,2,6,1,5.14,-1.47,1.47,39.1,,,,,
CH,2026-03-28,87.1,3.03,5.25,"Polanco, Jorge",593871,682995,walk,ball,,,,,12,Jorge Polanco walks.,R,R,L,NYM,PIT,B,,,3,2,2026,1.28,0.86,1.57675938210689,2.975873067170849,,666182,,0,11,Bot,,,,,,,-6.107652708788813,-126.5031253430417,-0.70824918153643,15.089182036434279,33.14431716518609,-23.262030388284817,3.191043307,1.610433071,,,,85.7,2063,6.1,823651,680779,656811,664040,693304,669707,668804,663968,695257,54.36,,0.709062,0.7,1,0,0,,90,6,Changeup,1,2,1,2,2,1,1,2,Standard,Standard,112,0.057,0.265,,,,-0.265,,-1,-1,0.458,0.458,25,32,26,33,1,4,,2,3,1,2.23,1.28,-1.28,23.7,,,,,
SL,2026-03-28,83.3,2.17,5.76,"Soto, Juan",665742,642397,,ball,,,,,13,Ball,R,L,L,NYM,PIT,B,,,1,2,2026,-0.6,0.19,-1.2549684810800514,1.439025188966676,,621438,,1,8,Bot,,,,,,,-6.571377495778655,-120.98368759926655,-3.3754552426281554,-4.071800531557702,30.649005167508214,-29.780921524164352,3.259498032,1.644980315,,,,82.3,2577,6.4,823651,663698,656811,664040,693304,669707,668804,663968,694377,54.05,,,,,,,,63,4,Slider,0,0,0,0,0,0,0,0,Standard,Standard,301,0.011,0.026,,,,-0.026,,0,0,0.634,0.634,31,27,31,28,1,3,2,2,3,1,3.19,-0.6,-0.6,38.2,,,,,
ST,2026-03-28,81.4,-3.07,4.33,"Semien, Marcus",543760,664875,,ball,,,,,14,Ball,R,R,R,NYM,PIT,B,,,2,2,2026,1.64,0.37,1.7285336981919377,1.696948328166941,,593871,673357,1,7,Bot,,,,,,,7.422197543090184,-118.17117631731817,0.43065603051872925,13.099152242710769,30.197348898565192,-29.197490933700617,3.212106299,1.621062992,,,,80.5,3005,6.6,823651,663698,656811,664040,693304,669707,668804,663968,694377,53.91,,,,,,,,56,5,Sweeper,0,0,0,0,0,0,0,0,Standard,Standard,76,0.024,0.096,,,,-0.096,,0,0,0.637,0.637,31,35,32,36,1,2,2,2,2,1,3.19,-1.64,-1.64,8.7,,,,,
SI,2026-03-28,96.2,2.09,5.68,"Soto, Juan",665742,642397,field_out,hit_into_play,,,,,7,"Juan Soto grounds out, second baseman Brandon Lowe to first baseman Ryan O'Hearn. Tyrone Taylor to 3rd.",R,L,L,NYM,PIT,X,4,ground_ball,2,2,2026,1.7,0.66,-0.5927873231488736,1.6900720948253443,,621438,,1,8,Bot,141.17,152.19,,,,,-10.962910093142098,-139.52162977737413,-6.2251670784700694,24.729076844085565,33.86214942619005,-22.18618655064767,3.259498032,1.644980315,3,67.2,-28,96.1,2234,6.6,823651,663698,656811,664040,693304,669707,668804,663968,694377,53.93,0.047,0.042,0,1,0,0,2,63,5,Sinker,0,0,0,0,0,0,0,0,Standard,Standard,141,-0.049,-0.211,71.3,7.5,0.047,0.211,88.0,0,0,0.645,0.645,31,27,31,28,1,3,2,2,3,1,1.83,1.7,1.7,36.6,16.574889241762648,7.392283354345115,23.767316883518387,47.42551658733666,22.80591146666111
ST,2026-03-28,81.9,-2.96,4.43,"Semien, Marcus",543760,664875,strikeout,swinging_strike,,,,,9,Marcus Semien strikes out swinging.,R,R,R,NYM,PIT,S,2,,3,2,2026,1.91,0.53,0.37301863961951165,2.053747964088649,,593871,673357,1,7,Bot,,,,,,,3.666018516063389,-119.10875861772274,0.532317790157479,16.879578258800326,29.275062247199116,-27.606506236842122,3.212106299,1.621062992,,,,81.4,2999,6.6,823651,663698,656811,664040,693304,669707,668804,663968,694377,53.89,,0,0,1,0,0,,56,6,Sweeper,0,0,0,0,0,0,0,0,Standard,Standard,69,-0.085,-0.313,45.8,6.9,,0.313,,0,0,0.661,0.661,31,35,32,36,1,2,2,2,2,1,2.95,-1.91,-1.91,11.0,6.836679499280644,17.13753406729356,36.23121180801772,36.96414988075962,20.285370921872342
CH,2026-03-28,85.5,3.2,5.22,"Robert Jr., Luis",673357,682995,,ball,,,,,14,Ball,R,R,L,NYM,PIT,B,,,0,0,2026,1.61,0.61,1.080894367399777,0.9357972561573886,,666182,593871,0,11,Bot,,,,,,,-8.203097282583514,-124.11272174176023,-4.74024612832824,18.303087587255824,27.206731558899012,-25.022803728000294,3.310400263,1.670669291,,,,84.8,1954,6.2,823651,680779,656811,664040,693304,669707,668804,663968,695257,54.31,,,,,,,,91,1,Changeup,1,2,1,2,2,1,1,2,Standard,Standard,110,0.021,0.045,,,,-0.045,,-1,-1,0.515,0.515,25,28,26,29,1,4,,2,3,1,2.54,1.61,-1.61,21.1,,,,,
FF,2026-03-28,93.3,-2.06,5.76,"Baty, Brett",683146,656605,,foul,,,,,2,Foul,R,L,R,NYM,PIT,S,,,0,1,2026,-0.64,1.45,-0.07046284234283196,2.884314701527074,,,,2,2,Bot,,,,,,,6.513156042124644,-135.5419164339455,-4.635450902235987,-9.354720411158672,32.580695959663856,-13.585883055061458,3.327952756,1.679527559,169,75.5,16,93.3,2429,6.6,823651,663698,656811,664040,693304,669707,668804,663968,694377,53.88,,,,,,,,12,2,4-Seam Fastball,0,0,0,0,0,0,0,0,Infield shade,Standard,215,-0.002,-0.057,78.5,7.3,,0.057,88.0,0,0,0.509,0.509,30,26,30,27,1,0,,2,6,1,1.2,0.64,-0.64,32.9,4.227376035073568,6.865057790847665,37.44811303686615,37.36968499662154,25.101277911534737
FF,2026-03-28,94.8,-2.08,5.79,"Baty, Brett",683146,656605,single,hit_into_play,,,,,3,Brett Baty singles on a line drive to left fielder Bryan Reynolds.,R,L,R,NYM,PIT,X,7,line_drive,0,2,2026,-0.85,1.35,0.7902049868967603,2.8355811387538243,,,,2,2,Bot,96.65,106.95,,,,,9.368904952580365,-137.6998659618492,-4.893518547804355,-12.958968745200531,31.957776237409615,-14.069395207692272,3.327952756,1.679527559,227,75.9,26,94.9,2418,6.5,823651,663698,656811,664040,693304,669707,668804,663968,694377,53.95,0.634,0.609,0.9,1,1,0,4,12,3,4-Seam Fastball,0,0,0,0,0,0,0,0,Infield shade,Standard,217,0.017,0.425,71.0,6.6,0.743,-0.425,88.0,0,0,0.507,0.507,30,26,30,27,1,0,,2,6,1,1.2,0.85,-0.85,34.9,0.718728518525391,9.780431736398207,41.750738731890195,26.774623303262317,21.739928951479737
SL,2026-03-28,82.6,3.18,5.09,"Robert Jr., Luis",673357,682995,home_run,hit_into_play,,,,,13,Luis Robert Jr. homers (1) on a fly ball to left center field. Bo Bichette scores. Jorge Polanco scores.,R,R,L,NYM,PIT,X,,fly_ball,1,0,2026,-0.45,-0.44,-0.2540202004838377,1.411357506536405,,666182,593871,0,11,Bot,73.77,46.79,,,,,-6.782867704400799,-120.13083897672125,-0.7829339731836146,-3.1398289059080122,22.436761219879276,-36.53572842629344,3.310400263,1.670669291,387,104.6,23,82.4,2210,6.1,823651,680779,656811,664040,693304,669707,668804,663968,695257,54.42,0.843,1.474,2,1,0,3,6,91,2,Slider,1,2,1,2,2,4,4,2,Standard,Standard,312,0.464,0.921,75.0,8.4,2.734,-0.921,104.6,-1,-1,0.536,0.536,25,28,26,29,1,4,,2,3,1,3.78,-0.45,0.45,21.1,11.63049118469731,-6.107753730339053,43.761280719933836,36.19064828083225,31.02278383968155
FF,2026-03-28,97.1,2.27,5.78,"Bichette, Bo",666182,642397,,ball,,,,,12,Ball,R,R,L,NYM,PIT,B,,,0,0,2026,1.03,1.48,0.004658086018308527,3.9087397451503394,621438,,,2,8,Bot,,,,,,,-8.418786745923363,-140.90322798739098,-2.5742383578738055,15.865956034066613,40.930500583896574,-12.44063305578515,3.162081693,1.595816929,,,,96.3,2171,6.6,823651,663698,656811,664040,693304,669707,668804,663968,694377,53.9,,,,,,,,64,1,4-Seam Fastball,0,0,0,0,0,0,0,0,Standard,Standard,138,0.001,0.028,,,,-0.028,,0,0,0.596,0.596,31,28,31,28,1,3,2,2,3,1,1.01,1.03,-1.03,36.2,,,,,
CH,2026-03-28,88.2,-1.93,6.15,"Semien, Marcus",543760,656605,,ball,,,,,12,Ball,R,R,R,NYM,PIT,B,,,0,0,2026,-0.96,1.79,1.3454092139332694,3.652171603614343,,,683146,2,2,Bot,,,,,,,9.840122543906585,-127.75075108950645,-3.338797600472361,-12.96399011635718,34.354054993707265,-12.331436361313216,3.212106299,1.621062992,,,,86.5,2152,6.2,823651,663698,656811,664040,693304,669707,668804,663968,694377,54.33,,,,,,,,13,1,Changeup,0,0,0,0,0,0,0,0,Infield shade,Standard,219,0.012,0.035,,,,-0.035,,0,0,0.524,0.524,30,35,30,36,1,0,,2,6,1,1.24,0.96,0.96,33.7,,,,,
ST,2026-03-28,81.6,2.24,5.77,"Bichette, Bo",666182,642397,,swinging_strike,,,,,13,Swinging Strike,R,R,L,NYM,PIT,S,,,1,0,2026,-0.9,0.21,-0.7372779755944958,1.110740391602267,621438,,,2,8,Bot,,,,,,,-4.83784455756077,-118.56385419095277,-3.8043160230147954,-6.982812426231213,30.636383539008218,-29.55898169211907,3.162081693,1.595816929,,,,80.5,2596,6.4,823651,663698,656811,664040,693304,669707,668804,663968,694377,54.09,,,,,,,,64,2,Sweeper,0,0,0,0,0,0,0,0,Standard,Standard,325,-0.006,-0.042,66.3,9.4,,0.042,,0,0,0.597,0.597,31,28,31,28,1,3,2,2,3,1,3.33,-0.9,0.9,39.0,39.056941355609034,-74.96137442346797,38.06647348213841,,
ST,2026-03-28,82.2,2.17,5.76,"Bichette, Bo",666182,642397,,swinging_strike,,,,,13,Swinging Strike,R,R,L,NYM,PIT,S,,,1,1,2026,-1.43,-0.05,-2.437543535785344,1.1272265201284344,621438,,,2,8,Bot,,,,,,,-7.462738461486376,-119.14580765945078,-3.2679530980885714,-11.189902858320577,32.28400195499711,-32.05534684457403,3.162081693,1.595816929,,,,80.7,2662,6.4,823651,663698,656811,664040,693304,669707,668804,663968,694377,54.05,,,,,,,,64,3,Sweeper,0,0,0,0,0,0,0,0,Standard,Standard,312,-0.024,-0.065,66.9,8.8,,0.065,,0,0,0.591,0.591,31,28,31,28,1,3,2,2,3,1,3.57,-1.43,1.43,44.3,38.327441857214964,-64.82049779563386,40.08385789871501,9.773086769384618,66.74336726523114
ST,2026-03-28,80.8,-2.15,5.64,"Semien, Marcus",543760,656605,field_out,hit_into_play,,,,,8,"Marcus Semien grounds out, second baseman Brandon Lowe to first baseman Ryan O'Hearn.",R,R,R,NYM,PIT,X,4,ground_ball,1,0,2026,1.08,-0.12,0.09195730143838854,1.7600788805950138,,683146,,2,2,Bot,135.09,161.31,,,,,2.830163260110971,-117.53426861897667,-1.3247680359481704,9.054927474529961,29.06275173661639,-33.21295242435859,3.212106299,1.621062992,20,57.7,-3,80,2632,6.5,823651,663698,656811,664040,693304,669707,668804,663968,694377,54.01,0.098,0.094,0,1,0,0,1,13,2,Sweeper,0,0,0,0,0,0,0,0,Standard,Standard,64,-0.036,-0.307,68.6,8.3,0.121,0.307,88.0,0,0,0.536,0.536,30,35,30,36,1,0,,2,6,1,3.7,-1.08,-1.08,32.4,25.50410979779463,-25.58793069433483,38.77104042596673,31.310085612637174,47.35894266265369
FF,2026-03-28,91.9,-2.07,5.87,"Benge, Carson",701807,656605,,ball,,,,,11,Ball,R,L,R,NYM,PIT,B,,,0,0,2026,-0.83,1.61,-0.8926851528312216,3.335343021191052,,,,0,3,Bot,,,,,,,4.792204781773021,-133.66400227036254,-3.910021827046912,-10.944548753079534,30.567822518302265,-12.298051466705619,3.259498032,1.644980315,,,,92,2353,6.5,823651,663698,656811,664040,693304,669707,668804,663968,694377,53.98,,,,,,,,19,1,4-Seam Fastball,0,0,0,0,0,0,0,0,Standard,Standard,214,0.004,0.041,,,,-0.041,,0,0,0.555,0.555,30,23,30,23,1,0,,2,6,1,1.11,0.83,-0.83,36.3,,,,,
ST,2026-03-28,83.2,2.19,5.64,"Bichette, Bo",666182,642397,strikeout,swinging_strike_blocked,,,,,13,Bo Bichette strikes out swinging.,R,R,L,NYM,PIT,S,2,,1,2,2026,-1.61,-0.22,-1.7570451063379438,0.29186642862918566,621438,,,2,8,Bot,,,,,,,-5.716870725262955,-120.86820728960983,-4.920945475030867,-14.092204405367267,29.265717140907476,-33.33920383370846,3.162081693,1.595816929,,,,82.6,2600,6.5,823651,663698,656811,664040,693304,669707,668804,663968,694377,53.98,,0,0,1,0,0,,64,4,Sweeper,0,0,0,0,0,0,0,0,Standard,Strategic,313,-0.067,-0.192,62.7,9.1,,0.192,,0,0,0.567,0.567,31,28,31,28,1,3,2,2,3,1,3.59,-1.61,1.61,37.9,40.76582348129395,-41.75554291458445,51.67524776351444,15.096147631466566,50.7687385806959
FF,2026-03-28,92.4,-1.9,5.84,"Benge, Carson",701807,656605,,called_strike,,,,,12,Called Strike,R,L,R,NYM,PIT,S,,,1,0,2026,-0.7,1.61,0.8545125838396654,3.0855301906205677,,,,0,3,Bot,,,,,,,8.500977314420401,-134.181039562021,-4.540750735173408,-10.278568682200492,30.008889419198297,-11.958069806871835,3.259498032,1.644980315,,,,92.6,2407,6.6,823651,663698,656811,664040,693304,669707,668804,663968,694377,53.91,,,,,,,,19,2,4-Seam Fastball,0,0,0,0,0,0,0,0,Standard,Standard,211,-0.005,-0.05,,,,0.05,,0,0,0.559,0.559,30,23,30,23,1,0,,2,6,1,1.08,0.7,-0.7,39.4,,,,,
FF,2026-03-28,92.2,-1.95,5.74,"Benge, Carson",701807,656605,,called_strike,,,,,9,Called Strike,R,L,R,NYM,PIT,S,,,1,1,2026,-1,1.7,0.5475715199204567,2.0686264179181557,,,,0,3,Bot,,,,,,,8.497915257984157,-133.76283231885287,-6.944245259867952,-14.031071738200783,33.148404113448,-10.44403954466074,3.259498032,1.644980315,,,,91.7,2376,6.5,823651,663698,656811,664040,693304,669707,668804,663968,694377,53.98,,,,,,,,19,3,4-Seam Fastball,0,0,0,0,0,0,0,0,Standard,Standard,220,-0.007,-0.061,,,,0.061,,0,0,0.554,0.554,30,23,30,23,1,0,,2,6,1,1.03,1,-1,35.0,,,,,
FF,2026-03-28,93.5,-2.05,5.78,"Benge, Carson",701807,656605,field_out,hit_into_play,,,,,12,"Carson Benge grounds out, third baseman Nick Gonzales to first baseman Ryan O'Hearn.",R,L,R,NYM,PIT,X,5,ground_ball,1,2,2026,-0.61,1.69,0.29372726674548955,3.465458325404051,,,,0,3,Bot,104.02,157.43,,,,,7.3418329781876555,-135.81631539354535,-3.705960835014655,-9.3007784123716,35.55115830057192,-10.8511857551337,3.259498032,1.644980315,123,72.3,10,93,2382,6.6,823651,663698,656811,664040,693304,669707,668804,663968,694377,53.94,0.263,0.237,0,1,0,0,2,19,4,4-Seam Fastball,0,0,0,0,0,0,0,0,Standard,Standard,221,-0.017,-0.189,61.3,5.1,0.263,0.189,88.0,0,0,0.547,0.547,30,23,30,23,1,0,,2,6,1,0.97,0.61,-0.61,35.2,-0.7803071473601716,24.095808716763017,22.458042285258514,33.28661853176049,24.23099371786642
ST,2026-03-28,81.5,-2.26,5.65,"Alvarez, Francisco",682626,656605,,called_strike,,,,,2,Called Strike,R,R,R,NYM,PIT,S,,,0,0,2026,1.13,0.29,-0.10822191445326934,2.8674697040823673,,,,1,3,Bot,,,,,,,2.5644112444258913,-118.68259626584648,0.05770730045748684,10.060643726463471,25.266086338887565,-29.73957004422608,3.120833333,1.575,,,,81.8,2603,6.7,823651,663698,656811,664040,693304,669707,668804,663968,694377,53.8,,,,,,,,20,1,Sweeper,0,0,0,0,0,0,0,0,Standard,Standard,58,-0.003,-0.039,,,,0.039,,0,0,0.53,0.53,30,24,30,25,1,0,,2,6,2,3.17,-1.13,-1.13,34.4,,,,,
SI,2026-03-28,91.9,-1.96,5.75,"Alvarez, Francisco",682626,656605,,foul,,,,,5,Foul,R,R,R,NYM,PIT,S,,,0,1,2026,-1.36,0.74,-0.19995007396500308,2.488575876502702,,,,1,3,Bot,,,,,,,7.428084902713264,-133.46860931363486,-3.7860190475172035,-17.90431099447864,31.64000088420691,-22.668460443100603,3.120833333,1.575,156,69.7,60,91.9,2389,6.6,823651,663698,656811,664040,693304,669707,668804,663968,694377,53.89,,,,,,,,20,2,Sinker,0,0,0,0,0,0,0,0,Standard,Standard,213,-0.004,-0.052,79.2,7.1,,0.052,88.0,0,0,0.527,0.527,30,24,30,25,1,0,,2,6,2,1.99,1.36,1.36,37.0,5.59566713449509,2.1333641176775875,30.278285194217524,33.17829949667301,23.452394429954488
ST,2026-03-28,83.3,-2.02,5.63,"Alvarez, Francisco",682626,656605,,ball,,,,,14,Ball,R,R,R,NYM,PIT,B,,,0,2,2026,1.29,0.36,2.38700140819275,0.23932839153546182,,,,1,3,Bot,,,,,,,7.446630346095778,-120.94993160980427,-6.2918335069672775,10.837705503071678,26.809552814929788,-27.452290299611374,3.120833333,1.575,,,,83.1,2604,6.6,823651,663698,656811,664040,693304,669707,668804,663968,694377,53.89,,,,,,,,20,3,Sweeper,0,0,0,0,0,0,0,0,Standard,Standard,56,0.002,0.017,,,,-0.017,,0,0,0.523,0.523,30,24,30,25,1,0,,2,6,2,2.97,-1.29,-1.29,37.3,,,,,
SI,2026-03-28,91.3,-1.83,5.73,"Alvarez, Francisco",682626,656605,,ball,,,,,14,Ball,R,R,R,NYM,PIT,B,,,1,2,2026,-1.36,0.5,0.8198177709728285,0.9762928075301067,,,,1,3,Bot,,,,,,,9.621077704031968,-132.52942218548282,-6.924899019768509,-18.146937239645677,29.384233161041124,-24.861218832309163,3.120833333,1.575,,,,91.7,2260,6.7,823651,663698,656811,664040,693304,669707,668804,663968,694377,53.78,,,,,,,,20,4,Sinker,0,0,0,0,0,0,0,0,Standard,Standard,215,0.002,0.048,,,,-0.048,,0,0,0.525,0.525,30,24,30,25,1,0,,2,6,2,2.25,1.36,1.36,36.9,,,,,
SI,2026-03-28,91.7,-1.99,5.78,"Alvarez, Francisco",682626,656605,field_out,hit_into_play,,,,,2,"Francisco Alvarez grounds out, second baseman Brandon Lowe to first baseman Ryan O'Hearn.",R,R,R,NYM,PIT,X,4,ground_ball,2,2,2026,-1.26,0.52,-0.06511740113178699,3.0220826294827003,,,,1,3,Bot,143.7,153.71,,,,,7.623262959924744,-133.36265437967793,-2.07522283555919,-16.6634537313932,28.919799259187908,-25.7092722995644,3.120833333,1.575,9,69.3,-19,92.3,2263,6.7,823651,663698,656811,664040,693304,669707,668804,663968,694377,53.82,0.036,0.032,0,1,0,0,2,20,5,Sinker,0,0,0,0,0,0,0,0,Standard,Standard,219,-0.015,-0.228,66.3,6.1,0.036,0.228,88.0,0,0,0.527,0.527,30,24,30,25,1,0,,2,6,2,2.19,1.26,1.26,36.2,-0.6832976201576462,23.947996396849366,21.97828444303412,33.96415065083994,15.525179970604068
CU,2026-03-28,77.4,-1.94,5.93,"Lindor, Francisco",596019,656605,,ball,,,,,14,Ball,R,L,R,NYM,PIT,B,,,0,0,2026,0.98,-1.34,1.682055389021214,-0.18894821370888337,,,,2,3,Bot,,,,,,,5.821332004395587,-112.25873412646722,-2.897116063300453,6.391925540204413,30.275290378516303,-42.63054778975158,3.107668963,1.568356299,,,,76,2661,6.6,823651,663698,656811,664040,693304,669707,668804,663968,694377,53.85,,,,,,,,21,1,Curveball,0,0,0,0,0,0,0,0,Strategic,Standard,35,0.001,0.037,,,,-0.037,,0,0,0.512,0.512,30,32,30,33,2,1,,2,6,1,5.33,-0.98,0.98,42.2,,,,,
CH,2026-03-28,88.4,-1.87,5.92,"Lindor, Francisco",596019,656605,,ball,,,,,1,Ball,R,L,R,NYM,PIT,B,,,1,0,2026,-1.18,-0.09,-0.8080267410511661,2.8602744705544243,,,,2,3,Bot,,,,,,,5.087280686304733,-128.70636228288006,-0.9716208056421825,-14.140240965158398,27.568972792156345,-33.17490168258935,3.107668963,1.568356299,,,,88.9,1465,6.6,823651,663698,656811,664040,693304,669707,668804,663968,694377,53.86,,,,,,,,21,2,Changeup,0,0,0,0,0,0,0,0,Standard,Standard,234,0.003,0.065,,,,-0.065,,0,0,0.513,0.513,30,32,30,33,2,1,,2,6,1,3.01,1.18,-1.18,37.7,,,,,
FF,2026-03-28,91.8,-1.98,5.79,"Lindor, Francisco",596019,656605,field_out,hit_into_play,,,,,5,Francisco Lindor flies out to left fielder Bryan Reynolds.,R,L,R,NYM,PIT,X,7,fly_ball,2,0,2026,-0.74,1.24,0.11787710823447184,2.2734121502867675,,,,2,3,Bot,79.88,107.79,,,,,6.9135392548368495,-133.4931098026235,-5.561806015090959,-10.326014198944247,30.119914532510606,-16.353236473520422,3.107668963,1.568356299,255,94.3,49,92.2,2282,6.7,823651,663698,656811,664040,693304,669707,668804,663968,694377,53.85,0.009,0.012,0,1,0,0,3,21,3,4-Seam Fastball,0,0,0,0,0,0,0,0,Standard,Standard,222,-0.016,-0.362,73.6,7.2,0.017,0.362,94.3,0,0,0.516,0.516,30,32,30,33,2,1,,2,6,1,1.48,0.74,-0.74,38.0,9.725907551261935,-2.7605832184722887,37.88042012342284,31.818556905448794,29.90868449472751
CU,2026-03-28,75.5,-1.87,6.02,"Soto, Juan",665742,656605,,ball,,,,,14,Ball,R,L,R,NYM,PIT,B,,,0,0,2026,0.99,-1.21,0.8824397104146627,1.2129529984023435,,,,0,4,Bot,,,,,,,3.849446672126268,-109.73960895339414,-0.16229270962699704,6.873534722553679,26.06402922188688,-41.97442962322494,3.259498032,1.644980315,,,,74.3,2635,6.3,823651,663698,656811,664040,693304,669707,668804,663968,694377,54.24,,,,,,,,27,1,Curveball,0,0,0,0,0,0,0,0,Standard,Standard,42,0.004,0.041,,,,-0.041,,0,0,0.56,0.56,30,27,30,28,2,1,,2,6,1,5.34,-0.99,0.99,41.9,,,,,
CH,2026-03-28,87,-2.02,5.89,"Soto, Juan",665742,656605,,called_strike,,,,,4,Called Strike,R,L,R,NYM,PIT,S,,,1,0,2026,-1.27,0.21,-0.5793873239979268,2.225777664577674,,,,0,4,Bot,,,,,,,6.090710604653,-126.54438681900851,-2.788904085912042,-14.908787556645251,27.89659195142189,-29.50390858745974,3.259498032,1.644980315,,,,87,1433,6.5,823651,663698,656811,664040,693304,669707,668804,663968,694377,53.99,,,,,,,,27,2,Changeup,0,0,0,0,0,0,0,0,Standard,Standard,234,-0.005,-0.05,,,,0.05,,0,0,0.564,0.564,30,27,30,28,2,1,,2,6,1,2.82,1.27,-1.27,36.0,,,,,
SI,2026-03-28,91.2,-1.95,5.76,"Soto, Juan",665742,656605,,ball,,,,,14,Ball,R,L,R,NYM,PIT,B,,,1,1,2026,-1.49,0.66,0.9521434077465003,0.4862359620711305,,,,0,4,Bot,,,,,,,10.502210409775714,-132.15090222140367,-8.507340628529883,-19.774721305122316,29.105267232437985,-22.713874948675677,3.259498032,1.644980315,,,,91.3,2402,6.7,823651,663698,656811,664040,693304,669707,668804,663968,694377,53.85,,,,,,,,27,3,Sinker,0,0,0,0,0,0,0,0,Standard,Standard,222,0.005,0.055,,,,-0.055,,0,0,0.559,0.559,30,27,30,28,2,1,,2,6,1,2.11,1.49,-1.49,36.5,,,,,
SI,2026-03-28,92,-1.93,5.78,"Soto, Juan",665742,656605,field_out,hit_into_play,,,,,14,Juan Soto flies out to center fielder Jake Mangum.,R,L,R,NYM,PIT,X,8,fly_ball,2,1,2026,-1.35,0.48,0.83782889948641,1.991512973761761,,,,0,4,Bot,110.66,101.28,,,,,9.916441827886407,-133.51327704889238,-4.5665284169879286,-18.273362608909828,29.276254575552322,-25.551051771125266,3.259498032,1.644980315,248,84.5,42,92,2186,6.5,823651,663698,656811,664040,693304,669707,668804,663968,694377,54,0.006,0.005,0,1,0,0,3,27,4,Sinker,0,0,0,0,0,0,0,0,Standard,Standard,208,-0.031,-0.305,71.9,7.1,0.009,0.305,88.0,0,0,0.564,0.564,30,27,30,28,2,1,,2,6,1,2.23,1.35,-1.35,36.6,7.5527696253484065,-7.560393772303562,35.309771515399504,28.930092047395117,24.19505535209518
ST,2026-03-28,80.4,-2.06,5.7,"Bichette, Bo",666182,656605,,foul,,,,,3,Foul,R,R,R,NYM,PIT,S,,,0,0,2026,1.36,0.48,0.7189072315476557,2.857350992832932,,,,1,4,Bot,,,,,,,3.4536968964483146,-117.04883220061267,-0.26103164252465993,11.685552082124588,24.887173783060945,-27.961559201354817,3.162081693,1.595816929,179,77.2,62,80.2,2547,6.4,823651,663698,656811,664040,693304,669707,668804,663968,694377,54.1,,,,,,,,28,1,Sweeper,0,0,0,0,0,0,0,0,Standard,Standard,86,-0.003,-0.039,70.7,6.9,,0.039,88.0,0,0,0.533,0.533,30,28,30,28,2,1,,2,6,1,3.08,-1.36,-1.36,36.5,-9.028001866891406,1.9901977674768014,28.68220813628871,40.79942088424317,26.617498684389872
SI,2026-03-28,90.4,-1.9,5.81,"Bichette, Bo",666182,656605,single,hit_into_play,,,,,9,Bo Bichette singles on a ground ball to right fielder Nick Yorke.,R,R,R,NYM,PIT,X,9,ground_ball,0,1,2026,-1.39,0.55,0.6396533645313955,2.0250930707931696,,,,1,4,Bot,185.25,135.97,,,,,9.257131595819752,-131.30064360657622,-4.44687862186113,-17.978041117640274,27.24636212820015,-25.050948663336165,3.162081693,1.595816929,119,101.8,3,90.6,2040,6.4,823651,663698,656811,664040,693304,669707,668804,663968,694377,54.05,0.54,0.503,0.9,1,1,0,4,28,2,Sinker,0,0,0,0,0,0,0,0,Standard,Standard,212,0.033,0.453,72.1,6.9,0.611,-0.453,101.8,0,0,0.53,0.53,30,28,30,28,2,1,,2,6,1,2.25,1.39,1.39,37.3,-10.621802702655453,26.45727626164574,34.05386465074709,40.376772689158976,14.889111184511744
CH,2026-03-28,86.7,-1.99,6.02,"Polanco, Jorge",593871,656605,,ball,,,,,11,Ball,R,L,R,NYM,PIT,B,,,0,0,2026,-1.24,0.42,-0.9204876327232707,3.027552597284009,,,666182,1,4,Bot,,,,,,,5.121081196270192,-126.22826049260561,-1.6342430087804665,-14.338926678257696,26.493742072313037,-27.52563160717747,3.191043307,1.610433071,,,,86.8,1440,6.4,823651,663698,656811,664040,693304,669707,668804,663968,694377,54.1,,,,,,,,29,1,Changeup,0,0,0,0,0,0,0,0,Infield shade,Standard,228,0.004,0.035,,,,-0.035,,0,0,0.563,0.563,30,32,30,33,2,1,,2,6,1,2.61,1.24,-1.24,39.7,,,,,
FF,2026-03-28,91.3,-1.96,5.86,"Polanco, Jorge",593871,656605,field_out,hit_into_play,,,,,12,Jorge Polanco pops out to third baseman Nick Gonzales.,R,L,R,NYM,PIT,X,5,popup,1,0,2026,-0.93,1.66,0.12834772631486224,3.6144931171318566,,,666182,1,4,Bot,123.43,173.98,,,,,7.2026510482793045,-132.7088633946149,-3.1412549745359293,-12.585749538681878,32.6170780881053,-12.188062431690483,3.191043307,1.610433071,81,85.5,69,90.6,2339,6.3,823651,663698,656811,664040,693304,669707,668804,663968,694377,54.25,0.009,0.011,0,1,0,0,3,29,2,4-Seam Fastball,0,0,0,0,0,0,0,0,Infield shade,Standard,214,-0.039,-0.29,68.2,6.6,0.016,0.29,88.0,0,0,0.567,0.567,30,32,30,33,2,1,,2,6,1,1.11,0.93,-0.93,37.7,8.743161395510748,-2.3798620663697476,15.92857075637872,36.431072812823,26.028126671984
SI,2026-03-28,90.3,-1.84,5.85,"Robert Jr., Luis",673357,656605,,ball,,,,,14,Ball,R,R,R,NYM,PIT,B,,,0,0,2026,-1.25,0.42,0.8777940721977211,1.3908707148049562,,,666182,2,4,Bot,,,,,,,9.408416310498117,-131.05042475131455,-5.7610382570701155,-16.447586119278355,29.40051263993413,-26.27537420460994,3.310400263,1.670669291,,,,90.2,2233,6.5,823651,663698,656811,664040,693304,669707,668804,663968,694377,53.97,,,,,,,,30,1,Sinker,0,0,0,0,0,0,0,0,Standard,Standard,222,0.002,0.035,,,,-0.035,,0,0,0.528,0.528,30,28,30,29,2,1,,2,6,1,2.41,1.25,1.25,37.3,,,,,
SI,2026-03-28,90.8,-1.89,5.86,"Robert Jr., Luis",673357,656605,,called_strike,,,,,9,Called Strike,R,R,R,NYM,PIT,S,,,1,0,2026,-1.46,0.65,0.6441285678240183,1.9079523032614896,,,666182,2,4,Bot,,,,,,,9.470375038717894,-131.86927408181995,-5.107626971255814,-19.117824140951125,29.488437320006256,-23.699328139500466,3.310400263,1.670669291,,,,90.8,2209,6.5,823651,663698,656811,664040,693304,669707,668804,663968,694377,54,,,,,,,,30,2,Sinker,0,0,0,0,0,0,0,0,Standard,Standard,218,-0.003,-0.05,,,,0.05,,0,0,0.53,0.53,30,28,30,29,2,1,,2,6,1,2.14,1.46,1.46,37.9,,,,,
ST,2026-03-28,80,-2,5.74,"Robert Jr., Luis",673357,656605,,ball,,,,,11,Ball,R,R,R,NYM,PIT,B,,,1,1,2026,1.38,0.5,-1.3301959978660072,4.065784997400889,,,666182,2,4,Bot,,,,,,,-1.1901752060145934,-116.4158135954026,2.31320474515926,12.634045754637508,25.287425747424084,-28.423611363910595,3.310400263,1.670669291,,,,79.3,2525,6.2,823651,663698,656811,664040,693304,669707,668804,663968,694377,54.33,,,,,,,,30,3,Sweeper,0,0,0,0,0,0,0,0,Standard,Standard,83,0.003,0.054,,,,-0.054,,0,0,0.527,0.527,30,28,30,29,2,1,,2,6,1,3.11,-1.38,-1.38,35.6,,,,,
SI,2026-03-28,91.1,-1.82,5.86,"Robert Jr., Luis",673357,656605,,foul,,,,,8,Foul,R,R,R,NYM,PIT,S,,,2,1,2026,-1.39,0.92,0.16350902715536164,2.159190763878372,,,666182,2,4,Bot,,,,,,,7.953442333756148,-132.2161566229666,-5.076361761253628,-18.034929430960297,31.493663158474877,-20.51993894977655,3.310400263,1.670669291,3,67.9,-37,90.6,2303,6.4,823651,663698,656811,664040,693304,669707,668804,663968,694377,54.08,,,,,,,,30,4,Sinker,0,0,0,0,0,0,0,0,Standard,Standard,211,-0.006,-0.093,72.8,7.7,,0.093,88.0,0,0,0.53,0.53,30,28,30,29,2,1,,2,6,1,1.87,1.39,1.39,36.9,7.409470410151198,6.774025074707023,36.791980982249655,38.82064104115125,21.41610579937058
SL,2026-03-28,86.1,-1.87,5.9,"Robert Jr., Luis",673357,656605,,foul,,,,,14,Foul,R,R,R,NYM,PIT,S,,,2,2,2026,0.31,0.06,0.8784559099110463,2.050691043660895,,,666182,2,4,Bot,,,,,,,5.797442698997165,-125.19666512155705,-2.743255313419759,2.045514114077568,26.971235687686846,-31.164277751418172,3.310400263,1.670669291,205,80.1,51,85.9,2515,6.4,823651,663698,656811,664040,693304,669707,668804,663968,694377,54.13,,,,,,,,30,5,Slider,0,0,0,0,0,0,0,0,Standard,Standard,147,0,0,71.2,7.9,,0,88.0,0,0,0.524,0.524,30,28,30,29,2,1,,2,6,1,3.04,-0.31,-0.31,37.0,9.13421286363405,1.0015952987236758,34.26371451866416,46.88340632225562,25.917554057111506
ST,2026-03-28,83.4,-2.05,5.67,"Robert Jr., Luis",673357,656605,,ball,,,,,14,Ball,R,R,R,NYM,PIT,B,,,2,2,2026,0.71,1,1.3010006920535309,1.9657584887339863,,666182,,2,4,Bot,,,,,,,6.176055141842942,-121.05678761382678,-3.6038592075088163,5.156025465805399,32.41503486294646,-21.9130374193576,3.310400263,1.670669291,,,,82.3,2559,6.6,823651,663698,656811,664040,693304,669707,668804,663968,694377,53.94,,,,,,,,30,6,Sweeper,0,0,0,0,0,0,0,0,Standard,Standard,70,0.008,0.057,,,,-0.057,,0,0,0.536,0.536,30,28,30,29,2,1,,2,6,1,2.4,-0.71,-0.71,34.9,,,,,
ST,2026-03-28,82.2,-2.04,5.65,"Robert Jr., Luis",673357,656605,field_out,hit_into_play,,,,,14,Luis Robert Jr. pops out to shortstop Jared Triolo.,R,R,R,NYM,PIT,X,6,popup,3,2,2026,1.07,0.32,1.1364607484275295,2.099559595878463,,666182,,2,4,Bot,95.05,130.4,,,,,4.987098320086146,-119.38381953287292,-1.5884002672364215,8.516737715030153,33.54580271053966,-29.073490663547105,3.310400263,1.670669291,188,68.1,53,80.8,2605,6.5,823651,663698,656811,664040,693304,669707,668804,663968,694377,54,0.054,0.049,0,1,0,0,3,30,7,Sweeper,0,0,0,0,0,0,0,0,Standard,Standard,75,-0.044,-0.277,72.0,8.3,0.065,0.277,88.0,0,0,0.544,0.544,30,28,30,29,2,1,,2,6,1,3.2,-1.07,-1.07,31.8,19.601359005820214,-13.926410574326866,29.443420611830856,48.35562411710366,40.43897624402499
FF,2026-03-28,91.8,-1.99,5.84,"Baty, Brett",683146,656605,,foul,,,,,12,Foul,R,L,R,NYM,PIT,S,,,0,0,2026,-0.9,1.55,0.377050482979725,3.4528456076778102,,,,0,5,Bot,,,,,,,7.897899988357588,-133.30016869150023,-3.3040820178776364,-12.540052757776307,33.389859727693434,-13.305626220752114,3.327952756,1.679527559,182,70.6,49,91.3,2406,6.5,823651,663698,656811,664040,693304,669707,668804,663968,694377,54.03,,,,,,,,37,1,4-Seam Fastball,0,0,0,0,0,0,0,0,Infield shade,Standard,220,-0.005,-0.039,74.9,7.0,,0.039,88.0,0,0,0.567,0.567,30,26,30,27,2,1,,2,6,1,1.2,0.9,-0.9,36.2,10.345077751592255,5.280576571274964,34.394506900545124,32.18582297152436,26.61527528490962
ST,2026-03-28,81,-2.19,5.63,"Baty, Brett",683146,656605,,ball,,,,,1,Ball,R,L,R,NYM,PIT,B,,,0,1,2026,1.12,0.54,-0.7632985035172019,3.4182639882152537,,,,0,5,Bot,,,,,,,0.9565729396458827,-117.8423417111061,1.0133518795635643,9.97067825046034,28.935107005790762,-27.754852040734686,3.327952756,1.679527559,,,,80.3,2493,6.5,823651,663698,656811,664040,693304,669707,668804,663968,694377,54.03,,,,,,,,37,2,Sweeper,0,0,0,0,0,0,0,0,Infield shade,Standard,75,0.004,0.031,,,,-0.031,,0,0,0.562,0.562,30,26,30,27,2,1,,2,6,1,3.02,-1.12,1.12,30.1,,,,,
ST,2026-03-28,80.7,-2.23,5.7,"Baty, Brett",683146,656605,,called_strike,,,,,1,Called Strike,R,L,R,NYM,PIT,S,,,1,1,2026,1.35,0.39,-0.5990689295509752,2.889289808573557,,,,0,5,Bot,,,,,,,0.9459575831991487,-117.47353818013467,-0.008845359211912207,12.097331967459965,27.198373117021813,-28.901647362826157,3.327952756,1.679527559,,,,80.5,2469,6.6,823651,663698,656811,664040,693304,669707,668804,663968,694377,53.89,,,,,,,,37,3,Sweeper,0,0,0,0,0,0,0,0,Infield shade,Standard,70,-0.008,-0.061,,,,0.061,,0,0,0.566,0.566,30,26,30,27,2,1,,2,6,1,3.17,-1.35,1.35,33.2,,,,,
FF,2026-03-28,93.3,-2.12,5.74,"Baty, Brett",683146,656605,field_out,hit_into_play,,,,,1,Brett Baty pops out to third baseman Nick Gonzales in foul territory.,R,L,R,NYM,PIT,X,5,popup,1,2,2026,-0.79,1.65,-0.29954395135291234,3.292658990816982,,,,0,5,Bot,70.55,154.51,,,,,6.407182752559609,-135.4452046344588,-3.8081346285846727,-11.348731450093219,40.55888465656667,-11.582421687470477,3.327952756,1.679527559,177,95.7,63,92,2418,6.5,823651,663698,656811,664040,693304,669707,668804,663968,694377,54.01,0.014,0.013,0,1,0,0,3,37,4,4-Seam Fastball,0,0,0,0,0,0,0,0,Infield shade,Standard,210,-0.021,-0.189,78.0,7.5,0.015,0.189,95.7,0,0,0.558,0.558,30,26,30,27,2,1,,2,6,1,1.07,0.79,-0.79,34.2,20.528886392709484,1.5421953447414873,33.51327578487217,39.761645158813366,31.497520375120857
SI,2026-03-28,91.2,-1.91,5.87,"Semien, Marcus",543760,656605,,called_strike,,,,,9,Called Strike,R,R,R,NYM,PIT,S,,,0,0,2026,-1.29,0.56,0.6777447891715918,1.7575738384571353,,,,1,5,Bot,,,,,,,9.271204714563991,-132.23446213318724,-5.306530892292161,-17.297681074380655,32.71488718553875,-24.598258007917188,3.212106299,1.621062992,,,,90.7,2286,6.6,823651,663698,656811,664040,693304,669707,668804,663968,694377,53.95,,,,,,,,38,1,Sinker,0,0,0,0,0,0,0,0,Standard,Standard,224,-0.003,-0.039,,,,0.039,,0,0,0.537,0.537,30,35,30,36,2,1,,2,6,1,2.24,1.29,1.29,39.3,,,,,
FF,2026-03-28,92.1,-1.88,5.88,"Semien, Marcus",543760,656605,field_out,hit_into_play,,,,,2,Marcus Semien lines out sharply to center fielder Jake Mangum.,R,R,R,NYM,PIT,X,8,line_drive,0,1,2026,-0.95,1.23,0.16522151489324055,2.8399772311457365,,,,1,5,Bot,149.17,70.5,,,,,7.246753041324521,-133.74461644681102,-4.311619561128348,-13.100758004833473,32.92560383092684,-16.70224828310516,3.212106299,1.621062992,324,101.7,17,91.8,2343,6.6,823651,663698,656811,664040,693304,669707,668804,663968,694377,53.93,0.403,0.459,0,1,0,0,5,38,2,4-Seam Fastball,0,0,0,0,0,0,0,0,Standard,Standard,215,-0.019,-0.215,66.0,7.0,0.696,0.215,101.7,0,0,0.534,0.534,30,35,30,36,2,1,,2,6,1,1.5,0.95,0.95,36.8,13.265886798161894,8.882219667855793,33.72400948833891,33.20101727767218,26.188764306928903
FF,2026-03-28,92.4,-2.06,5.84,"Benge, Carson",701807,656605,,foul_bunt,,,,,2,Foul Bunt,R,L,R,NYM,PIT,S,,,0,0,2026,-0.84,1.64,-0.26931789262949424,3.3110408672427263,,,,2,5,Bot,,,,,,,6.364537635491525,-134.10463392359281,-3.8744495328992095,-11.711728878476528,38.72892252155139,-11.97572788028507,3.259498032,1.644980315,,,,91.1,2237,6.4,823651,663698,656811,664040,693304,669707,668804,663968,694377,54.05,,,,,,,,39,1,4-Seam Fastball,0,0,0,0,0,0,0,0,Standard,Standard,214,-0.002,-0.043,6.4,1.2,,0.043,88.0,0,0,0.515,0.515,30,23,30,23,2,1,,2,6,1,1.12,0.84,-0.84,36.0,-29.053892055874332,21.06908501167828,57.49161090095223,42.64602274981281,21.278316087136393
FF,2026-03-28,93.2,-1.94,5.84,"Benge, Carson",701807,656605,,foul,,,,,12,Foul,R,L,R,NYM,PIT,S,,,0,1,2026,-0.68,1.6,0.009715302834790718,3.573481695524472,,,,2,5,Bot,,,,,,,6.47494523082646,-135.29469155249402,-3.2823784267526683,-10.038633183510875,38.051540703271776,-12.3018266938436,3.259498032,1.644980315,8,73,-22,92.1,2474,6.4,823651,663698,656811,664040,693304,669707,668804,663968,694377,54.08,,,,,,,,39,2,4-Seam Fastball,0,0,0,0,0,0,0,0,Standard,Standard,215,-0.004,-0.057,36.8,4.1,,0.057,88.0,0,0,0.513,0.513,30,23,30,23,2,1,,2,6,1,1.1,0.68,-0.68,36.2,-20.34265800383007,56.549550767258395,28.102711886740956,34.75151028675368,3.665572410949208
FF,2026-03-28,93.5,-2.02,5.82,"Benge, Carson",701807,656605,,foul,,,,,12,Foul,R,L,R,NYM,PIT,S,,,0,2,2026,-0.69,1.54,0.397933579369525,3.6060639470478315,,,,2,5,Bot,,,,,,,7.7041248219410345,-135.5487160451139,-2.948212347709516,-10.678091634968084,42.69316227024744,-13.157470281780911,3.259498032,1.644980315,89,61.8,75,91.7,2252,6.4,823651,663698,656811,664040,693304,669707,668804,663968,694377,54.06,,,,,,,,39,3,4-Seam Fastball,0,0,0,0,0,0,0,0,Strategic,Standard,214,0,0,68.6,6.2,,0,88.0,0,0,0.509,0.509,30,23,30,23,2,1,,2,6,1,1.18,0.69,-0.69,35.0,6.372162724662515,5.550414975845548,22.553712074632184,31.859365743702547,29.716015358796497
FF,2026-03-28,93.4,-2.02,5.9,"Benge, Carson",701807,656605,,ball,,,,,12,Ball,R,L,R,NYM,PIT,B,,,0,2,2026,-0.44,1.51,0.18459420468754628,4.31034264620325,,,,2,5,Bot,,,,,,,6.624768346324488,-135.6910253807414,-1.4122428388311952,-7.204631750197552,37.16835355248,-13.714374698638302,3.259498032,1.644980315,,,,92.7,2162,6.5,823651,663698,656811,664040,693304,669707,668804,663968,694377,53.97,,,,,,,,39,4,4-Seam Fastball,0,0,0,0,0,0,0,0,Strategic,Standard,214,0.001,0.022,,,,-0.022,,0,0,0.509,0.509,30,23,30,23,2,1,,2,6,1,1.16,0.44,-0.44,34.7,,,,,
CH,2026-03-28,89.2,-1.97,5.94,"Benge, Carson",701807,656605,,ball,,,,,13,Ball,R,L,R,NYM,PIT,B,,,1,2,2026,-1.3,0.27,-1.6489007748055595,1.4837622803159571,,,,2,5,Bot,,,,,,,3.597311390249609,-129.60313083818448,-5.101602597441293,-15.363657211850164,33.950187136538176,-28.114933028052704,3.259498032,1.644980315,,,,88.5,1426,6.5,823651,663698,656811,664040,693304,669707,668804,663968,694377,54,,,,,,,,39,5,Changeup,0,0,0,0,0,0,0,0,Infield shade,Standard,229,0.003,0.042,,,,-0.042,,0,0,0.51,0.51,30,23,30,23,2,1,,2,6,1,2.66,1.3,-1.3,37.8,,,,,
FF,2026-03-28,93.3,-1.94,5.81,"Benge, Carson",701807,656605,,foul,,,,,3,Foul,R,L,R,NYM,PIT,S,,,2,2,2026,-0.48,1.44,0.7224052753470962,3.3010919244148766,,,,2,5,Bot,,,,,,,7.859561027924458,-135.50381313838272,-3.674166699848899,-7.821457467856645,32.62062961428223,-13.897031283369117,3.259498032,1.644980315,87,54.1,72,93.1,2176,6.5,823651,663698,656811,664040,693304,669707,668804,663968,694377,53.97,,,,,,,,39,6,4-Seam Fastball,0,0,0,0,0,0,0,0,Infield shade,Standard,216,0,0,67.1,5.7,,0,88.0,0,0,0.513,0.513,30,23,30,23,2,1,,2,6,1,1.21,0.48,-0.48,40.1,3.334553262715709,5.497958686449804,28.449684754186173,27.239812027099017,29.159848928012725
ST,2026-03-28,82.7,-2.11,5.65,"Benge, Carson",701807,656605,strikeout,swinging_strike,,,,,2,Carson Benge strikes out swinging.,R,L,R,NYM,PIT,S,2,,2,2,2026,1.53,0.61,0.030290469695093858,2.8010287577375377,,,,2,5,Bot,,,,,,,1.786666532364008,-120.29657605755736,-0.8187724463050279,14.07223528289412,29.962615533787325,-26.427434045545425,3.259498032,1.644980315,,,,82.1,2558,6.6,823651,663698,656811,664040,693304,669707,668804,663968,694377,53.95,,0,0,1,0,0,,39,7,Sweeper,0,0,0,0,0,0,0,0,Infield shade,Standard,61,-0.013,-0.224,70.1,5.8,,0.224,,0,0,0.513,0.513,30,23,30,23,2,1,,2,6,1,2.8,-1.53,1.53,31.0,-3.3267158516365556,15.115672528807513,32.856144196554524,36.107193785555765,28.794226458322502
ST,2026-03-28,81,-2.22,5.7,"Alvarez, Francisco",682626,656605,,called_strike,,,,,6,Called Strike,R,R,R,NYM,PIT,S,,,0,0,2026,1.37,0.7,0.6576542846310389,2.4742531915833266,,,,0,6,Bot,,,,,,,3.670121862590731,-117.62037091486054,-1.3472875570805172,11.176695528040717,33.987194240583655,-25.833255030437975,3.120833333,1.575,,,,79.6,2475,6.7,823651,663698,656811,664040,693304,669707,668804,663968,694377,53.81,,,,,,,,45,1,Sweeper,0,0,0,0,0,0,0,0,Standard,Standard,78,-0.005,-0.039,,,,0.039,,0,0,0.576,0.576,30,24,30,25,2,1,,2,6,2,2.94,-1.37,-1.37,36.1,,,,,
ST,2026-03-28,81.2,-2.24,5.69,"Alvarez, Francisco",682626,656605,,swinging_strike,,,,,14,Swinging Strike,R,R,R,NYM,PIT,S,,,0,1,2026,1.93,0.43,1.6444035316453682,2.291949813966942,,,,0,6,Bot,,,,,,,4.774262090989634,-117.80274724025793,-1.210155251686173,15.889604265169243,34.31789708256041,-28.30763659654912,3.120833333,1.575,,,,79.4,2613,6.4,823651,663698,656811,664040,693304,669707,668804,663968,694377,54.06,,,,,,,,45,2,Sweeper,0,0,0,0,0,0,0,0,Standard,Standard,56,-0.009,-0.055,62.8,8.5,,0.055,,0,0,0.571,0.571,30,24,30,25,2,1,,2,6,2,3.21,-1.93,-1.93,32.7,23.73015615517134,-20.12928020265213,22.75361024355642,54.26784158073963,36.598938553680455
SI,2026-03-28,91.7,-1.91,5.77,"Alvarez, Francisco",682626,656605,,ball,,,,,14,Ball,R,R,R,NYM,PIT,B,,,0,2,2026,-1.63,0.45,1.3706386592427406,1.0475775965747551,,,,0,6,Bot,,,,,,,11.766087305095379,-132.76742323405333,-6.672946209789911,-22.002038337280403,32.5545108146958,-25.375372135483225,3.120833333,1.575,,,,91,2346,6.5,823651,663698,656811,664040,693304,669707,668804,663968,694377,54.01,,,,,,,,45,3,Sinker,0,0,0,0,0,0,0,0,Standard,Standard,215,0.004,0.024,,,,-0.024,,0,0,0.562,0.562,30,24,30,25,2,1,,2,6,2,2.32,1.63,1.63,36.8,,,,,
ST,2026-03-28,83.2,-2.06,5.61,"Alvarez, Francisco",682626,656605,,ball,,,,,14,Ball,R,R,R,NYM,PIT,B,,,1,2,2026,1.82,0.42,1.583188801466432,2.1982035591112785,,,,0,6,Bot,,,,,,,4.585372699531738,-120.74831146272147,-1.6219383429508905,15.86054005996624,34.76255392430266,-28.085741192554064,3.120833333,1.575,,,,81.6,2666,6.5,823651,663698,656811,664040,693304,669707,668804,663968,694377,53.99,,,,,,,,45,4,Sweeper,0,0,0,0,0,0,0,0,Standard,Standard,61,0.005,0.043,,,,-0.043,,0,0,0.566,0.566,30,24,30,25,2,1,,2,6,2,3.03,-1.82,-1.82,33.8,,,,,
SI,2026-03-28,91.2,-2.01,5.78,"Alvarez, Francisco",682626,656605,strikeout,swinging_strike,,,,,13,Francisco Alvarez strikes out swinging.,R,R,R,NYM,PIT,S,2,,2,2,2026,-1.83,0.7,-0.8862987813109655,1.1617072595840183,,,,0,6,Bot,,,,,,,6.832770880748831,-132.3281034404759,-6.836410378309552,-22.970941624438165,35.03086259719234,-22.455279266652386,3.120833333,1.575,,,,90.4,2398,6.5,823651,663698,656811,664040,693304,669707,668804,663968,694377,53.99,,0,0,1,0,0,,45,5,Sinker,0,0,0,0,0,0,0,0,Standard,Standard,222,-0.029,-0.232,56.3,7.1,,0.232,,0,0,0.571,0.571,30,24,30,25,2,1,,2,6,2,2.11,1.83,1.83,35.6,2.57282289037769,-4.355976400415135,33.311208455061184,25.42053337822837,21.35957518060128
CH,2026-03-28,87.7,-1.96,5.98,"Lindor, Francisco",596019,656605,field_out,hit_into_play,,,,,8,Francisco Lindor lines out sharply to center fielder Jake Mangum.,R,L,R,NYM,PIT,X,8,line_drive,0,0,2026,-1.56,0.68,0.17588392350717763,1.7114538914117468,,,,1,6,Bot,136.52,40.59,,,,,8.407355319570954,-127.15929075787062,-5.211113441619083,-18.778990327319896,32.41789332993618,-23.817300258750066,3.107668963,1.568356299,391,106.5,19,86.9,1364,6.6,823651,663698,656811,664040,693304,669707,668804,663968,694377,53.93,0.626,0.835,0,1,0,0,6,46,1,Changeup,0,0,0,0,0,0,0,0,Standard,Standard,228,-0.025,-0.254,75.7,7.3,1.362,0.254,106.5,0,0,0.542,0.542,30,32,30,33,3,2,,2,6,1,2.37,1.56,-1.56,39.1,2.5583015962075115,-0.2370942616868379,40.87028943455209,31.31018544382933,33.06272689787021
SI,2026-03-28,90.7,-2.12,5.8,"Soto, Juan",665742,656605,,ball,,,,,13,Ball,R,L,R,NYM,PIT,B,,,0,0,2026,-1.48,0.41,-1.7404768826383243,2.246235147471931,,,,2,6,Bot,,,,,,,4.200290282215402,-131.79138376361874,-3.424187576201012,-17.952968879123848,38.31716095813759,-26.78330055191356,3.259498032,1.644980315,,,,90,2134,6.8,823651,663698,656811,664040,693304,669707,668804,663968,694377,53.72,,,,,,,,47,1,Sinker,0,0,0,0,0,0,0,0,Infield shade,Standard,214,0.002,0.037,,,,-0.037,,0,0,0.517,0.517,30,27,30,28,3,2,,2,6,1,2.45,1.48,-1.48,35.5,,,,,
SI,2026-03-28,90.7,-1.99,5.85,"Soto, Juan",665742,656605,,ball,,,,,11,Ball,R,L,R,NYM,PIT,B,,,1,0,2026,-1.69,0.51,-1.5888905058624927,3.1003811044503893,,,,2,6,Bot,,,,,,,4.695375994280429,-131.7860373793365,-1.6736214114946795,-20.60673843227689,35.58968771734831,-26.198516722105765,3.259498032,1.644980315,,,,89.8,2153,6.5,823651,663698,656811,664040,693304,669707,668804,663968,694377,54.04,,,,,,,,47,2,Sinker,0,0,0,0,0,0,0,0,Infield shade,Standard,217,0.003,0.065,,,,-0.065,,0,0,0.519,0.519,30,27,30,28,3,2,,2,6,1,2.33,1.69,-1.69,36.8,,,,,
CH,2026-03-28,87.7,-1.88,5.9,"Soto, Juan",665742,656605,,called_strike,,,,,4,Called Strike,R,L,R,NYM,PIT,S,,,2,0,2026,-1.44,0.97,-0.49818340600428823,2.271595374586111,,,,2,6,Bot,,,,,,,6.347341557554345,-127.40476384622752,-4.343114933741507,-17.040515680504942,30.564853530682793,-20.941179651836453,3.259498032,1.644980315,,,,87.3,1487,6.5,823651,663698,656811,664040,693304,669707,668804,663968,694377,53.99,,,,,,,,47,3,Changeup,0,0,0,0,0,0,0,0,Infield shade,Standard,234,-0.003,-0.066,,,,0.066,,0,0,0.522,0.522,30,27,30,28,3,2,,2,6,1,2.05,1.44,-1.44,36.6,,,,,
SI,2026-03-28,90.7,-1.96,5.78,"Soto, Juan",665742,656605,single,hit_into_play,,,,,8,Juan Soto singles on a ground ball to center fielder Jake Mangum.,R,L,R,NYM,PIT,X,8,ground_ball,2,1,2026,-1.49,0.58,-0.11564784720237875,1.9270892079936892,,,,2,6,Bot,142.69,90.37,,,,,7.808711186476283,-131.65761793211695,-4.613588234995214,-19.039099162548435,33.01215681774573,-24.560417005161444,3.259498032,1.644980315,82,107.3,4,90,2257,6.4,823651,663698,656811,664040,693304,669707,668804,663968,694377,54.07,0.623,0.606,0.9,1,1,0,4,47,4,Sinker,0,0,0,0,0,0,0,0,Infield shade,Standard,221,0.016,0.289,75.4,7.0,0.727,-0.289,107.3,0,0,0.519,0.519,30,27,30,28,3,2,,2,6,1,2.24,1.49,-1.49,37.0,16.001252151687382,12.805059284549879,29.893390371512,40.63947424138525,21.810571620775573
FF,2026-03-28,91.4,-1.96,5.85,"Bichette, Bo",666182,656605,field_out,hit_into_play,,,,,2,Bo Bichette lines out to first baseman Ryan O'Hearn.,R,R,R,NYM,PIT,X,3,line_drive,0,0,2026,-0.96,1.18,-0.19346181949531882,2.9810541286608503,,,665742,2,6,Bot,150.8,172.46,,,,,6.523679061242989,-132.88467242768272,-3.64767116334917,-12.802869332911422,32.68942495832465,-17.734961097678198,3.162081693,1.595816929,100,96.7,3,91.2,2291,6.6,823651,663698,656811,664040,693304,669707,668804,663968,694377,53.95,0.523,0.489,0,1,0,0,4,48,1,4-Seam Fastball,0,0,0,0,0,0,0,0,Standard,Standard,211,-0.035,-0.271,63.3,5.6,0.584,0.271,96.7,0,0,0.535,0.535,30,28,30,28,3,2,,2,6,1,1.59,0.96,0.96,36.5,-13.7748949092451,28.28187547124149,36.32655893309163,31.536008494369476,12.699633721399685
