<?xml version="1.0"?>
<gpx creator="Tractive GeoData Util" version="1.1" xmlns="http://www.topografix.com/GPX/1/1" xmlns:xsi="http://www.w3.org/2001/XMLSchema-instance" xsi:schemaLocation="http://www.topografix.com/GPX/1/1 http://www.topografix.com/GPX/1/1/gpx.xsd">
  <metadata>
    <link href="https://tractive.com">
      <text>Generated by Tractive Platform Service</text>
    </link>
  </metadata>
  <trk>
    <name>Tracker XHRMVRYR, 2026-03-31T04:00:15+00:00 2026-04-07T07:53:48+00:00</name>
    <trkseg>
      <trkpt lat="33.884979" lon="-84.530776">
        <ele>298</ele>
        <time>2026-03-31T04:00:15Z</time>
        <cmt>speed: 0.0</cmt>
      </trkpt>
      <trkpt lat="33.884979" lon="-84.530776">
        <ele>298</ele>
        <time>2026-03-31T04:07:39Z</time>
      </trkpt>
      <trkpt lat="33.885005" lon="-84.530778">
        <ele>318</ele>
        <time>2026-03-31T04:14:00Z</time>
        <cmt>speed: 0.0</cmt>
      </trkpt>
      <trkpt lat="33.88501" lon="-84.530858">
        <ele>303</ele>
        <time>2026-03-31T04:16:31Z</time>
        <cmt>speed: 0.0</cmt>
      </trkpt>
      <trkpt lat="33.88501" lon="-84.530858">
        <ele>303</ele>
        <time>2026-03-31T04:17:39Z</time>
      </trkpt>
      <trkpt lat="33.884987" lon="-84.530832">
        <ele>308</ele>
        <time>2026-03-31T04:27:48Z</time>
        <cmt>speed: 0.0</cmt>
      </trkpt>
      <trkpt lat="33.884973" lon="-84.53079">
        <ele>294</ele>
        <time>2026-03-31T04:30:57Z</time>
        <cmt>speed: 0.6</cmt>
      </trkpt>
      <trkpt lat="33.884973" lon="-84.53079">
        <ele>294</ele>
        <time>2026-03-31T04:37:39Z</time>
      </trkpt>
      <trkpt lat="33.884988" lon="-84.530909">
        <ele>316</ele>
        <time>2026-03-31T04:49:00Z</time>
        <cmt>speed: 0.1</cmt>
      </trkpt>
      <trkpt lat="33.884922" lon="-84.530836">
        <ele>293</ele>
        <time>2026-03-31T04:51:28Z</time>
        <cmt>speed: 0.0</cmt>
      </trkpt>
      <trkpt lat="33.885062" lon="-84.530689">
        <ele>268</ele>
        <time>2026-03-31T04:54:34Z</time>
        <cmt>speed: 1.3</cmt>
      </trkpt>
      <trkpt lat="33.885317" lon="-84.530914">
        <ele>351</ele>
        <time>2026-03-31T04:57:12Z</time>
        <cmt>speed: 0.6</cmt>
      </trkpt>
      <trkpt lat="33.885317" lon="-84.530914">
        <ele>351</ele>
        <time>2026-03-31T04:58:51Z</time>
      </trkpt>
      <trkpt lat="33.884952" lon="-84.530659">
        <ele>341</ele>
        <time>2026-03-31T05:32:22Z</time>
        <cmt>speed: 0.2</cmt>
      </trkpt>
      <trkpt lat="33.884955" lon="-84.530904">
        <ele>320</ele>
        <time>2026-03-31T05:34:56Z</time>
        <cmt>speed: 0.0</cmt>
      </trkpt>
      <trkpt lat="33.88506" lon="-84.530766">
        <ele>308</ele>
        <time>2026-03-31T05:37:22Z</time>
        <cmt>speed: 0.0</cmt>
      </trkpt>
      <trkpt lat="33.885044" lon="-84.530741">
        <ele>286</ele>
        <time>2026-03-31T05:41:05Z</time>
        <cmt>speed: 0.4</cmt>
      </trkpt>
      <trkpt lat="33.884894" lon="-84.530751">
        <ele>320</ele>
        <time>2026-03-31T05:43:36Z</time>
        <cmt>speed: 0.0</cmt>
      </trkpt>
      <trkpt lat="33.884976" lon="-84.530725">
        <ele>290</ele>
        <time>2026-03-31T05:51:09Z</time>
        <cmt>speed: 0.1</cmt>
      </trkpt>
      <trkpt lat="33.884976" lon="-84.530725">
        <ele>290</ele>
        <time>2026-03-31T05:53:27Z</time>
      </trkpt>
      <trkpt lat="33.885" lon="-84.530723">
        <ele>294</ele>
        <time>2026-03-31T06:17:07Z</time>
        <cmt>speed: 0.2</cmt>
      </trkpt>
      <trkpt lat="33.884994" lon="-84.530874">
        <ele>322</ele>
        <time>2026-03-31T06:24:16Z</time>
        <cmt>speed: 0.0</cmt>
      </trkpt>
      <trkpt lat="33.885026" lon="-84.53075">
        <ele>308</ele>
        <time>2026-03-31T06:26:46Z</time>
        <cmt>speed: 0.0</cmt>
      </trkpt>
      <trkpt lat="33.885026" lon="-84.53075">
        <ele>308</ele>
        <time>2026-03-31T06:26:58Z</time>
      </trkpt>
      <trkpt lat="33.885004" lon="-84.53084">
        <ele>303</ele>
        <time>2026-03-31T06:29:13Z</time>
        <cmt>speed: 0.0</cmt>
      </trkpt>
      <trkpt lat="33.884913" lon="-84.530712">
        <ele>339</ele>
        <time>2026-03-31T06:36:08Z</time>
        <cmt>speed: 0.7</cmt>
      </trkpt>
      <trkpt lat="33.885091" lon="-84.530732">
        <ele>290</ele>
        <time>2026-03-31T06:55:34Z</time>
        <cmt>speed: 0.1</cmt>
      </trkpt>
      <trkpt lat="33.885019" lon="-84.530784">
        <ele>281</ele>
        <time>2026-03-31T07:10:08Z</time>
        <cmt>speed: 0.0</cmt>
      </trkpt>
      <trkpt lat="33.885035" lon="-84.530777">
        <ele>296</ele>
        <time>2026-03-31T07:14:58Z</time>
        <cmt>speed: 0.0</cmt>
      </trkpt>
      <trkpt lat="33.884997" lon="-84.530747">
        <ele>301</ele>
        <time>2026-03-31T07:17:59Z</time>
        <cmt>speed: 0.0</cmt>
      </trkpt>
      <trkpt lat="33.885054" lon="-84.53079">
        <ele>313</ele>
        <time>2026-03-31T07:20:32Z</time>
        <cmt>speed: 0.7</cmt>
      </trkpt>
      <trkpt lat="33.885081" lon="-84.530725">
        <ele>279</ele>
        <time>2026-03-31T07:22:59Z</time>
        <cmt>speed: 0.6</cmt>
      </trkpt>
      <trkpt lat="33.885081" lon="-84.530725">
        <ele>279</ele>
        <time>2026-03-31T07:30:43Z</time>
      </trkpt>
      <trkpt lat="33.885081" lon="-84.530725">
        <ele>279</ele>
        <time>2026-03-31T08:07:06Z</time>
      </trkpt>
      <trkpt lat="33.885081" lon="-84.530725">
        <ele>279</ele>
        <time>2026-03-31T09:07:06Z</time>
      </trkpt>
      <trkpt lat="33.885081" lon="-84.530725">
        <ele>279</ele>
        <time>2026-03-31T10:07:06Z</time>
      </trkpt>
      <trkpt lat="33.885047" lon="-84.530787">
        <ele>306</ele>
        <time>2026-03-31T11:02:12Z</time>
        <cmt>speed: 0.6</cmt>
      </trkpt>
      <trkpt lat="33.884729" lon="-84.530978">
        <ele>314</ele>
        <time>2026-03-31T11:04:37Z</time>
        <cmt>speed: 0.2</cmt>
      </trkpt>
      <trkpt lat="33.884827" lon="-84.530895">
        <ele>290</ele>
        <time>2026-03-31T11:07:10Z</time>
        <cmt>speed: 0.0</cmt>
      </trkpt>
      <trkpt lat="33.884755" lon="-84.530807">
        <ele>297</ele>
        <time>2026-03-31T11:09:35Z</time>
        <cmt>speed: 0.0</cmt>
      </trkpt>
      <trkpt lat="33.884758" lon="-84.53086">
        <ele>304</ele>
        <time>2026-03-31T11:12:08Z</time>
        <cmt>speed: 0.0</cmt>
      </trkpt>
      <trkpt lat="33.884493" lon="-84.530993">
        <ele>327</ele>
        <time>2026-03-31T11:14:36Z</time>
        <cmt>speed: 0.0</cmt>
      </trkpt>
      <trkpt lat="33.884481" lon="-84.530934">
        <ele>332</ele>
        <time>2026-03-31T11:17:05Z</time>
        <cmt>speed: 0.2</cmt>
      </trkpt>
      <trkpt lat="33.884677" lon="-84.530892">
        <ele>342</ele>
        <time>2026-03-31T11:19:40Z</time>
        <cmt>speed: 0.4</cmt>
      </trkpt>
      <trkpt lat="33.884815" lon="-84.53087">
        <ele>277</ele>
        <time>2026-03-31T11:22:05Z</time>
        <cmt>speed: 0.1</cmt>
      </trkpt>
      <trkpt lat="33.884854" lon="-84.530887">
        <ele>290</ele>
        <time>2026-03-31T11:24:34Z</time>
        <cmt>speed: 0.0</cmt>
      </trkpt>
      <trkpt lat="33.884818" lon="-84.531073">
        <ele>303</ele>
        <time>2026-03-31T11:27:08Z</time>
        <cmt>speed: 0.1</cmt>
      </trkpt>
      <trkpt lat="33.884867" lon="-84.531031">
        <ele>289</ele>
        <time>2026-03-31T11:29:41Z</time>
        <cmt>speed: 0.3</cmt>
      </trkpt>
      <trkpt lat="33.884793" lon="-84.530872">
        <ele>299</ele>
        <time>2026-03-31T11:32:18Z</time>
        <cmt>speed: 0.0</cmt>
      </trkpt>
      <trkpt lat="33.884743" lon="-84.530833">
        <ele>301</ele>
        <time>2026-03-31T11:34:52Z</time>
        <cmt>speed: 0.2</cmt>
      </trkpt>
      <trkpt lat="33.884553" lon="-84.530902">
        <ele>256</ele>
        <time>2026-03-31T11:37:57Z</time>
        <cmt>speed: 0.9</cmt>
      </trkpt>
      <trkpt lat="33.884822" lon="-84.530939">
        <ele>309</ele>
        <time>2026-03-31T11:40:22Z</time>
        <cmt>speed: 0.1</cmt>
      </trkpt>
      <trkpt lat="33.884692" lon="-84.530802">
        <ele>307</ele>
        <time>2026-03-31T11:43:02Z</time>
        <cmt>speed: 2.1</cmt>
      </trkpt>
      <trkpt lat="33.884789" lon="-84.530954">
        <ele>346</ele>
        <time>2026-03-31T11:45:29Z</time>
        <cmt>speed: 0.8</cmt>
      </trkpt>
      <trkpt lat="33.884775" lon="-84.530851">
        <ele>332</ele>
        <time>2026-03-31T11:47:54Z</time>
        <cmt>speed: 0.3</cmt>
      </trkpt>
      <trkpt lat="33.884787" lon="-84.530949">
        <ele>308</ele>
        <time>2026-03-31T11:50:20Z</time>
        <cmt>speed: 0.0</cmt>
      </trkpt>
      <trkpt lat="33.884933" lon="-84.531">
        <ele>300</ele>
        <time>2026-03-31T11:52:54Z</time>
        <cmt>speed: 0.3</cmt>
      </trkpt>
      <trkpt lat="33.884856" lon="-84.530849">
        <ele>334</ele>
        <time>2026-03-31T11:56:23Z</time>
        <cmt>speed: 0.1</cmt>
      </trkpt>
      <trkpt lat="33.884866" lon="-84.531017">
        <ele>277</ele>
        <time>2026-03-31T11:58:52Z</time>
        <cmt>speed: 0.1</cmt>
      </trkpt>
      <trkpt lat="33.884869" lon="-84.531026">
        <ele>280</ele>
        <time>2026-03-31T12:01:27Z</time>
        <cmt>speed: 0.5</cmt>
      </trkpt>
      <trkpt lat="33.884863" lon="-84.531116">
        <ele>311</ele>
        <time>2026-03-31T12:03:48Z</time>
        <cmt>speed: 0.0</cmt>
      </trkpt>
      <trkpt lat="33.884784" lon="-84.530944">
        <ele>317</ele>
        <time>2026-03-31T12:06:19Z</time>
        <cmt>speed: 0.0</cmt>
      </trkpt>
      <trkpt lat="33.884743" lon="-84.530942">
        <ele>322</ele>
        <time>2026-03-31T12:08:49Z</time>
        <cmt>speed: 0.0</cmt>
      </trkpt>
      <trkpt lat="33.884797" lon="-84.530897">
        <ele>308</ele>
        <time>2026-03-31T12:11:21Z</time>
        <cmt>speed: 0.1</cmt>
      </trkpt>
      <trkpt lat="33.88511" lon="-84.530618">
        <ele>289</ele>
        <time>2026-03-31T12:13:48Z</time>
        <cmt>speed: 0.0</cmt>
      </trkpt>
      <trkpt lat="33.885517" lon="-84.53056">
        <ele>301</ele>
        <time>2026-03-31T12:16:16Z</time>
        <cmt>speed: 0.0</cmt>
      </trkpt>
      <trkpt lat="33.885437" lon="-84.530912">
        <ele>325</ele>
        <time>2026-03-31T12:18:47Z</time>
        <cmt>speed: 0.0</cmt>
      </trkpt>
      <trkpt lat="33.885767" lon="-84.530767">
        <ele>305</ele>
        <time>2026-03-31T12:21:16Z</time>
        <cmt>speed: 0.6</cmt>
      </trkpt>
      <trkpt lat="33.885788" lon="-84.530495">
        <ele>283</ele>
        <time>2026-03-31T12:23:49Z</time>
        <cmt>speed: 0.0</cmt>
      </trkpt>
      <trkpt lat="33.885414" lon="-84.530593">
        <ele>346</ele>
        <time>2026-03-31T12:26:19Z</time>
        <cmt>speed: 0.7</cmt>
      </trkpt>
      <trkpt lat="33.884942" lon="-84.530558">
        <ele>326</ele>
        <time>2026-03-31T12:28:51Z</time>
        <cmt>speed: 1.0</cmt>
      </trkpt>
      <trkpt lat="33.885107" lon="-84.530861">
        <ele>303</ele>
        <time>2026-03-31T12:31:18Z</time>
        <cmt>speed: 0.0</cmt>
      </trkpt>
      <trkpt lat="33.885003" lon="-84.530966">
        <ele>292</ele>
        <time>2026-03-31T12:33:47Z</time>
        <cmt>speed: 0.0</cmt>
      </trkpt>
      <trkpt lat="33.884802" lon="-84.530846">
        <ele>310</ele>
        <time>2026-03-31T12:36:18Z</time>
        <cmt>speed: 0.0</cmt>
      </trkpt>
      <trkpt lat="33.88487" lon="-84.53094">
        <ele>325</ele>
        <time>2026-03-31T12:39:28Z</time>
        <cmt>speed: 0.0</cmt>
      </trkpt>
      <trkpt lat="33.885066" lon="-84.530951">
        <ele>292</ele>
        <time>2026-03-31T12:41:57Z</time>
        <cmt>speed: 0.0</cmt>
      </trkpt>
      <trkpt lat="33.884832" lon="-84.530834">
        <ele>308</ele>
        <time>2026-03-31T12:44:28Z</time>
        <cmt>speed: 0.1</cmt>
      </trkpt>
      <trkpt lat="33.884886" lon="-84.530858">
        <ele>298</ele>
        <time>2026-03-31T12:46:59Z</time>
        <cmt>speed: 0.0</cmt>
      </trkpt>
      <trkpt lat="33.884809" lon="-84.530915">
        <ele>325</ele>
        <time>2026-03-31T12:49:29Z</time>
        <cmt>speed: 0.0</cmt>
      </trkpt>
      <trkpt lat="33.884809" lon="-84.530915">
        <ele>325</ele>
        <time>2026-03-31T12:54:18Z</time>
      </trkpt>
      <trkpt lat="33.884835" lon="-84.530888">
        <ele>316</ele>
        <time>2026-03-31T12:55:11Z</time>
        <cmt>speed: 0.0</cmt>
      </trkpt>
      <trkpt lat="33.884803" lon="-84.530892">
        <ele>314</ele>
        <time>2026-03-31T12:57:40Z</time>
        <cmt>speed: 0.0</cmt>
      </trkpt>
      <trkpt lat="33.884811" lon="-84.530968">
        <ele>308</ele>
        <time>2026-03-31T13:00:10Z</time>
        <cmt>speed: 0.0</cmt>
      </trkpt>
      <trkpt lat="33.884799" lon="-84.530958">
        <ele>308</ele>
        <time>2026-03-31T13:02:40Z</time>
        <cmt>speed: 0.0</cmt>
      </trkpt>
      <trkpt lat="33.884825" lon="-84.530918">
        <ele>313</ele>
        <time>2026-03-31T13:05:10Z</time>
        <cmt>speed: 1.4</cmt>
      </trkpt>
      <trkpt lat="33.884935" lon="-84.530875">
        <ele>312</ele>
        <time>2026-03-31T13:07:43Z</time>
        <cmt>speed: 0.0</cmt>
      </trkpt>
      <trkpt lat="33.885126" lon="-84.530495">
        <ele>285</ele>
        <time>2026-03-31T13:10:13Z</time>
        <cmt>speed: 0.1</cmt>
      </trkpt>
      <trkpt lat="33.884986" lon="-84.530634">
        <ele>306</ele>
        <time>2026-03-31T13:12:40Z</time>
        <cmt>speed: 0.1</cmt>
      </trkpt>
      <trkpt lat="33.885034" lon="-84.53074">
        <ele>316</ele>
        <time>2026-03-31T13:15:10Z</time>
        <cmt>speed: 0.3</cmt>
      </trkpt>
      <trkpt lat="33.884961" lon="-84.530747">
        <ele>304</ele>
        <time>2026-03-31T13:17:41Z</time>
        <cmt>speed: 0.0</cmt>
      </trkpt>
      <trkpt lat="33.885076" lon="-84.530663">
        <ele>302</ele>
        <time>2026-03-31T13:20:10Z</time>
        <cmt>speed: 0.4</cmt>
      </trkpt>
      <trkpt lat="33.885405" lon="-84.530418">
        <ele>321</ele>
        <time>2026-03-31T13:22:39Z</time>
        <cmt>speed: 0.0</cmt>
      </trkpt>
      <trkpt lat="33.884987" lon="-84.530133">
        <ele>311</ele>
        <time>2026-03-31T13:25:10Z</time>
        <cmt>speed: 0.0</cmt>
      </trkpt>
      <trkpt lat="33.884809" lon="-84.530317">
        <ele>300</ele>
        <time>2026-03-31T13:27:39Z</time>
        <cmt>speed: 0.0</cmt>
      </trkpt>
      <trkpt lat="33.884692" lon="-84.530616">
        <ele>332</ele>
        <time>2026-03-31T13:30:09Z</time>
        <cmt>speed: 0.0</cmt>
      </trkpt>
      <trkpt lat="33.884634" lon="-84.530846">
        <ele>307</ele>
        <time>2026-03-31T13:32:40Z</time>
        <cmt>speed: 0.3</cmt>
      </trkpt>
      <trkpt lat="33.884545" lon="-84.530904">
        <ele>304</ele>
        <time>2026-03-31T13:35:10Z</time>
        <cmt>speed: 0.4</cmt>
      </trkpt>
      <trkpt lat="33.884514" lon="-84.530968">
        <ele>306</ele>
        <time>2026-03-31T13:37:40Z</time>
        <cmt>speed: 0.0</cmt>
      </trkpt>
      <trkpt lat="33.884546" lon="-84.530858">
        <ele>312</ele>
        <time>2026-03-31T13:43:22Z</time>
        <cmt>speed: 0.0</cmt>
      </trkpt>
      <trkpt lat="33.88447" lon="-84.530863">
        <ele>280</ele>
        <time>2026-03-31T13:45:50Z</time>
        <cmt>speed: 0.0</cmt>
      </trkpt>
      <trkpt lat="33.884525" lon="-84.53101">
        <ele>272</ele>
        <time>2026-03-31T13:48:20Z</time>
        <cmt>speed: 0.0</cmt>
      </trkpt>
      <trkpt lat="33.884494" lon="-84.530963">
        <ele>294</ele>
        <time>2026-03-31T13:50:51Z</time>
        <cmt>speed: 0.0</cmt>
      </trkpt>
      <trkpt lat="33.884494" lon="-84.530963">
        <ele>294</ele>
        <time>2026-03-31T13:55:40Z</time>
      </trkpt>
      <trkpt lat="33.884534" lon="-84.53093">
        <ele>314</ele>
        <time>2026-03-31T13:57:45Z</time>
        <cmt>speed: 0.1</cmt>
      </trkpt>
      <trkpt lat="33.884604" lon="-84.530946">
        <ele>331</ele>
        <time>2026-03-31T14:00:11Z</time>
        <cmt>speed: 0.0</cmt>
      </trkpt>
      <trkpt lat="33.884558" lon="-84.531025">
        <ele>301</ele>
        <time>2026-03-31T14:02:40Z</time>
        <cmt>speed: 0.0</cmt>
      </trkpt>
      <trkpt lat="33.884546" lon="-84.530907">
        <ele>315</ele>
        <time>2026-03-31T14:05:11Z</time>
        <cmt>speed: 0.0</cmt>
      </trkpt>
      <trkpt lat="33.884389" lon="-84.531041">
        <ele>317</ele>
        <time>2026-03-31T14:07:50Z</time>
        <cmt>speed: 0.1</cmt>
      </trkpt>
      <trkpt lat="33.884415" lon="-84.531012">
        <ele>303</ele>
        <time>2026-03-31T14:10:15Z</time>
        <cmt>speed: 0.3</cmt>
      </trkpt>
      <trkpt lat="33.884555" lon="-84.531069">
        <ele>293</ele>
        <time>2026-03-31T14:12:43Z</time>
        <cmt>speed: 0.4</cmt>
      </trkpt>
      <trkpt lat="33.884349" lon="-84.530824">
        <ele>320</ele>
        <time>2026-03-31T14:15:11Z</time>
        <cmt>speed: 0.3</cmt>
      </trkpt>
      <trkpt lat="33.884496" lon="-84.531012">
        <ele>298</ele>
        <time>2026-03-31T14:17:39Z</time>
        <cmt>speed: 0.2</cmt>
      </trkpt>
      <trkpt lat="33.884511" lon="-84.531145">
        <ele>293</ele>
        <time>2026-03-31T14:20:11Z</time>
        <cmt>speed: 0.5</cmt>
      </trkpt>
      <trkpt lat="33.884663" lon="-84.531023">
        <ele>302</ele>
        <time>2026-03-31T14:22:37Z</time>
        <cmt>speed: 0.0</cmt>
      </trkpt>
      <trkpt lat="33.88478" lon="-84.530806">
        <ele>314</ele>
        <time>2026-03-31T14:25:10Z</time>
        <cmt>speed: 0.1</cmt>
      </trkpt>
      <trkpt lat="33.88502" lon="-84.531029">
        <ele>294</ele>
        <time>2026-03-31T14:27:39Z</time>
        <cmt>speed: 0.0</cmt>
      </trkpt>
      <trkpt lat="33.885096" lon="-84.530903">
        <ele>320</ele>
        <time>2026-03-31T14:30:10Z</time>
        <cmt>speed: 0.0</cmt>
      </trkpt>
      <trkpt lat="33.885063" lon="-84.530963">
        <ele>313</ele>
        <time>2026-03-31T14:32:42Z</time>
        <cmt>speed: 0.1</cmt>
      </trkpt>
      <trkpt lat="33.88501" lon="-84.531014">
        <ele>319</ele>
        <time>2026-03-31T14:35:10Z</time>
        <cmt>speed: 0.0</cmt>
      </trkpt>
      <trkpt lat="33.885065" lon="-84.530514">
        <ele>258</ele>
        <time>2026-03-31T14:37:41Z</time>
        <cmt>speed: 0.0</cmt>
      </trkpt>
      <trkpt lat="33.88479" lon="-84.530637">
        <ele>286</ele>
        <time>2026-03-31T14:40:10Z</time>
        <cmt>speed: 0.0</cmt>
      </trkpt>
      <trkpt lat="33.884789" lon="-84.530612">
        <ele>308</ele>
        <time>2026-03-31T14:42:40Z</time>
        <cmt>speed: 0.0</cmt>
      </trkpt>
      <trkpt lat="33.88479" lon="-84.530592">
        <ele>317</ele>
        <time>2026-03-31T14:45:09Z</time>
        <cmt>speed: 0.0</cmt>
      </trkpt>
      <trkpt lat="33.884711" lon="-84.530847">
        <ele>282</ele>
        <time>2026-03-31T14:47:41Z</time>
        <cmt>speed: 0.2</cmt>
      </trkpt>
      <trkpt lat="33.884816" lon="-84.530634">
        <ele>294</ele>
        <time>2026-03-31T14:50:09Z</time>
        <cmt>speed: 0.5</cmt>
      </trkpt>
      <trkpt lat="33.884877" lon="-84.530679">
        <ele>294</ele>
        <time>2026-03-31T14:52:39Z</time>
        <cmt>speed: 0.0</cmt>
      </trkpt>
      <trkpt lat="33.884683" lon="-84.530705">
        <ele>305</ele>
        <time>2026-03-31T14:55:09Z</time>
        <cmt>speed: 0.0</cmt>
      </trkpt>
      <trkpt lat="33.884796" lon="-84.530921">
        <ele>299</ele>
        <time>2026-03-31T14:57:39Z</time>
        <cmt>speed: 0.3</cmt>
      </trkpt>
      <trkpt lat="33.884783" lon="-84.530918">
        <ele>306</ele>
        <time>2026-03-31T15:00:08Z</time>
        <cmt>speed: 0.1</cmt>
      </trkpt>
      <trkpt lat="33.884922" lon="-84.530839">
        <ele>350</ele>
        <time>2026-03-31T15:02:39Z</time>
        <cmt>speed: 0.0</cmt>
      </trkpt>
      <trkpt lat="33.88478" lon="-84.53081">
        <ele>290</ele>
        <time>2026-03-31T15:05:09Z</time>
        <cmt>speed: 0.0</cmt>
      </trkpt>
      <trkpt lat="33.884788" lon="-84.530859">
        <ele>307</ele>
        <time>2026-03-31T15:07:39Z</time>
        <cmt>speed: 0.0</cmt>
      </trkpt>
      <trkpt lat="33.884808" lon="-84.530736">
        <ele>293</ele>
        <time>2026-03-31T15:10:09Z</time>
        <cmt>speed: 0.0</cmt>
      </trkpt>
      <trkpt lat="33.884635" lon="-84.531003">
        <ele>312</ele>
        <time>2026-03-31T15:12:38Z</time>
        <cmt>speed: 0.0</cmt>
      </trkpt>
      <trkpt lat="33.884615" lon="-84.531115">
        <ele>298</ele>
        <time>2026-03-31T15:15:09Z</time>
        <cmt>speed: 0.0</cmt>
      </trkpt>
      <trkpt lat="33.884622" lon="-84.53108">
        <ele>289</ele>
        <time>2026-03-31T15:17:37Z</time>
        <cmt>speed: 0.0</cmt>
      </trkpt>
      <trkpt lat="33.884732" lon="-84.531075">
        <ele>294</ele>
        <time>2026-03-31T15:20:10Z</time>
        <cmt>speed: 0.0</cmt>
      </trkpt>
      <trkpt lat="33.884737" lon="-84.531012">
        <ele>296</ele>
        <time>2026-03-31T15:22:38Z</time>
        <cmt>speed: 0.0</cmt>
      </trkpt>
      <trkpt lat="33.884749" lon="-84.530884">
        <ele>309</ele>
        <time>2026-03-31T15:25:09Z</time>
        <cmt>speed: 0.0</cmt>
      </trkpt>
      <trkpt lat="33.884727" lon="-84.530827">
        <ele>331</ele>
        <time>2026-03-31T15:27:39Z</time>
        <cmt>speed: 0.3</cmt>
      </trkpt>
      <trkpt lat="33.88481" lon="-84.53082">
        <ele>307</ele>
        <time>2026-03-31T15:30:09Z</time>
        <cmt>speed: 0.0</cmt>
      </trkpt>
      <trkpt lat="33.884747" lon="-84.530814">
        <ele>315</ele>
        <time>2026-03-31T15:32:40Z</time>
        <cmt>speed: 0.2</cmt>
      </trkpt>
      <trkpt lat="33.884716" lon="-84.53107">
        <ele>293</ele>
        <time>2026-03-31T15:35:10Z</time>
        <cmt>speed: 0.0</cmt>
      </trkpt>
      <trkpt lat="33.884565" lon="-84.531">
        <ele>277</ele>
        <time>2026-03-31T15:39:24Z</time>
        <cmt>speed: 0.0</cmt>
      </trkpt>
      <trkpt lat="33.884837" lon="-84.531067">
        <ele>327</ele>
        <time>2026-03-31T15:41:57Z</time>
        <cmt>speed: 0.8</cmt>
      </trkpt>
      <trkpt lat="33.884991" lon="-84.530745">
        <ele>310</ele>
        <time>2026-03-31T15:44:29Z</time>
        <cmt>speed: 0.0</cmt>
      </trkpt>
      <trkpt lat="33.884818" lon="-84.530806">
        <ele>316</ele>
        <time>2026-03-31T15:46:58Z</time>
        <cmt>speed: 0.1</cmt>
      </trkpt>
      <trkpt lat="33.884817" lon="-84.530783">
        <ele>322</ele>
        <time>2026-03-31T15:49:27Z</time>
        <cmt>speed: 0.0</cmt>
      </trkpt>
      <trkpt lat="33.884881" lon="-84.53092">
        <ele>327</ele>
        <time>2026-03-31T15:51:57Z</time>
        <cmt>speed: 0.0</cmt>
      </trkpt>
      <trkpt lat="33.884749" lon="-84.530916">
        <ele>328</ele>
        <time>2026-03-31T15:54:27Z</time>
        <cmt>speed: 0.4</cmt>
      </trkpt>
      <trkpt lat="33.884793" lon="-84.530822">
        <ele>317</ele>
        <time>2026-03-31T15:56:58Z</time>
        <cmt>speed: 0.0</cmt>
      </trkpt>
      <trkpt lat="33.88483" lon="-84.530822">
        <ele>301</ele>
        <time>2026-03-31T15:59:28Z</time>
        <cmt>speed: 0.5</cmt>
      </trkpt>
      <trkpt lat="33.884746" lon="-84.531009">
        <ele>315</ele>
        <time>2026-03-31T16:02:05Z</time>
        <cmt>speed: 1.2</cmt>
      </trkpt>
      <trkpt lat="33.884831" lon="-84.530978">
        <ele>315</ele>
        <time>2026-03-31T16:04:27Z</time>
        <cmt>speed: 0.0</cmt>
      </trkpt>
      <trkpt lat="33.884772" lon="-84.530989">
        <ele>300</ele>
        <time>2026-03-31T16:06:57Z</time>
        <cmt>speed: 0.0</cmt>
      </trkpt>
      <trkpt lat="33.884816" lon="-84.530938">
        <ele>304</ele>
        <time>2026-03-31T16:09:30Z</time>
        <cmt>speed: 0.0</cmt>
      </trkpt>
      <trkpt lat="33.884812" lon="-84.530934">
        <ele>296</ele>
        <time>2026-03-31T16:13:11Z</time>
        <cmt>speed: 0.0</cmt>
      </trkpt>
      <trkpt lat="33.884821" lon="-84.530903">
        <ele>302</ele>
        <time>2026-03-31T16:15:48Z</time>
        <cmt>speed: 0.0</cmt>
      </trkpt>
      <trkpt lat="33.884828" lon="-84.531002">
        <ele>296</ele>
        <time>2026-03-31T16:23:44Z</time>
        <cmt>speed: 0.0</cmt>
      </trkpt>
      <trkpt lat="33.88486" lon="-84.530982">
        <ele>314</ele>
        <time>2026-03-31T16:26:14Z</time>
        <cmt>speed: 0.0</cmt>
      </trkpt>
      <trkpt lat="33.884862" lon="-84.530698">
        <ele>356</ele>
        <time>2026-03-31T16:28:46Z</time>
        <cmt>speed: 0.4</cmt>
      </trkpt>
      <trkpt lat="33.885004" lon="-84.530711">
        <ele>362</ele>
        <time>2026-03-31T16:31:24Z</time>
        <cmt>speed: 0.5</cmt>
      </trkpt>
      <trkpt lat="33.885004" lon="-84.530711">
        <ele>362</ele>
        <time>2026-03-31T16:34:17Z</time>
      </trkpt>
      <trkpt lat="33.884786" lon="-84.531105">
        <ele>295</ele>
        <time>2026-03-31T16:38:55Z</time>
        <cmt>speed: 4.8</cmt>
      </trkpt>
      <trkpt lat="33.884928" lon="-84.531081">
        <ele>264</ele>
        <time>2026-03-31T17:14:45Z</time>
        <cmt>speed: 0.3</cmt>
      </trkpt>
      <trkpt lat="33.884838" lon="-84.530921">
        <ele>297</ele>
        <time>2026-03-31T17:20:52Z</time>
        <cmt>speed: 0.1</cmt>
      </trkpt>
      <trkpt lat="33.884844" lon="-84.530969">
        <ele>289</ele>
        <time>2026-03-31T17:23:28Z</time>
        <cmt>speed: 0.1</cmt>
      </trkpt>
      <trkpt lat="33.884844" lon="-84.530969">
        <ele>289</ele>
        <time>2026-03-31T17:24:35Z</time>
      </trkpt>
      <trkpt lat="33.884832" lon="-84.53091">
        <ele>299</ele>
        <time>2026-03-31T17:31:17Z</time>
        <cmt>speed: 0.0</cmt>
      </trkpt>
      <trkpt lat="33.884843" lon="-84.530842">
        <ele>304</ele>
        <time>2026-03-31T17:33:47Z</time>
        <cmt>speed: 0.0</cmt>
      </trkpt>
      <trkpt lat="33.884954" lon="-84.531034">
        <ele>302</ele>
        <time>2026-03-31T17:36:18Z</time>
        <cmt>speed: 0.0</cmt>
      </trkpt>
      <trkpt lat="33.88487" lon="-84.530998">
        <ele>285</ele>
        <time>2026-03-31T17:38:44Z</time>
        <cmt>speed: 0.0</cmt>
      </trkpt>
      <trkpt lat="33.884861" lon="-84.531063">
        <ele>294</ele>
        <time>2026-03-31T17:41:21Z</time>
        <cmt>speed: 0.1</cmt>
      </trkpt>
      <trkpt lat="33.88488" lon="-84.530958">
        <ele>282</ele>
        <time>2026-03-31T17:43:44Z</time>
        <cmt>speed: 0.0</cmt>
      </trkpt>
      <trkpt lat="33.884819" lon="-84.531011">
        <ele>286</ele>
        <time>2026-03-31T17:46:14Z</time>
        <cmt>speed: 0.0</cmt>
      </trkpt>
      <trkpt lat="33.88482" lon="-84.530807">
        <ele>313</ele>
        <time>2026-03-31T17:48:49Z</time>
        <cmt>speed: 0.0</cmt>
      </trkpt>
      <trkpt lat="33.884753" lon="-84.530945">
        <ele>291</ele>
        <time>2026-03-31T17:51:17Z</time>
        <cmt>speed: 0.6</cmt>
      </trkpt>
      <trkpt lat="33.884806" lon="-84.530803">
        <ele>299</ele>
        <time>2026-03-31T17:53:55Z</time>
        <cmt>speed: 0.1</cmt>
      </trkpt>
      <trkpt lat="33.884806" lon="-84.530803">
        <ele>299</ele>
        <time>2026-03-31T17:56:19Z</time>
      </trkpt>
      <trkpt lat="33.884919" lon="-84.530971">
        <ele>304</ele>
        <time>2026-03-31T18:08:00Z</time>
        <cmt>speed: 0.5</cmt>
      </trkpt>
      <trkpt lat="33.884784" lon="-84.531008">
        <ele>305</ele>
        <time>2026-03-31T18:11:42Z</time>
        <cmt>speed: 0.2</cmt>
      </trkpt>
      <trkpt lat="33.884784" lon="-84.531008">
        <ele>305</ele>
        <time>2026-03-31T18:18:00Z</time>
      </trkpt>
      <trkpt lat="33.884805" lon="-84.530928">
        <ele>298</ele>
        <time>2026-03-31T18:18:54Z</time>
        <cmt>speed: 0.8</cmt>
      </trkpt>
      <trkpt lat="33.884916" lon="-84.531033">
        <ele>309</ele>
        <time>2026-03-31T18:21:27Z</time>
        <cmt>speed: 0.7</cmt>
      </trkpt>
      <trkpt lat="33.884916" lon="-84.531033">
        <ele>309</ele>
        <time>2026-03-31T18:28:00Z</time>
      </trkpt>
      <trkpt lat="33.884866" lon="-84.530784">
        <ele>308</ele>
        <time>2026-03-31T19:05:37Z</time>
        <cmt>speed: 0.1</cmt>
      </trkpt>
      <trkpt lat="33.884927" lon="-84.530872">
        <ele>290</ele>
        <time>2026-03-31T19:07:58Z</time>
        <cmt>speed: 0.1</cmt>
      </trkpt>
      <trkpt lat="33.884829" lon="-84.530862">
        <ele>322</ele>
        <time>2026-03-31T19:10:29Z</time>
        <cmt>speed: 0.0</cmt>
      </trkpt>
      <trkpt lat="33.88493" lon="-84.53088">
        <ele>300</ele>
        <time>2026-03-31T19:12:58Z</time>
        <cmt>speed: 0.0</cmt>
      </trkpt>
      <trkpt lat="33.884807" lon="-84.530849">
        <ele>335</ele>
        <time>2026-03-31T19:15:28Z</time>
        <cmt>speed: 0.0</cmt>
      </trkpt>
      <trkpt lat="33.884962" lon="-84.5309">
        <ele>324</ele>
        <time>2026-03-31T19:17:57Z</time>
        <cmt>speed: 0.2</cmt>
      </trkpt>
      <trkpt lat="33.884881" lon="-84.53081">
        <ele>352</ele>
        <time>2026-03-31T19:20:30Z</time>
        <cmt>speed: 0.1</cmt>
      </trkpt>
      <trkpt lat="33.884685" lon="-84.530975">
        <ele>303</ele>
        <time>2026-03-31T19:22:58Z</time>
        <cmt>speed: 0.1</cmt>
      </trkpt>
      <trkpt lat="33.884721" lon="-84.530974">
        <ele>327</ele>
        <time>2026-03-31T19:25:28Z</time>
        <cmt>speed: 0.0</cmt>
      </trkpt>
      <trkpt lat="33.884812" lon="-84.531014">
        <ele>308</ele>
        <time>2026-03-31T19:27:58Z</time>
        <cmt>speed: 0.9</cmt>
      </trkpt>
      <trkpt lat="33.884675" lon="-84.531009">
        <ele>321</ele>
        <time>2026-03-31T19:30:30Z</time>
        <cmt>speed: 0.0</cmt>
      </trkpt>
      <trkpt lat="33.88468" lon="-84.530915">
        <ele>293</ele>
        <time>2026-03-31T19:32:57Z</time>
        <cmt>speed: 0.2</cmt>
      </trkpt>
      <trkpt lat="33.884649" lon="-84.530841">
        <ele>295</ele>
        <time>2026-03-31T19:35:28Z</time>
        <cmt>speed: 0.0</cmt>
      </trkpt>
      <trkpt lat="33.884417" lon="-84.530798">
        <ele>315</ele>
        <time>2026-03-31T19:37:57Z</time>
        <cmt>speed: 0.0</cmt>
      </trkpt>
      <trkpt lat="33.884412" lon="-84.530805">
        <ele>297</ele>
        <time>2026-03-31T19:40:27Z</time>
        <cmt>speed: 0.0</cmt>
      </trkpt>
      <trkpt lat="33.884587" lon="-84.530879">
        <ele>303</ele>
        <time>2026-03-31T19:42:57Z</time>
        <cmt>speed: 0.2</cmt>
      </trkpt>
      <trkpt lat="33.884744" lon="-84.530973">
        <ele>309</ele>
        <time>2026-03-31T19:45:27Z</time>
        <cmt>speed: 0.4</cmt>
      </trkpt>
      <trkpt lat="33.884787" lon="-84.530831">
        <ele>285</ele>
        <time>2026-03-31T19:47:57Z</time>
        <cmt>speed: 0.0</cmt>
      </trkpt>
      <trkpt lat="33.884859" lon="-84.53099">
        <ele>325</ele>
        <time>2026-03-31T19:50:28Z</time>
        <cmt>speed: 0.7</cmt>
      </trkpt>
      <trkpt lat="33.884909" lon="-84.530791">
        <ele>312</ele>
        <time>2026-03-31T19:53:01Z</time>
        <cmt>speed: 0.1</cmt>
      </trkpt>
      <trkpt lat="33.884833" lon="-84.530786">
        <ele>305</ele>
        <time>2026-03-31T19:55:27Z</time>
        <cmt>speed: 0.0</cmt>
      </trkpt>
      <trkpt lat="33.884918" lon="-84.53101">
        <ele>316</ele>
        <time>2026-03-31T19:57:57Z</time>
        <cmt>speed: 0.1</cmt>
      </trkpt>
      <trkpt lat="33.884814" lon="-84.530833">
        <ele>365</ele>
        <time>2026-03-31T20:00:35Z</time>
        <cmt>speed: 1.2</cmt>
      </trkpt>
      <trkpt lat="33.884913" lon="-84.530892">
        <ele>338</ele>
        <time>2026-03-31T20:11:40Z</time>
        <cmt>speed: 0.0</cmt>
      </trkpt>
      <trkpt lat="33.884956" lon="-84.531005">
        <ele>288</ele>
        <time>2026-03-31T20:14:06Z</time>
        <cmt>speed: 0.0</cmt>
      </trkpt>
      <trkpt lat="33.884863" lon="-84.5309">
        <ele>311</ele>
        <time>2026-03-31T20:17:27Z</time>
        <cmt>speed: 0.1</cmt>
      </trkpt>
      <trkpt lat="33.884903" lon="-84.530974">
        <ele>335</ele>
        <time>2026-03-31T20:19:57Z</time>
        <cmt>speed: 0.0</cmt>
      </trkpt>
      <trkpt lat="33.884756" lon="-84.530933">
        <ele>345</ele>
        <time>2026-03-31T20:22:28Z</time>
        <cmt>speed: 0.0</cmt>
      </trkpt>
      <trkpt lat="33.884872" lon="-84.530885">
        <ele>322</ele>
        <time>2026-03-31T20:26:23Z</time>
        <cmt>speed: 0.0</cmt>
      </trkpt>
      <trkpt lat="33.884962" lon="-84.531007">
        <ele>321</ele>
        <time>2026-03-31T20:28:52Z</time>
        <cmt>speed: 0.1</cmt>
      </trkpt>
      <trkpt lat="33.884934" lon="-84.531001">
        <ele>316</ele>
        <time>2026-03-31T20:31:24Z</time>
        <cmt>speed: 0.0</cmt>
      </trkpt>
      <trkpt lat="33.884973" lon="-84.531058">
        <ele>346</ele>
        <time>2026-03-31T20:33:53Z</time>
        <cmt>speed: 0.4</cmt>
      </trkpt>
      <trkpt lat="33.885022" lon="-84.531088">
        <ele>344</ele>
        <time>2026-03-31T20:36:28Z</time>
        <cmt>speed: 0.1</cmt>
      </trkpt>
      <trkpt lat="33.884956" lon="-84.530937">
        <ele>366</ele>
        <time>2026-03-31T20:38:54Z</time>
        <cmt>speed: 0.1</cmt>
      </trkpt>
      <trkpt lat="33.88501" lon="-84.53102">
        <ele>327</ele>
        <time>2026-03-31T20:47:08Z</time>
        <cmt>speed: 0.2</cmt>
      </trkpt>
      <trkpt lat="33.885025" lon="-84.531009">
        <ele>323</ele>
        <time>2026-03-31T20:49:38Z</time>
        <cmt>speed: 0.0</cmt>
      </trkpt>
      <trkpt lat="33.884947" lon="-84.531002">
        <ele>323</ele>
        <time>2026-03-31T20:52:08Z</time>
        <cmt>speed: 0.0</cmt>
      </trkpt>
      <trkpt lat="33.885002" lon="-84.530996">
        <ele>321</ele>
        <time>2026-03-31T20:54:37Z</time>
        <cmt>speed: 0.1</cmt>
      </trkpt>
      <trkpt lat="33.885011" lon="-84.530793">
        <ele>290</ele>
        <time>2026-03-31T20:57:09Z</time>
        <cmt>speed: 0.0</cmt>
      </trkpt>
      <trkpt lat="33.884991" lon="-84.530734">
        <ele>312</ele>
        <time>2026-03-31T20:59:38Z</time>
        <cmt>speed: 0.0</cmt>
      </trkpt>
      <trkpt lat="33.885001" lon="-84.530787">
        <ele>309</ele>
        <time>2026-03-31T21:02:07Z</time>
        <cmt>speed: 0.0</cmt>
      </trkpt>
      <trkpt lat="33.884953" lon="-84.530847">
        <ele>318</ele>
        <time>2026-03-31T21:04:39Z</time>
        <cmt>speed: 0.0</cmt>
      </trkpt>
      <trkpt lat="33.885022" lon="-84.53091">
        <ele>313</ele>
        <time>2026-03-31T21:07:08Z</time>
        <cmt>speed: 0.0</cmt>
      </trkpt>
      <trkpt lat="33.885005" lon="-84.530857">
        <ele>339</ele>
        <time>2026-03-31T21:09:37Z</time>
        <cmt>speed: 0.0</cmt>
      </trkpt>
      <trkpt lat="33.884884" lon="-84.530993">
        <ele>326</ele>
        <time>2026-03-31T21:12:10Z</time>
        <cmt>speed: 0.0</cmt>
      </trkpt>
      <trkpt lat="33.884951" lon="-84.531047">
        <ele>314</ele>
        <time>2026-03-31T21:15:21Z</time>
        <cmt>speed: 0.0</cmt>
      </trkpt>
      <trkpt lat="33.885011" lon="-84.530973">
        <ele>275</ele>
        <time>2026-03-31T21:17:51Z</time>
        <cmt>speed: 0.0</cmt>
      </trkpt>
      <trkpt lat="33.885073" lon="-84.530665">
        <ele>308</ele>
        <time>2026-03-31T21:20:20Z</time>
        <cmt>speed: 0.0</cmt>
      </trkpt>
      <trkpt lat="33.885045" lon="-84.530344">
        <ele>327</ele>
        <time>2026-03-31T21:22:56Z</time>
        <cmt>speed: 0.0</cmt>
      </trkpt>
      <trkpt lat="33.885082" lon="-84.530582">
        <ele>300</ele>
        <time>2026-03-31T21:25:20Z</time>
        <cmt>speed: 0.0</cmt>
      </trkpt>
      <trkpt lat="33.885056" lon="-84.530338">
        <ele>287</ele>
        <time>2026-03-31T21:30:22Z</time>
        <cmt>speed: 0.0</cmt>
      </trkpt>
      <trkpt lat="33.884952" lon="-84.530417">
        <ele>297</ele>
        <time>2026-03-31T21:32:51Z</time>
        <cmt>speed: 0.0</cmt>
      </trkpt>
      <trkpt lat="33.885097" lon="-84.530597">
        <ele>291</ele>
        <time>2026-03-31T21:35:20Z</time>
        <cmt>speed: 0.0</cmt>
      </trkpt>
      <trkpt lat="33.8851" lon="-84.530627">
        <ele>266</ele>
        <time>2026-03-31T21:37:50Z</time>
        <cmt>speed: 0.0</cmt>
      </trkpt>
      <trkpt lat="33.885035" lon="-84.530615">
        <ele>300</ele>
        <time>2026-03-31T21:40:21Z</time>
        <cmt>speed: 0.0</cmt>
      </trkpt>
      <trkpt lat="33.885173" lon="-84.530605">
        <ele>243</ele>
        <time>2026-03-31T21:42:50Z</time>
        <cmt>speed: 0.0</cmt>
      </trkpt>
      <trkpt lat="33.88496" lon="-84.530649">
        <ele>328</ele>
        <time>2026-03-31T21:45:19Z</time>
        <cmt>speed: 0.0</cmt>
      </trkpt>
      <trkpt lat="33.885063" lon="-84.530644">
        <ele>290</ele>
        <time>2026-03-31T21:48:08Z</time>
        <cmt>speed: 0.0</cmt>
      </trkpt>
      <trkpt lat="33.885055" lon="-84.530584">
        <ele>310</ele>
        <time>2026-03-31T21:54:44Z</time>
        <cmt>speed: 0.0</cmt>
      </trkpt>
      <trkpt lat="33.885056" lon="-84.530458">
        <ele>314</ele>
        <time>2026-03-31T21:57:13Z</time>
        <cmt>speed: 0.0</cmt>
      </trkpt>
      <trkpt lat="33.885039" lon="-84.530362">
        <ele>328</ele>
        <time>2026-03-31T21:59:43Z</time>
        <cmt>speed: 0.0</cmt>
      </trkpt>
      <trkpt lat="33.885036" lon="-84.530628">
        <ele>297</ele>
        <time>2026-03-31T22:04:45Z</time>
        <cmt>speed: 0.2</cmt>
      </trkpt>
      <trkpt lat="33.884948" lon="-84.530565">
        <ele>318</ele>
        <time>2026-03-31T22:07:15Z</time>
        <cmt>speed: 0.0</cmt>
      </trkpt>
      <trkpt lat="33.88503" lon="-84.530619">
        <ele>287</ele>
        <time>2026-03-31T22:09:43Z</time>
        <cmt>speed: 0.0</cmt>
      </trkpt>
      <trkpt lat="33.885049" lon="-84.530582">
        <ele>293</ele>
        <time>2026-03-31T22:12:13Z</time>
        <cmt>speed: 0.0</cmt>
      </trkpt>
      <trkpt lat="33.885079" lon="-84.530719">
        <ele>296</ele>
        <time>2026-03-31T22:14:45Z</time>
        <cmt>speed: 0.0</cmt>
      </trkpt>
      <trkpt lat="33.885094" lon="-84.530667">
        <ele>293</ele>
        <time>2026-03-31T22:17:16Z</time>
        <cmt>speed: 0.1</cmt>
      </trkpt>
      <trkpt lat="33.885148" lon="-84.530648">
        <ele>294</ele>
        <time>2026-03-31T22:19:44Z</time>
        <cmt>speed: 0.1</cmt>
      </trkpt>
      <trkpt lat="33.885104" lon="-84.530576">
        <ele>329</ele>
        <time>2026-03-31T22:22:14Z</time>
        <cmt>speed: 0.0</cmt>
      </trkpt>
      <trkpt lat="33.885053" lon="-84.53062">
        <ele>316</ele>
        <time>2026-03-31T22:24:42Z</time>
        <cmt>speed: 0.0</cmt>
      </trkpt>
      <trkpt lat="33.885079" lon="-84.530701">
        <ele>312</ele>
        <time>2026-03-31T22:27:12Z</time>
        <cmt>speed: 0.0</cmt>
      </trkpt>
      <trkpt lat="33.885198" lon="-84.530711">
        <ele>290</ele>
        <time>2026-03-31T22:29:45Z</time>
        <cmt>speed: 0.0</cmt>
      </trkpt>
      <trkpt lat="33.885114" lon="-84.530703">
        <ele>301</ele>
        <time>2026-03-31T22:32:15Z</time>
        <cmt>speed: 0.0</cmt>
      </trkpt>
      <trkpt lat="33.885155" lon="-84.530683">
        <ele>299</ele>
        <time>2026-03-31T22:34:47Z</time>
        <cmt>speed: 0.0</cmt>
      </trkpt>
      <trkpt lat="33.885086" lon="-84.530702">
        <ele>319</ele>
        <time>2026-03-31T22:37:16Z</time>
        <cmt>speed: 0.2</cmt>
      </trkpt>
      <trkpt lat="33.885143" lon="-84.530744">
        <ele>302</ele>
        <time>2026-03-31T22:39:47Z</time>
        <cmt>speed: 0.0</cmt>
      </trkpt>
      <trkpt lat="33.885094" lon="-84.530676">
        <ele>304</ele>
        <time>2026-03-31T22:42:17Z</time>
        <cmt>speed: 0.0</cmt>
      </trkpt>
      <trkpt lat="33.88509" lon="-84.530509">
        <ele>347</ele>
        <time>2026-03-31T22:44:47Z</time>
        <cmt>speed: 0.0</cmt>
      </trkpt>
      <trkpt lat="33.885124" lon="-84.530672">
        <ele>334</ele>
        <time>2026-03-31T22:47:15Z</time>
        <cmt>speed: 0.0</cmt>
      </trkpt>
      <trkpt lat="33.885073" lon="-84.530527">
        <ele>354</ele>
        <time>2026-03-31T22:49:48Z</time>
        <cmt>speed: 0.0</cmt>
      </trkpt>
      <trkpt lat="33.885073" lon="-84.530527">
        <ele>354</ele>
        <time>2026-03-31T22:49:48Z</time>
      </trkpt>
      <trkpt lat="33.885142" lon="-84.530807">
        <ele>293</ele>
        <time>2026-03-31T22:52:16Z</time>
        <cmt>speed: 0.0</cmt>
      </trkpt>
      <trkpt lat="33.885133" lon="-84.530633">
        <ele>328</ele>
        <time>2026-03-31T22:54:47Z</time>
        <cmt>speed: 0.0</cmt>
      </trkpt>
      <trkpt lat="33.885125" lon="-84.530557">
        <ele>315</ele>
        <time>2026-03-31T22:57:36Z</time>
        <cmt>speed: 0.0</cmt>
      </trkpt>
      <trkpt lat="33.88513" lon="-84.530693">
        <ele>297</ele>
        <time>2026-03-31T23:00:06Z</time>
        <cmt>speed: 0.0</cmt>
      </trkpt>
      <trkpt lat="33.885116" lon="-84.530647">
        <ele>292</ele>
        <time>2026-03-31T23:03:00Z</time>
        <cmt>speed: 0.0</cmt>
      </trkpt>
      <trkpt lat="33.885143" lon="-84.530643">
        <ele>314</ele>
        <time>2026-03-31T23:05:30Z</time>
        <cmt>speed: 0.0</cmt>
      </trkpt>
      <trkpt lat="33.885125" lon="-84.530701">
        <ele>302</ele>
        <time>2026-03-31T23:07:58Z</time>
        <cmt>speed: 0.0</cmt>
      </trkpt>
      <trkpt lat="33.885125" lon="-84.530701">
        <ele>302</ele>
        <time>2026-03-31T23:10:06Z</time>
      </trkpt>
      <trkpt lat="33.885149" lon="-84.530697">
        <ele>304</ele>
        <time>2026-03-31T23:10:36Z</time>
        <cmt>speed: 0.0</cmt>
      </trkpt>
      <trkpt lat="33.885061" lon="-84.53066">
        <ele>323</ele>
        <time>2026-03-31T23:13:04Z</time>
        <cmt>speed: 0.0</cmt>
      </trkpt>
      <trkpt lat="33.88517" lon="-84.530928">
        <ele>312</ele>
        <time>2026-03-31T23:15:35Z</time>
        <cmt>speed: 0.0</cmt>
      </trkpt>
      <trkpt lat="33.884924" lon="-84.530866">
        <ele>304</ele>
        <time>2026-03-31T23:18:06Z</time>
        <cmt>speed: 0.0</cmt>
      </trkpt>
      <trkpt lat="33.884912" lon="-84.53093">
        <ele>316</ele>
        <time>2026-03-31T23:20:36Z</time>
        <cmt>speed: 0.3</cmt>
      </trkpt>
      <trkpt lat="33.884854" lon="-84.530955">
        <ele>292</ele>
        <time>2026-03-31T23:23:03Z</time>
        <cmt>speed: 0.0</cmt>
      </trkpt>
      <trkpt lat="33.884731" lon="-84.530949">
        <ele>278</ele>
        <time>2026-03-31T23:25:35Z</time>
        <cmt>speed: 0.0</cmt>
      </trkpt>
      <trkpt lat="33.884845" lon="-84.530944">
        <ele>291</ele>
        <time>2026-03-31T23:28:06Z</time>
        <cmt>speed: 0.0</cmt>
      </trkpt>
      <trkpt lat="33.8851" lon="-84.531068">
        <ele>327</ele>
        <time>2026-03-31T23:30:35Z</time>
        <cmt>speed: 0.0</cmt>
      </trkpt>
      <trkpt lat="33.885009" lon="-84.531069">
        <ele>320</ele>
        <time>2026-03-31T23:33:05Z</time>
        <cmt>speed: 0.0</cmt>
      </trkpt>
      <trkpt lat="33.885101" lon="-84.531184">
        <ele>334</ele>
        <time>2026-03-31T23:35:37Z</time>
        <cmt>speed: 0.1</cmt>
      </trkpt>
      <trkpt lat="33.884877" lon="-84.53129">
        <ele>318</ele>
        <time>2026-03-31T23:38:05Z</time>
        <cmt>speed: 0.0</cmt>
      </trkpt>
      <trkpt lat="33.884877" lon="-84.53129">
        <ele>318</ele>
        <time>2026-03-31T23:40:36Z</time>
      </trkpt>
      <trkpt lat="33.885026" lon="-84.531138">
        <ele>301</ele>
        <time>2026-03-31T23:42:18Z</time>
        <cmt>speed: 0.0</cmt>
      </trkpt>
      <trkpt lat="33.885022" lon="-84.531071">
        <ele>322</ele>
        <time>2026-03-31T23:44:48Z</time>
        <cmt>speed: 0.0</cmt>
      </trkpt>
      <trkpt lat="33.884955" lon="-84.530975">
        <ele>290</ele>
        <time>2026-03-31T23:47:19Z</time>
        <cmt>speed: 0.2</cmt>
      </trkpt>
      <trkpt lat="33.885196" lon="-84.53098">
        <ele>339</ele>
        <time>2026-03-31T23:49:58Z</time>
        <cmt>speed: 0.1</cmt>
      </trkpt>
      <trkpt lat="33.885196" lon="-84.53098">
        <ele>339</ele>
        <time>2026-03-31T23:50:36Z</time>
      </trkpt>
      <trkpt lat="33.884945" lon="-84.531059">
        <ele>276</ele>
        <time>2026-03-31T23:52:17Z</time>
        <cmt>speed: 0.0</cmt>
      </trkpt>
      <trkpt lat="33.885005" lon="-84.530753">
        <ele>306</ele>
        <time>2026-03-31T23:54:50Z</time>
        <cmt>speed: 0.4</cmt>
      </trkpt>
      <trkpt lat="33.885046" lon="-84.530793">
        <ele>311</ele>
        <time>2026-03-31T23:57:18Z</time>
        <cmt>speed: 0.3</cmt>
      </trkpt>
      <trkpt lat="33.88513" lon="-84.531111">
        <ele>334</ele>
        <time>2026-03-31T23:59:57Z</time>
        <cmt>speed: 0.1</cmt>
      </trkpt>
      <trkpt lat="33.885114" lon="-84.531166">
        <ele>293</ele>
        <time>2026-04-01T00:02:21Z</time>
        <cmt>speed: 0.0</cmt>
      </trkpt>
      <trkpt lat="33.885066" lon="-84.530621">
        <ele>304</ele>
        <time>2026-04-01T00:04:47Z</time>
        <cmt>speed: 0.5</cmt>
      </trkpt>
      <trkpt lat="33.884821" lon="-84.530592">
        <ele>305</ele>
        <time>2026-04-01T00:07:19Z</time>
        <cmt>speed: 0.0</cmt>
      </trkpt>
      <trkpt lat="33.884894" lon="-84.530532">
        <ele>304</ele>
        <time>2026-04-01T00:09:47Z</time>
        <cmt>speed: 0.5</cmt>
      </trkpt>
      <trkpt lat="33.884537" lon="-84.530465">
        <ele>324</ele>
        <time>2026-04-01T00:12:17Z</time>
        <cmt>speed: 0.1</cmt>
      </trkpt>
      <trkpt lat="33.884533" lon="-84.530514">
        <ele>323</ele>
        <time>2026-04-01T00:14:47Z</time>
        <cmt>speed: 0.3</cmt>
      </trkpt>
      <trkpt lat="33.884615" lon="-84.530267">
        <ele>317</ele>
        <time>2026-04-01T00:17:17Z</time>
        <cmt>speed: 0.0</cmt>
      </trkpt>
      <trkpt lat="33.884705" lon="-84.530351">
        <ele>305</ele>
        <time>2026-04-01T00:19:49Z</time>
        <cmt>speed: 0.0</cmt>
      </trkpt>
      <trkpt lat="33.885221" lon="-84.530583">
        <ele>317</ele>
        <time>2026-04-01T00:22:17Z</time>
        <cmt>speed: 0.4</cmt>
      </trkpt>
      <trkpt lat="33.885138" lon="-84.530744">
        <ele>284</ele>
        <time>2026-04-01T00:24:47Z</time>
        <cmt>speed: 0.0</cmt>
      </trkpt>
      <trkpt lat="33.885121" lon="-84.530602">
        <ele>300</ele>
        <time>2026-04-01T00:27:17Z</time>
        <cmt>speed: 1.4</cmt>
      </trkpt>
      <trkpt lat="33.88475" lon="-84.530705">
        <ele>317</ele>
        <time>2026-04-01T00:29:46Z</time>
        <cmt>speed: 0.0</cmt>
      </trkpt>
      <trkpt lat="33.884753" lon="-84.530705">
        <ele>302</ele>
        <time>2026-04-01T00:32:17Z</time>
        <cmt>speed: 0.0</cmt>
      </trkpt>
      <trkpt lat="33.884762" lon="-84.530786">
        <ele>297</ele>
        <time>2026-04-01T00:34:48Z</time>
        <cmt>speed: 0.0</cmt>
      </trkpt>
      <trkpt lat="33.884827" lon="-84.530717">
        <ele>294</ele>
        <time>2026-04-01T00:37:17Z</time>
        <cmt>speed: 0.0</cmt>
      </trkpt>
      <trkpt lat="33.884891" lon="-84.5307">
        <ele>289</ele>
        <time>2026-04-01T00:39:50Z</time>
        <cmt>speed: 0.3</cmt>
      </trkpt>
      <trkpt lat="33.884614" lon="-84.530321">
        <ele>301</ele>
        <time>2026-04-01T00:42:17Z</time>
        <cmt>speed: 0.4</cmt>
      </trkpt>
      <trkpt lat="33.884606" lon="-84.530429">
        <ele>299</ele>
        <time>2026-04-01T00:44:47Z</time>
        <cmt>speed: 0.0</cmt>
      </trkpt>
      <trkpt lat="33.884808" lon="-84.530661">
        <ele>292</ele>
        <time>2026-04-01T00:47:16Z</time>
        <cmt>speed: 0.0</cmt>
      </trkpt>
      <trkpt lat="33.884805" lon="-84.530506">
        <ele>296</ele>
        <time>2026-04-01T00:49:46Z</time>
        <cmt>speed: 0.0</cmt>
      </trkpt>
      <trkpt lat="33.88477" lon="-84.530649">
        <ele>291</ele>
        <time>2026-04-01T00:52:17Z</time>
        <cmt>speed: 0.0</cmt>
      </trkpt>
      <trkpt lat="33.884828" lon="-84.530655">
        <ele>300</ele>
        <time>2026-04-01T00:54:45Z</time>
        <cmt>speed: 0.0</cmt>
      </trkpt>
      <trkpt lat="33.8848" lon="-84.530625">
        <ele>292</ele>
        <time>2026-04-01T00:57:17Z</time>
        <cmt>speed: 0.0</cmt>
      </trkpt>
      <trkpt lat="33.88475" lon="-84.53046">
        <ele>312</ele>
        <time>2026-04-01T00:59:47Z</time>
        <cmt>speed: 0.0</cmt>
      </trkpt>
      <trkpt lat="33.88467" lon="-84.530453">
        <ele>312</ele>
        <time>2026-04-01T01:02:17Z</time>
        <cmt>speed: 0.0</cmt>
      </trkpt>
      <trkpt lat="33.885038" lon="-84.530717">
        <ele>297</ele>
        <time>2026-04-01T01:04:45Z</time>
        <cmt>speed: 0.2</cmt>
      </trkpt>
      <trkpt lat="33.884941" lon="-84.530862">
        <ele>305</ele>
        <time>2026-04-01T01:07:16Z</time>
        <cmt>speed: 0.2</cmt>
      </trkpt>
      <trkpt lat="33.884737" lon="-84.530921">
        <ele>317</ele>
        <time>2026-04-01T01:09:46Z</time>
        <cmt>speed: 0.2</cmt>
      </trkpt>
      <trkpt lat="33.884739" lon="-84.530715">
        <ele>303</ele>
        <time>2026-04-01T01:12:17Z</time>
        <cmt>speed: 0.0</cmt>
      </trkpt>
      <trkpt lat="33.884664" lon="-84.530207">
        <ele>331</ele>
        <time>2026-04-01T01:14:46Z</time>
        <cmt>speed: 0.0</cmt>
      </trkpt>
      <trkpt lat="33.884784" lon="-84.530615">
        <ele>313</ele>
        <time>2026-04-01T01:17:17Z</time>
        <cmt>speed: 0.0</cmt>
      </trkpt>
      <trkpt lat="33.884611" lon="-84.530605">
        <ele>317</ele>
        <time>2026-04-01T01:19:47Z</time>
        <cmt>speed: 0.0</cmt>
      </trkpt>
      <trkpt lat="33.884971" lon="-84.530939">
        <ele>303</ele>
        <time>2026-04-01T01:22:17Z</time>
        <cmt>speed: 0.0</cmt>
      </trkpt>
      <trkpt lat="33.884848" lon="-84.530961">
        <ele>348</ele>
        <time>2026-04-01T01:24:46Z</time>
        <cmt>speed: 0.0</cmt>
      </trkpt>
      <trkpt lat="33.885059" lon="-84.53087">
        <ele>294</ele>
        <time>2026-04-01T01:27:19Z</time>
        <cmt>speed: 1.0</cmt>
      </trkpt>
      <trkpt lat="33.884902" lon="-84.530535">
        <ele>282</ele>
        <time>2026-04-01T01:29:45Z</time>
        <cmt>speed: 0.0</cmt>
      </trkpt>
      <trkpt lat="33.884628" lon="-84.530448">
        <ele>311</ele>
        <time>2026-04-01T01:32:17Z</time>
        <cmt>speed: 0.0</cmt>
      </trkpt>
      <trkpt lat="33.884629" lon="-84.529823">
        <ele>293</ele>
        <time>2026-04-01T01:34:45Z</time>
        <cmt>speed: 0.0</cmt>
      </trkpt>
      <trkpt lat="33.884709" lon="-84.52977">
        <ele>280</ele>
        <time>2026-04-01T01:37:19Z</time>
        <cmt>speed: 0.1</cmt>
      </trkpt>
      <trkpt lat="33.884685" lon="-84.529812">
        <ele>308</ele>
        <time>2026-04-01T01:39:47Z</time>
        <cmt>speed: 0.5</cmt>
      </trkpt>
      <trkpt lat="33.884617" lon="-84.529859">
        <ele>311</ele>
        <time>2026-04-01T01:42:17Z</time>
        <cmt>speed: 0.0</cmt>
      </trkpt>
      <trkpt lat="33.884543" lon="-84.530857">
        <ele>294</ele>
        <time>2026-04-01T01:44:45Z</time>
        <cmt>speed: 0.0</cmt>
      </trkpt>
      <trkpt lat="33.884684" lon="-84.530885">
        <ele>330</ele>
        <time>2026-04-01T01:47:15Z</time>
        <cmt>speed: 0.0</cmt>
      </trkpt>
      <trkpt lat="33.884532" lon="-84.530876">
        <ele>285</ele>
        <time>2026-04-01T01:49:47Z</time>
        <cmt>speed: 0.0</cmt>
      </trkpt>
      <trkpt lat="33.884623" lon="-84.531039">
        <ele>306</ele>
        <time>2026-04-01T01:52:20Z</time>
        <cmt>speed: 0.1</cmt>
      </trkpt>
      <trkpt lat="33.884712" lon="-84.530925">
        <ele>304</ele>
        <time>2026-04-01T01:54:48Z</time>
        <cmt>speed: 0.3</cmt>
      </trkpt>
      <trkpt lat="33.884669" lon="-84.530968">
        <ele>308</ele>
        <time>2026-04-01T01:57:18Z</time>
        <cmt>speed: 0.0</cmt>
      </trkpt>
      <trkpt lat="33.88497" lon="-84.530924">
        <ele>304</ele>
        <time>2026-04-01T01:59:51Z</time>
        <cmt>speed: 0.3</cmt>
      </trkpt>
      <trkpt lat="33.885012" lon="-84.530738">
        <ele>312</ele>
        <time>2026-04-01T02:02:19Z</time>
        <cmt>speed: 0.1</cmt>
      </trkpt>
      <trkpt lat="33.884958" lon="-84.530744">
        <ele>300</ele>
        <time>2026-04-01T02:04:52Z</time>
        <cmt>speed: 0.0</cmt>
      </trkpt>
      <trkpt lat="33.885015" lon="-84.53075">
        <ele>296</ele>
        <time>2026-04-01T02:07:20Z</time>
        <cmt>speed: 0.5</cmt>
      </trkpt>
      <trkpt lat="33.884973" lon="-84.530711">
        <ele>321</ele>
        <time>2026-04-01T02:09:54Z</time>
        <cmt>speed: 0.2</cmt>
      </trkpt>
      <trkpt lat="33.88501" lon="-84.530783">
        <ele>307</ele>
        <time>2026-04-01T02:12:19Z</time>
        <cmt>speed: 0.0</cmt>
      </trkpt>
      <trkpt lat="33.8849" lon="-84.53076">
        <ele>283</ele>
        <time>2026-04-01T02:14:49Z</time>
        <cmt>speed: 0.3</cmt>
      </trkpt>
      <trkpt lat="33.884882" lon="-84.531175">
        <ele>337</ele>
        <time>2026-04-01T02:17:20Z</time>
        <cmt>speed: 0.0</cmt>
      </trkpt>
      <trkpt lat="33.884851" lon="-84.53085">
        <ele>312</ele>
        <time>2026-04-01T02:19:50Z</time>
        <cmt>speed: 0.0</cmt>
      </trkpt>
      <trkpt lat="33.884837" lon="-84.530949">
        <ele>333</ele>
        <time>2026-04-01T02:22:18Z</time>
        <cmt>speed: 0.0</cmt>
      </trkpt>
      <trkpt lat="33.885084" lon="-84.530606">
        <ele>336</ele>
        <time>2026-04-01T02:24:49Z</time>
        <cmt>speed: 0.3</cmt>
      </trkpt>
      <trkpt lat="33.884975" lon="-84.530229">
        <ele>304</ele>
        <time>2026-04-01T02:27:19Z</time>
        <cmt>speed: 0.0</cmt>
      </trkpt>
      <trkpt lat="33.885177" lon="-84.530154">
        <ele>299</ele>
        <time>2026-04-01T02:29:48Z</time>
        <cmt>speed: 0.0</cmt>
      </trkpt>
      <trkpt lat="33.885175" lon="-84.530095">
        <ele>280</ele>
        <time>2026-04-01T02:32:17Z</time>
        <cmt>speed: 0.0</cmt>
      </trkpt>
      <trkpt lat="33.885124" lon="-84.530172">
        <ele>316</ele>
        <time>2026-04-01T02:34:50Z</time>
        <cmt>speed: 0.0</cmt>
      </trkpt>
      <trkpt lat="33.885193" lon="-84.530636">
        <ele>336</ele>
        <time>2026-04-01T02:37:18Z</time>
        <cmt>speed: 0.1</cmt>
      </trkpt>
      <trkpt lat="33.88561" lon="-84.530111">
        <ele>312</ele>
        <time>2026-04-01T02:39:47Z</time>
        <cmt>speed: 0.3</cmt>
      </trkpt>
      <trkpt lat="33.885467" lon="-84.529845">
        <ele>302</ele>
        <time>2026-04-01T02:42:21Z</time>
        <cmt>speed: 0.2</cmt>
      </trkpt>
      <trkpt lat="33.885458" lon="-84.529686">
        <ele>309</ele>
        <time>2026-04-01T02:44:48Z</time>
        <cmt>speed: 0.0</cmt>
      </trkpt>
      <trkpt lat="33.885419" lon="-84.5298">
        <ele>329</ele>
        <time>2026-04-01T02:47:19Z</time>
        <cmt>speed: 0.0</cmt>
      </trkpt>
      <trkpt lat="33.885418" lon="-84.529723">
        <ele>326</ele>
        <time>2026-04-01T02:49:51Z</time>
        <cmt>speed: 0.1</cmt>
      </trkpt>
      <trkpt lat="33.885308" lon="-84.529729">
        <ele>315</ele>
        <time>2026-04-01T02:52:19Z</time>
        <cmt>speed: 0.0</cmt>
      </trkpt>
      <trkpt lat="33.885451" lon="-84.52972">
        <ele>298</ele>
        <time>2026-04-01T02:54:47Z</time>
        <cmt>speed: 0.0</cmt>
      </trkpt>
      <trkpt lat="33.885341" lon="-84.529711">
        <ele>304</ele>
        <time>2026-04-01T02:57:18Z</time>
        <cmt>speed: 0.0</cmt>
      </trkpt>
      <trkpt lat="33.8852" lon="-84.529723">
        <ele>298</ele>
        <time>2026-04-01T02:59:48Z</time>
        <cmt>speed: 0.0</cmt>
      </trkpt>
      <trkpt lat="33.88503" lon="-84.529842">
        <ele>313</ele>
        <time>2026-04-01T03:02:21Z</time>
        <cmt>speed: 0.4</cmt>
      </trkpt>
      <trkpt lat="33.884996" lon="-84.529912">
        <ele>298</ele>
        <time>2026-04-01T03:04:48Z</time>
        <cmt>speed: 0.0</cmt>
      </trkpt>
      <trkpt lat="33.884848" lon="-84.530067">
        <ele>305</ele>
        <time>2026-04-01T03:07:18Z</time>
        <cmt>speed: 0.0</cmt>
      </trkpt>
      <trkpt lat="33.884785" lon="-84.530063">
        <ele>296</ele>
        <time>2026-04-01T03:09:48Z</time>
        <cmt>speed: 0.0</cmt>
      </trkpt>
      <trkpt lat="33.884508" lon="-84.530457">
        <ele>323</ele>
        <time>2026-04-01T03:12:18Z</time>
        <cmt>speed: 0.7</cmt>
      </trkpt>
      <trkpt lat="33.885045" lon="-84.530738">
        <ele>304</ele>
        <time>2026-04-01T03:14:49Z</time>
        <cmt>speed: 0.2</cmt>
      </trkpt>
      <trkpt lat="33.88494" lon="-84.530848">
        <ele>304</ele>
        <time>2026-04-01T03:17:19Z</time>
        <cmt>speed: 0.0</cmt>
      </trkpt>
      <trkpt lat="33.884776" lon="-84.530932">
        <ele>304</ele>
        <time>2026-04-01T03:19:48Z</time>
        <cmt>speed: 0.2</cmt>
      </trkpt>
      <trkpt lat="33.88472" lon="-84.530658">
        <ele>300</ele>
        <time>2026-04-01T03:22:18Z</time>
        <cmt>speed: 0.0</cmt>
      </trkpt>
      <trkpt lat="33.884917" lon="-84.530802">
        <ele>294</ele>
        <time>2026-04-01T03:24:49Z</time>
        <cmt>speed: 0.1</cmt>
      </trkpt>
      <trkpt lat="33.884925" lon="-84.530788">
        <ele>309</ele>
        <time>2026-04-01T03:27:24Z</time>
        <cmt>speed: 0.5</cmt>
      </trkpt>
      <trkpt lat="33.884646" lon="-84.530518">
        <ele>344</ele>
        <time>2026-04-01T03:29:49Z</time>
        <cmt>speed: 0.1</cmt>
      </trkpt>
      <trkpt lat="33.88483" lon="-84.530761">
        <ele>289</ele>
        <time>2026-04-01T03:32:17Z</time>
        <cmt>speed: 0.0</cmt>
      </trkpt>
      <trkpt lat="33.884836" lon="-84.530708">
        <ele>299</ele>
        <time>2026-04-01T03:34:47Z</time>
        <cmt>speed: 0.0</cmt>
      </trkpt>
      <trkpt lat="33.884695" lon="-84.53106">
        <ele>305</ele>
        <time>2026-04-01T03:37:20Z</time>
        <cmt>speed: 0.0</cmt>
      </trkpt>
      <trkpt lat="33.884569" lon="-84.530992">
        <ele>301</ele>
        <time>2026-04-01T03:39:48Z</time>
        <cmt>speed: 0.4</cmt>
      </trkpt>
      <trkpt lat="33.884419" lon="-84.5312">
        <ele>291</ele>
        <time>2026-04-01T03:42:14Z</time>
        <cmt>speed: 0.6</cmt>
      </trkpt>
      <trkpt lat="33.884074" lon="-84.531308">
        <ele>289</ele>
        <time>2026-04-01T03:44:48Z</time>
        <cmt>speed: 0.0</cmt>
      </trkpt>
      <trkpt lat="33.883969" lon="-84.531272">
        <ele>267</ele>
        <time>2026-04-01T03:47:17Z</time>
        <cmt>speed: 0.0</cmt>
      </trkpt>
      <trkpt lat="33.884119" lon="-84.531559">
        <ele>298</ele>
        <time>2026-04-01T03:49:47Z</time>
        <cmt>speed: 0.8</cmt>
      </trkpt>
      <trkpt lat="33.883993" lon="-84.531687">
        <ele>289</ele>
        <time>2026-04-01T03:52:17Z</time>
        <cmt>speed: 0.0</cmt>
      </trkpt>
      <trkpt lat="33.884136" lon="-84.531791">
        <ele>304</ele>
        <time>2026-04-01T03:54:47Z</time>
        <cmt>speed: 0.2</cmt>
      </trkpt>
      <trkpt lat="33.884349" lon="-84.531499">
        <ele>305</ele>
        <time>2026-04-01T03:56:47Z</time>
        <cmt>speed: 0.3</cmt>
      </trkpt>
      <trkpt lat="33.88426" lon="-84.531552">
        <ele>305</ele>
        <time>2026-04-01T03:56:52Z</time>
        <cmt>speed: 0.0</cmt>
      </trkpt>
      <trkpt lat="33.884261" lon="-84.531562">
        <ele>301</ele>
        <time>2026-04-01T03:56:57Z</time>
        <cmt>speed: 0.0</cmt>
      </trkpt>
      <trkpt lat="33.884263" lon="-84.531565">
        <ele>298</ele>
        <time>2026-04-01T03:57:02Z</time>
        <cmt>speed: 0.0</cmt>
      </trkpt>
      <trkpt lat="33.88426" lon="-84.531571">
        <ele>296</ele>
        <time>2026-04-01T03:57:07Z</time>
        <cmt>speed: 0.1</cmt>
      </trkpt>
      <trkpt lat="33.884254" lon="-84.531567">
        <ele>296</ele>
        <time>2026-04-01T03:57:12Z</time>
        <cmt>speed: 0.0</cmt>
      </trkpt>
      <trkpt lat="33.884258" lon="-84.531567">
        <ele>295</ele>
        <time>2026-04-01T03:57:17Z</time>
        <cmt>speed: 0.1</cmt>
      </trkpt>
      <trkpt lat="33.884262" lon="-84.531568">
        <ele>295</ele>
        <time>2026-04-01T03:57:22Z</time>
        <cmt>speed: 0.0</cmt>
      </trkpt>
      <trkpt lat="33.884262" lon="-84.53157">
        <ele>295</ele>
        <time>2026-04-01T03:57:26Z</time>
        <cmt>speed: 0.0</cmt>
      </trkpt>
      <trkpt lat="33.884266" lon="-84.531574">
        <ele>295</ele>
        <time>2026-04-01T03:57:30Z</time>
        <cmt>speed: 0.0</cmt>
      </trkpt>
      <trkpt lat="33.884268" lon="-84.531578">
        <ele>295</ele>
        <time>2026-04-01T03:57:34Z</time>
        <cmt>speed: 0.0</cmt>
      </trkpt>
      <trkpt lat="33.884268" lon="-84.531574">
        <ele>296</ele>
        <time>2026-04-01T03:57:38Z</time>
        <cmt>speed: 0.0</cmt>
      </trkpt>
      <trkpt lat="33.884268" lon="-84.531573">
        <ele>296</ele>
        <time>2026-04-01T03:57:42Z</time>
        <cmt>speed: 0.0</cmt>
      </trkpt>
      <trkpt lat="33.884272" lon="-84.531568">
        <ele>297</ele>
        <time>2026-04-01T03:57:46Z</time>
        <cmt>speed: 0.0</cmt>
      </trkpt>
      <trkpt lat="33.884278" lon="-84.531559">
        <ele>297</ele>
        <time>2026-04-01T03:57:50Z</time>
        <cmt>speed: 0.0</cmt>
      </trkpt>
      <trkpt lat="33.884282" lon="-84.531559">
        <ele>297</ele>
        <time>2026-04-01T03:57:54Z</time>
        <cmt>speed: 0.0</cmt>
      </trkpt>
      <trkpt lat="33.884283" lon="-84.531558">
        <ele>297</ele>
        <time>2026-04-01T03:57:58Z</time>
        <cmt>speed: 0.0</cmt>
      </trkpt>
      <trkpt lat="33.884284" lon="-84.531558">
        <ele>296</ele>
        <time>2026-04-01T03:58:02Z</time>
        <cmt>speed: 0.0</cmt>
      </trkpt>
      <trkpt lat="33.884284" lon="-84.531557">
        <ele>295</ele>
        <time>2026-04-01T03:58:06Z</time>
        <cmt>speed: 0.0</cmt>
      </trkpt>
      <trkpt lat="33.884284" lon="-84.531555">
        <ele>295</ele>
        <time>2026-04-01T03:58:10Z</time>
        <cmt>speed: 0.0</cmt>
      </trkpt>
      <trkpt lat="33.884284" lon="-84.531552">
        <ele>294</ele>
        <time>2026-04-01T03:58:14Z</time>
        <cmt>speed: 0.0</cmt>
      </trkpt>
      <trkpt lat="33.884286" lon="-84.53155">
        <ele>294</ele>
        <time>2026-04-01T03:58:18Z</time>
        <cmt>speed: 0.0</cmt>
      </trkpt>
      <trkpt lat="33.884287" lon="-84.53155">
        <ele>294</ele>
        <time>2026-04-01T03:58:22Z</time>
        <cmt>speed: 0.0</cmt>
      </trkpt>
      <trkpt lat="33.884287" lon="-84.531552">
        <ele>293</ele>
        <time>2026-04-01T03:58:26Z</time>
        <cmt>speed: 0.0</cmt>
      </trkpt>
      <trkpt lat="33.884287" lon="-84.531554">
        <ele>293</ele>
        <time>2026-04-01T03:58:30Z</time>
        <cmt>speed: 0.0</cmt>
      </trkpt>
      <trkpt lat="33.884285" lon="-84.531556">
        <ele>293</ele>
        <time>2026-04-01T03:58:34Z</time>
        <cmt>speed: 0.0</cmt>
      </trkpt>
      <trkpt lat="33.884286" lon="-84.531557">
        <ele>294</ele>
        <time>2026-04-01T03:58:38Z</time>
        <cmt>speed: 0.0</cmt>
      </trkpt>
      <trkpt lat="33.884294" lon="-84.531561">
        <ele>294</ele>
        <time>2026-04-01T03:58:42Z</time>
        <cmt>speed: 0.9</cmt>
      </trkpt>
      <trkpt lat="33.884346" lon="-84.531562">
        <ele>294</ele>
        <time>2026-04-01T03:58:46Z</time>
        <cmt>speed: 2.2</cmt>
      </trkpt>
      <trkpt lat="33.884421" lon="-84.531571">
        <ele>294</ele>
        <time>2026-04-01T03:58:50Z</time>
        <cmt>speed: 1.8</cmt>
      </trkpt>
      <trkpt lat="33.88449" lon="-84.531569">
        <ele>294</ele>
        <time>2026-04-01T03:58:54Z</time>
        <cmt>speed: 1.7</cmt>
      </trkpt>
      <trkpt lat="33.884546" lon="-84.531566">
        <ele>294</ele>
        <time>2026-04-01T03:58:58Z</time>
        <cmt>speed: 1.5</cmt>
      </trkpt>
      <trkpt lat="33.884601" lon="-84.531569">
        <ele>294</ele>
        <time>2026-04-01T03:59:02Z</time>
        <cmt>speed: 1.1</cmt>
      </trkpt>
      <trkpt lat="33.884626" lon="-84.53157">
        <ele>294</ele>
        <time>2026-04-01T03:59:06Z</time>
        <cmt>speed: 0.6</cmt>
      </trkpt>
      <trkpt lat="33.884635" lon="-84.53157">
        <ele>294</ele>
        <time>2026-04-01T03:59:10Z</time>
        <cmt>speed: 0.1</cmt>
      </trkpt>
      <trkpt lat="33.884636" lon="-84.531575">
        <ele>294</ele>
        <time>2026-04-01T03:59:14Z</time>
        <cmt>speed: 0.1</cmt>
      </trkpt>
      <trkpt lat="33.884639" lon="-84.531585">
        <ele>293</ele>
        <time>2026-04-01T03:59:18Z</time>
        <cmt>speed: 0.1</cmt>
      </trkpt>
      <trkpt lat="33.884636" lon="-84.531583">
        <ele>294</ele>
        <time>2026-04-01T03:59:22Z</time>
        <cmt>speed: 0.0</cmt>
      </trkpt>
      <trkpt lat="33.884634" lon="-84.531581">
        <ele>294</ele>
        <time>2026-04-01T03:59:26Z</time>
        <cmt>speed: 0.0</cmt>
      </trkpt>
      <trkpt lat="33.88463" lon="-84.531586">
        <ele>294</ele>
        <time>2026-04-01T03:59:30Z</time>
        <cmt>speed: 0.0</cmt>
      </trkpt>
      <trkpt lat="33.884626" lon="-84.531591">
        <ele>294</ele>
        <time>2026-04-01T03:59:34Z</time>
        <cmt>speed: 0.0</cmt>
      </trkpt>
      <trkpt lat="33.884626" lon="-84.531594">
        <ele>295</ele>
        <time>2026-04-01T03:59:38Z</time>
        <cmt>speed: 0.0</cmt>
      </trkpt>
      <trkpt lat="33.884628" lon="-84.531595">
        <ele>294</ele>
        <time>2026-04-01T03:59:42Z</time>
        <cmt>speed: 0.3</cmt>
      </trkpt>
      <trkpt lat="33.884627" lon="-84.531583">
        <ele>294</ele>
        <time>2026-04-01T03:59:46Z</time>
        <cmt>speed: 0.0</cmt>
      </trkpt>
      <trkpt lat="33.884627" lon="-84.531583">
        <ele>295</ele>
        <time>2026-04-01T03:59:50Z</time>
        <cmt>speed: 0.0</cmt>
      </trkpt>
      <trkpt lat="33.884628" lon="-84.531577">
        <ele>294</ele>
        <time>2026-04-01T03:59:54Z</time>
        <cmt>speed: 0.0</cmt>
      </trkpt>
      <trkpt lat="33.884626" lon="-84.531575">
        <ele>294</ele>
        <time>2026-04-01T03:59:58Z</time>
        <cmt>speed: 0.0</cmt>
      </trkpt>
      <trkpt lat="33.884622" lon="-84.531573">
        <ele>293</ele>
        <time>2026-04-01T04:00:02Z</time>
        <cmt>speed: 0.0</cmt>
      </trkpt>
      <trkpt lat="33.884619" lon="-84.531573">
        <ele>293</ele>
        <time>2026-04-01T04:00:06Z</time>
        <cmt>speed: 0.0</cmt>
      </trkpt>
      <trkpt lat="33.884615" lon="-84.531572">
        <ele>293</ele>
        <time>2026-04-01T04:00:10Z</time>
        <cmt>speed: 0.0</cmt>
      </trkpt>
      <trkpt lat="33.884609" lon="-84.531569">
        <ele>292</ele>
        <time>2026-04-01T04:00:14Z</time>
        <cmt>speed: 0.0</cmt>
      </trkpt>
      <trkpt lat="33.884609" lon="-84.531568">
        <ele>292</ele>
        <time>2026-04-01T04:00:18Z</time>
        <cmt>speed: 0.0</cmt>
      </trkpt>
      <trkpt lat="33.884612" lon="-84.531566">
        <ele>291</ele>
        <time>2026-04-01T04:00:22Z</time>
        <cmt>speed: 0.0</cmt>
      </trkpt>
      <trkpt lat="33.884614" lon="-84.531564">
        <ele>291</ele>
        <time>2026-04-01T04:00:26Z</time>
        <cmt>speed: 0.0</cmt>
      </trkpt>
      <trkpt lat="33.884616" lon="-84.531566">
        <ele>291</ele>
        <time>2026-04-01T04:00:30Z</time>
        <cmt>speed: 0.0</cmt>
      </trkpt>
      <trkpt lat="33.884618" lon="-84.531566">
        <ele>290</ele>
        <time>2026-04-01T04:00:34Z</time>
        <cmt>speed: 0.0</cmt>
      </trkpt>
      <trkpt lat="33.884617" lon="-84.531564">
        <ele>290</ele>
        <time>2026-04-01T04:00:38Z</time>
        <cmt>speed: 0.0</cmt>
      </trkpt>
      <trkpt lat="33.884617" lon="-84.531561">
        <ele>289</ele>
        <time>2026-04-01T04:00:42Z</time>
        <cmt>speed: 0.0</cmt>
      </trkpt>
      <trkpt lat="33.884618" lon="-84.53156">
        <ele>290</ele>
        <time>2026-04-01T04:00:46Z</time>
        <cmt>speed: 0.0</cmt>
      </trkpt>
      <trkpt lat="33.884621" lon="-84.531561">
        <ele>290</ele>
        <time>2026-04-01T04:00:50Z</time>
        <cmt>speed: 0.0</cmt>
      </trkpt>
      <trkpt lat="33.884621" lon="-84.53156">
        <ele>290</ele>
        <time>2026-04-01T04:00:54Z</time>
        <cmt>speed: 0.0</cmt>
      </trkpt>
      <trkpt lat="33.88462" lon="-84.531558">
        <ele>289</ele>
        <time>2026-04-01T04:00:58Z</time>
        <cmt>speed: 0.0</cmt>
      </trkpt>
      <trkpt lat="33.88462" lon="-84.531556">
        <ele>288</ele>
        <time>2026-04-01T04:01:02Z</time>
        <cmt>speed: 0.2</cmt>
      </trkpt>
      <trkpt lat="33.884621" lon="-84.531556">
        <ele>288</ele>
        <time>2026-04-01T04:01:06Z</time>
        <cmt>speed: 0.0</cmt>
      </trkpt>
      <trkpt lat="33.884624" lon="-84.531554">
        <ele>289</ele>
        <time>2026-04-01T04:01:10Z</time>
        <cmt>speed: 0.1</cmt>
      </trkpt>
      <trkpt lat="33.884627" lon="-84.531554">
        <ele>290</ele>
        <time>2026-04-01T04:01:14Z</time>
        <cmt>speed: 0.0</cmt>
      </trkpt>
      <trkpt lat="33.884633" lon="-84.53155">
        <ele>291</ele>
        <time>2026-04-01T04:01:18Z</time>
        <cmt>speed: 0.1</cmt>
      </trkpt>
      <trkpt lat="33.884677" lon="-84.53154">
        <ele>293</ele>
        <time>2026-04-01T04:01:22Z</time>
        <cmt>speed: 2.0</cmt>
      </trkpt>
      <trkpt lat="33.884737" lon="-84.531531">
        <ele>294</ele>
        <time>2026-04-01T04:01:26Z</time>
        <cmt>speed: 0.9</cmt>
      </trkpt>
      <trkpt lat="33.884747" lon="-84.531532">
        <ele>295</ele>
        <time>2026-04-01T04:01:30Z</time>
        <cmt>speed: 0.4</cmt>
      </trkpt>
      <trkpt lat="33.884752" lon="-84.53153">
        <ele>296</ele>
        <time>2026-04-01T04:01:34Z</time>
        <cmt>speed: 0.0</cmt>
      </trkpt>
      <trkpt lat="33.884752" lon="-84.531535">
        <ele>296</ele>
        <time>2026-04-01T04:01:38Z</time>
        <cmt>speed: 0.1</cmt>
      </trkpt>
      <trkpt lat="33.884751" lon="-84.53153">
        <ele>297</ele>
        <time>2026-04-01T04:01:43Z</time>
        <cmt>speed: 0.0</cmt>
      </trkpt>
      <trkpt lat="33.884762" lon="-84.531592">
        <ele>295</ele>
        <time>2026-04-01T04:04:19Z</time>
        <cmt>speed: 0.1</cmt>
      </trkpt>
      <trkpt lat="33.884789" lon="-84.531487">
        <ele>297</ele>
        <time>2026-04-01T04:06:47Z</time>
        <cmt>speed: 0.3</cmt>
      </trkpt>
      <trkpt lat="33.884666" lon="-84.531565">
        <ele>286</ele>
        <time>2026-04-01T04:09:18Z</time>
        <cmt>speed: 0.1</cmt>
      </trkpt>
      <trkpt lat="33.884827" lon="-84.531563">
        <ele>299</ele>
        <time>2026-04-01T04:11:49Z</time>
        <cmt>speed: 0.0</cmt>
      </trkpt>
      <trkpt lat="33.88473" lon="-84.531579">
        <ele>287</ele>
        <time>2026-04-01T04:14:18Z</time>
        <cmt>speed: 0.1</cmt>
      </trkpt>
      <trkpt lat="33.884642" lon="-84.53163">
        <ele>316</ele>
        <time>2026-04-01T04:16:48Z</time>
        <cmt>speed: 0.0</cmt>
      </trkpt>
      <trkpt lat="33.884706" lon="-84.531461">
        <ele>291</ele>
        <time>2026-04-01T04:19:19Z</time>
        <cmt>speed: 0.7</cmt>
      </trkpt>
      <trkpt lat="33.884238" lon="-84.531563">
        <ele>286</ele>
        <time>2026-04-01T04:21:48Z</time>
        <cmt>speed: 0.3</cmt>
      </trkpt>
      <trkpt lat="33.884001" lon="-84.531902">
        <ele>298</ele>
        <time>2026-04-01T04:24:19Z</time>
        <cmt>speed: 0.4</cmt>
      </trkpt>
      <trkpt lat="33.88423" lon="-84.531314">
        <ele>290</ele>
        <time>2026-04-01T04:26:48Z</time>
        <cmt>speed: 0.9</cmt>
      </trkpt>
      <trkpt lat="33.884577" lon="-84.531043">
        <ele>311</ele>
        <time>2026-04-01T04:28:32Z</time>
        <cmt>speed: 0.9</cmt>
      </trkpt>
      <trkpt lat="33.884684" lon="-84.531035">
        <ele>296</ele>
        <time>2026-04-01T04:28:36Z</time>
        <cmt>speed: 0.0</cmt>
      </trkpt>
      <trkpt lat="33.884717" lon="-84.531018">
        <ele>292</ele>
        <time>2026-04-01T04:28:41Z</time>
        <cmt>speed: 0.0</cmt>
      </trkpt>
      <trkpt lat="33.884693" lon="-84.531027">
        <ele>295</ele>
        <time>2026-04-01T04:28:46Z</time>
        <cmt>speed: 0.4</cmt>
      </trkpt>
      <trkpt lat="33.884692" lon="-84.531035">
        <ele>295</ele>
        <time>2026-04-01T04:28:51Z</time>
        <cmt>speed: 0.4</cmt>
      </trkpt>
      <trkpt lat="33.884689" lon="-84.531036">
        <ele>298</ele>
        <time>2026-04-01T04:28:56Z</time>
        <cmt>speed: 0.3</cmt>
      </trkpt>
      <trkpt lat="33.884701" lon="-84.531037">
        <ele>299</ele>
        <time>2026-04-01T04:29:01Z</time>
        <cmt>speed: 0.3</cmt>
      </trkpt>
      <trkpt lat="33.884691" lon="-84.53103">
        <ele>299</ele>
        <time>2026-04-01T04:29:06Z</time>
        <cmt>speed: 0.5</cmt>
      </trkpt>
      <trkpt lat="33.884712" lon="-84.531037">
        <ele>299</ele>
        <time>2026-04-01T04:29:11Z</time>
        <cmt>speed: 0.5</cmt>
      </trkpt>
      <trkpt lat="33.884718" lon="-84.531045">
        <ele>299</ele>
        <time>2026-04-01T04:29:16Z</time>
        <cmt>speed: 0.0</cmt>
      </trkpt>
      <trkpt lat="33.884716" lon="-84.531036">
        <ele>298</ele>
        <time>2026-04-01T04:29:21Z</time>
        <cmt>speed: 0.0</cmt>
      </trkpt>
      <trkpt lat="33.884709" lon="-84.531033">
        <ele>298</ele>
        <time>2026-04-01T04:29:26Z</time>
        <cmt>speed: 0.4</cmt>
      </trkpt>
      <trkpt lat="33.884743" lon="-84.531011">
        <ele>298</ele>
        <time>2026-04-01T04:29:31Z</time>
        <cmt>speed: 0.6</cmt>
      </trkpt>
      <trkpt lat="33.884746" lon="-84.531006">
        <ele>301</ele>
        <time>2026-04-01T04:29:36Z</time>
        <cmt>speed: 0.1</cmt>
      </trkpt>
      <trkpt lat="33.884742" lon="-84.531017">
        <ele>300</ele>
        <time>2026-04-01T04:29:41Z</time>
        <cmt>speed: 0.1</cmt>
      </trkpt>
      <trkpt lat="33.884745" lon="-84.531028">
        <ele>301</ele>
        <time>2026-04-01T04:29:46Z</time>
        <cmt>speed: 0.3</cmt>
      </trkpt>
      <trkpt lat="33.884753" lon="-84.53102">
        <ele>300</ele>
        <time>2026-04-01T04:29:50Z</time>
        <cmt>speed: 0.1</cmt>
      </trkpt>
      <trkpt lat="33.88475" lon="-84.531014">
        <ele>299</ele>
        <time>2026-04-01T04:29:55Z</time>
        <cmt>speed: 0.0</cmt>
      </trkpt>
      <trkpt lat="33.884739" lon="-84.531023">
        <ele>298</ele>
        <time>2026-04-01T04:30:00Z</time>
        <cmt>speed: 0.0</cmt>
      </trkpt>
      <trkpt lat="33.884715" lon="-84.531024">
        <ele>296</ele>
        <time>2026-04-01T04:30:05Z</time>
        <cmt>speed: 0.0</cmt>
      </trkpt>
      <trkpt lat="33.8847" lon="-84.531029">
        <ele>293</ele>
        <time>2026-04-01T04:30:10Z</time>
        <cmt>speed: 0.0</cmt>
      </trkpt>
      <trkpt lat="33.884697" lon="-84.531028">
        <ele>293</ele>
        <time>2026-04-01T04:30:15Z</time>
        <cmt>speed: 0.0</cmt>
      </trkpt>
      <trkpt lat="33.884699" lon="-84.531027">
        <ele>293</ele>
        <time>2026-04-01T04:30:19Z</time>
        <cmt>speed: 0.0</cmt>
      </trkpt>
      <trkpt lat="33.884702" lon="-84.531027">
        <ele>293</ele>
        <time>2026-04-01T04:30:23Z</time>
        <cmt>speed: 0.0</cmt>
      </trkpt>
      <trkpt lat="33.8847" lon="-84.531029">
        <ele>292</ele>
        <time>2026-04-01T04:30:28Z</time>
        <cmt>speed: 0.0</cmt>
      </trkpt>
      <trkpt lat="33.884702" lon="-84.531024">
        <ele>292</ele>
        <time>2026-04-01T04:30:33Z</time>
        <cmt>speed: 0.0</cmt>
      </trkpt>
      <trkpt lat="33.884711" lon="-84.531018">
        <ele>291</ele>
        <time>2026-04-01T04:30:38Z</time>
        <cmt>speed: 0.0</cmt>
      </trkpt>
      <trkpt lat="33.884717" lon="-84.531012">
        <ele>292</ele>
        <time>2026-04-01T04:30:43Z</time>
        <cmt>speed: 0.0</cmt>
      </trkpt>
      <trkpt lat="33.884722" lon="-84.531011">
        <ele>292</ele>
        <time>2026-04-01T04:30:48Z</time>
        <cmt>speed: 0.0</cmt>
      </trkpt>
      <trkpt lat="33.884729" lon="-84.531017">
        <ele>292</ele>
        <time>2026-04-01T04:30:53Z</time>
        <cmt>speed: 0.0</cmt>
      </trkpt>
      <trkpt lat="33.884732" lon="-84.531013">
        <ele>293</ele>
        <time>2026-04-01T04:30:58Z</time>
        <cmt>speed: 0.0</cmt>
      </trkpt>
      <trkpt lat="33.884733" lon="-84.531012">
        <ele>293</ele>
        <time>2026-04-01T04:31:03Z</time>
        <cmt>speed: 0.0</cmt>
      </trkpt>
      <trkpt lat="33.884742" lon="-84.531017">
        <ele>294</ele>
        <time>2026-04-01T04:31:08Z</time>
        <cmt>speed: 0.0</cmt>
      </trkpt>
      <trkpt lat="33.884747" lon="-84.53102">
        <ele>294</ele>
        <time>2026-04-01T04:31:13Z</time>
        <cmt>speed: 0.0</cmt>
      </trkpt>
      <trkpt lat="33.884753" lon="-84.531026">
        <ele>295</ele>
        <time>2026-04-01T04:31:17Z</time>
        <cmt>speed: 0.0</cmt>
      </trkpt>
      <trkpt lat="33.884757" lon="-84.531033">
        <ele>295</ele>
        <time>2026-04-01T04:31:22Z</time>
        <cmt>speed: 0.0</cmt>
      </trkpt>
      <trkpt lat="33.884748" lon="-84.531034">
        <ele>296</ele>
        <time>2026-04-01T04:31:27Z</time>
        <cmt>speed: 0.0</cmt>
      </trkpt>
      <trkpt lat="33.884755" lon="-84.531033">
        <ele>297</ele>
        <time>2026-04-01T04:31:32Z</time>
        <cmt>speed: 0.0</cmt>
      </trkpt>
      <trkpt lat="33.884765" lon="-84.531034">
        <ele>297</ele>
        <time>2026-04-01T04:31:37Z</time>
        <cmt>speed: 0.0</cmt>
      </trkpt>
      <trkpt lat="33.88477" lon="-84.531034">
        <ele>298</ele>
        <time>2026-04-01T04:31:42Z</time>
        <cmt>speed: 0.0</cmt>
      </trkpt>
      <trkpt lat="33.88477" lon="-84.531034">
        <ele>299</ele>
        <time>2026-04-01T04:31:47Z</time>
        <cmt>speed: 0.0</cmt>
      </trkpt>
      <trkpt lat="33.884773" lon="-84.531029">
        <ele>300</ele>
        <time>2026-04-01T04:31:52Z</time>
        <cmt>speed: 0.0</cmt>
      </trkpt>
      <trkpt lat="33.88477" lon="-84.53102">
        <ele>301</ele>
        <time>2026-04-01T04:31:57Z</time>
        <cmt>speed: 0.0</cmt>
      </trkpt>
      <trkpt lat="33.884769" lon="-84.531016">
        <ele>302</ele>
        <time>2026-04-01T04:32:02Z</time>
        <cmt>speed: 0.0</cmt>
      </trkpt>
      <trkpt lat="33.884768" lon="-84.531017">
        <ele>302</ele>
        <time>2026-04-01T04:32:07Z</time>
        <cmt>speed: 0.0</cmt>
      </trkpt>
      <trkpt lat="33.88477" lon="-84.531019">
        <ele>302</ele>
        <time>2026-04-01T04:32:12Z</time>
        <cmt>speed: 0.0</cmt>
      </trkpt>
      <trkpt lat="33.884773" lon="-84.531021">
        <ele>302</ele>
        <time>2026-04-01T04:32:17Z</time>
        <cmt>speed: 0.0</cmt>
      </trkpt>
      <trkpt lat="33.884778" lon="-84.531018">
        <ele>302</ele>
        <time>2026-04-01T04:32:22Z</time>
        <cmt>speed: 0.0</cmt>
      </trkpt>
      <trkpt lat="33.884788" lon="-84.531012">
        <ele>302</ele>
        <time>2026-04-01T04:32:27Z</time>
        <cmt>speed: 0.0</cmt>
      </trkpt>
      <trkpt lat="33.884795" lon="-84.531012">
        <ele>301</ele>
        <time>2026-04-01T04:32:32Z</time>
        <cmt>speed: 0.0</cmt>
      </trkpt>
      <trkpt lat="33.884795" lon="-84.531015">
        <ele>300</ele>
        <time>2026-04-01T04:32:36Z</time>
        <cmt>speed: 0.0</cmt>
      </trkpt>
      <trkpt lat="33.884785" lon="-84.531017">
        <ele>300</ele>
        <time>2026-04-01T04:32:41Z</time>
        <cmt>speed: 0.1</cmt>
      </trkpt>
      <trkpt lat="33.884794" lon="-84.531029">
        <ele>299</ele>
        <time>2026-04-01T04:32:45Z</time>
        <cmt>speed: 0.0</cmt>
      </trkpt>
      <trkpt lat="33.884801" lon="-84.531034">
        <ele>300</ele>
        <time>2026-04-01T04:32:50Z</time>
        <cmt>speed: 0.1</cmt>
      </trkpt>
      <trkpt lat="33.8848" lon="-84.531036">
        <ele>301</ele>
        <time>2026-04-01T04:32:55Z</time>
        <cmt>speed: 0.1</cmt>
      </trkpt>
      <trkpt lat="33.884795" lon="-84.531042">
        <ele>304</ele>
        <time>2026-04-01T04:33:00Z</time>
        <cmt>speed: 0.0</cmt>
      </trkpt>
      <trkpt lat="33.88479" lon="-84.531037">
        <ele>306</ele>
        <time>2026-04-01T04:33:05Z</time>
        <cmt>speed: 0.0</cmt>
      </trkpt>
      <trkpt lat="33.884771" lon="-84.531041">
        <ele>309</ele>
        <time>2026-04-01T04:33:10Z</time>
        <cmt>speed: 0.0</cmt>
      </trkpt>
      <trkpt lat="33.884751" lon="-84.531048">
        <ele>312</ele>
        <time>2026-04-01T04:33:15Z</time>
        <cmt>speed: 0.0</cmt>
      </trkpt>
      <trkpt lat="33.884749" lon="-84.531054">
        <ele>313</ele>
        <time>2026-04-01T04:33:20Z</time>
        <cmt>speed: 0.0</cmt>
      </trkpt>
      <trkpt lat="33.884752" lon="-84.531062">
        <ele>312</ele>
        <time>2026-04-01T04:33:25Z</time>
        <cmt>speed: 0.0</cmt>
      </trkpt>
      <trkpt lat="33.884753" lon="-84.531056">
        <ele>311</ele>
        <time>2026-04-01T04:33:30Z</time>
        <cmt>speed: 0.0</cmt>
      </trkpt>
      <trkpt lat="33.884763" lon="-84.531042">
        <ele>310</ele>
        <time>2026-04-01T04:33:35Z</time>
        <cmt>speed: 0.4</cmt>
      </trkpt>
      <trkpt lat="33.884757" lon="-84.531015">
        <ele>311</ele>
        <time>2026-04-01T04:33:40Z</time>
        <cmt>speed: 0.1</cmt>
      </trkpt>
      <trkpt lat="33.884753" lon="-84.530982">
        <ele>312</ele>
        <time>2026-04-01T04:33:45Z</time>
        <cmt>speed: 0.2</cmt>
      </trkpt>
      <trkpt lat="33.884759" lon="-84.530943">
        <ele>309</ele>
        <time>2026-04-01T04:33:50Z</time>
        <cmt>speed: 0.1</cmt>
      </trkpt>
      <trkpt lat="33.884765" lon="-84.530913">
        <ele>308</ele>
        <time>2026-04-01T04:33:55Z</time>
        <cmt>speed: 0.1</cmt>
      </trkpt>
      <trkpt lat="33.884759" lon="-84.530901">
        <ele>310</ele>
        <time>2026-04-01T04:34:00Z</time>
        <cmt>speed: 0.0</cmt>
      </trkpt>
      <trkpt lat="33.884754" lon="-84.530868">
        <ele>312</ele>
        <time>2026-04-01T04:34:05Z</time>
        <cmt>speed: 0.0</cmt>
      </trkpt>
      <trkpt lat="33.884764" lon="-84.530844">
        <ele>311</ele>
        <time>2026-04-01T04:34:10Z</time>
        <cmt>speed: 0.8</cmt>
      </trkpt>
      <trkpt lat="33.884767" lon="-84.530826">
        <ele>312</ele>
        <time>2026-04-01T04:34:15Z</time>
        <cmt>speed: 0.5</cmt>
      </trkpt>
      <trkpt lat="33.88478" lon="-84.530829">
        <ele>311</ele>
        <time>2026-04-01T04:34:20Z</time>
        <cmt>speed: 0.4</cmt>
      </trkpt>
      <trkpt lat="33.884802" lon="-84.530844">
        <ele>309</ele>
        <time>2026-04-01T04:34:25Z</time>
        <cmt>speed: 0.0</cmt>
      </trkpt>
      <trkpt lat="33.88481" lon="-84.530847">
        <ele>310</ele>
        <time>2026-04-01T04:34:30Z</time>
        <cmt>speed: 0.7</cmt>
      </trkpt>
      <trkpt lat="33.884817" lon="-84.530861">
        <ele>308</ele>
        <time>2026-04-01T04:34:35Z</time>
        <cmt>speed: 0.0</cmt>
      </trkpt>
      <trkpt lat="33.884839" lon="-84.53086">
        <ele>307</ele>
        <time>2026-04-01T04:34:40Z</time>
        <cmt>speed: 0.0</cmt>
      </trkpt>
      <trkpt lat="33.884852" lon="-84.530862">
        <ele>306</ele>
        <time>2026-04-01T04:34:45Z</time>
        <cmt>speed: 0.3</cmt>
      </trkpt>
      <trkpt lat="33.884856" lon="-84.530854">
        <ele>306</ele>
        <time>2026-04-01T04:34:50Z</time>
        <cmt>speed: 0.4</cmt>
      </trkpt>
      <trkpt lat="33.884838" lon="-84.530867">
        <ele>309</ele>
        <time>2026-04-01T04:34:54Z</time>
        <cmt>speed: 0.2</cmt>
      </trkpt>
      <trkpt lat="33.884847" lon="-84.530843">
        <ele>305</ele>
        <time>2026-04-01T04:34:59Z</time>
        <cmt>speed: 0.8</cmt>
      </trkpt>
      <trkpt lat="33.884829" lon="-84.53084">
        <ele>306</ele>
        <time>2026-04-01T04:35:04Z</time>
        <cmt>speed: 0.4</cmt>
      </trkpt>
      <trkpt lat="33.884837" lon="-84.530852">
        <ele>308</ele>
        <time>2026-04-01T04:35:09Z</time>
        <cmt>speed: 0.3</cmt>
      </trkpt>
      <trkpt lat="33.884853" lon="-84.530861">
        <ele>309</ele>
        <time>2026-04-01T04:35:14Z</time>
        <cmt>speed: 0.5</cmt>
      </trkpt>
      <trkpt lat="33.884865" lon="-84.530855">
        <ele>309</ele>
        <time>2026-04-01T04:35:19Z</time>
        <cmt>speed: 0.4</cmt>
      </trkpt>
      <trkpt lat="33.884886" lon="-84.530842">
        <ele>308</ele>
        <time>2026-04-01T04:35:23Z</time>
        <cmt>speed: 0.1</cmt>
      </trkpt>
      <trkpt lat="33.884911" lon="-84.530836">
        <ele>305</ele>
        <time>2026-04-01T04:35:28Z</time>
        <cmt>speed: 0.2</cmt>
      </trkpt>
      <trkpt lat="33.884929" lon="-84.530836">
        <ele>305</ele>
        <time>2026-04-01T04:35:33Z</time>
        <cmt>speed: 0.0</cmt>
      </trkpt>
      <trkpt lat="33.884942" lon="-84.530824">
        <ele>303</ele>
        <time>2026-04-01T04:35:38Z</time>
        <cmt>speed: 0.1</cmt>
      </trkpt>
      <trkpt lat="33.884942" lon="-84.530825">
        <ele>303</ele>
        <time>2026-04-01T04:35:43Z</time>
        <cmt>speed: 0.3</cmt>
      </trkpt>
      <trkpt lat="33.884955" lon="-84.530832">
        <ele>305</ele>
        <time>2026-04-01T04:35:48Z</time>
        <cmt>speed: 0.2</cmt>
      </trkpt>
      <trkpt lat="33.88496" lon="-84.530827">
        <ele>307</ele>
        <time>2026-04-01T04:35:53Z</time>
        <cmt>speed: 0.1</cmt>
      </trkpt>
      <trkpt lat="33.884975" lon="-84.530817">
        <ele>308</ele>
        <time>2026-04-01T04:35:58Z</time>
        <cmt>speed: 0.0</cmt>
      </trkpt>
      <trkpt lat="33.884982" lon="-84.530813">
        <ele>307</ele>
        <time>2026-04-01T04:36:03Z</time>
        <cmt>speed: 0.0</cmt>
      </trkpt>
      <trkpt lat="33.884988" lon="-84.530816">
        <ele>306</ele>
        <time>2026-04-01T04:36:08Z</time>
        <cmt>speed: 0.0</cmt>
      </trkpt>
      <trkpt lat="33.885001" lon="-84.530794">
        <ele>304</ele>
        <time>2026-04-01T04:36:13Z</time>
        <cmt>speed: 0.0</cmt>
      </trkpt>
      <trkpt lat="33.885" lon="-84.530785">
        <ele>304</ele>
        <time>2026-04-01T04:36:17Z</time>
        <cmt>speed: 0.1</cmt>
      </trkpt>
      <trkpt lat="33.885019" lon="-84.530765">
        <ele>303</ele>
        <time>2026-04-01T04:36:22Z</time>
        <cmt>speed: 0.1</cmt>
      </trkpt>
      <trkpt lat="33.885022" lon="-84.530765">
        <ele>305</ele>
        <time>2026-04-01T04:36:27Z</time>
        <cmt>speed: 0.1</cmt>
      </trkpt>
      <trkpt lat="33.885014" lon="-84.530762">
        <ele>305</ele>
        <time>2026-04-01T04:36:32Z</time>
        <cmt>speed: 0.0</cmt>
      </trkpt>
      <trkpt lat="33.885007" lon="-84.53077">
        <ele>305</ele>
        <time>2026-04-01T04:36:37Z</time>
        <cmt>speed: 0.1</cmt>
      </trkpt>
      <trkpt lat="33.885013" lon="-84.530788">
        <ele>306</ele>
        <time>2026-04-01T04:36:42Z</time>
        <cmt>speed: 0.2</cmt>
      </trkpt>
      <trkpt lat="33.885007" lon="-84.530791">
        <ele>307</ele>
        <time>2026-04-01T04:36:47Z</time>
        <cmt>speed: 0.0</cmt>
      </trkpt>
      <trkpt lat="33.885005" lon="-84.5308">
        <ele>309</ele>
        <time>2026-04-01T04:36:52Z</time>
        <cmt>speed: 0.0</cmt>
      </trkpt>
      <trkpt lat="33.885006" lon="-84.530799">
        <ele>308</ele>
        <time>2026-04-01T04:36:57Z</time>
        <cmt>speed: 0.1</cmt>
      </trkpt>
      <trkpt lat="33.885014" lon="-84.530794">
        <ele>305</ele>
        <time>2026-04-01T04:37:02Z</time>
        <cmt>speed: 0.0</cmt>
      </trkpt>
      <trkpt lat="33.885022" lon="-84.530792">
        <ele>304</ele>
        <time>2026-04-01T04:37:07Z</time>
        <cmt>speed: 0.0</cmt>
      </trkpt>
      <trkpt lat="33.885029" lon="-84.530791">
        <ele>304</ele>
        <time>2026-04-01T04:37:11Z</time>
        <cmt>speed: 0.1</cmt>
      </trkpt>
      <trkpt lat="33.885036" lon="-84.53079">
        <ele>303</ele>
        <time>2026-04-01T04:37:16Z</time>
        <cmt>speed: 0.0</cmt>
      </trkpt>
      <trkpt lat="33.885045" lon="-84.530785">
        <ele>302</ele>
        <time>2026-04-01T04:37:21Z</time>
        <cmt>speed: 0.0</cmt>
      </trkpt>
      <trkpt lat="33.885045" lon="-84.530777">
        <ele>304</ele>
        <time>2026-04-01T04:37:26Z</time>
        <cmt>speed: 0.5</cmt>
      </trkpt>
      <trkpt lat="33.885041" lon="-84.530777">
        <ele>305</ele>
        <time>2026-04-01T04:37:31Z</time>
        <cmt>speed: 0.3</cmt>
      </trkpt>
      <trkpt lat="33.885035" lon="-84.530779">
        <ele>302</ele>
        <time>2026-04-01T04:37:36Z</time>
        <cmt>speed: 0.2</cmt>
      </trkpt>
      <trkpt lat="33.885002" lon="-84.530776">
        <ele>306</ele>
        <time>2026-04-01T04:37:41Z</time>
        <cmt>speed: 0.6</cmt>
      </trkpt>
      <trkpt lat="33.884979" lon="-84.530771">
        <ele>308</ele>
        <time>2026-04-01T04:37:46Z</time>
        <cmt>speed: 1.9</cmt>
      </trkpt>
      <trkpt lat="33.884942" lon="-84.530792">
        <ele>309</ele>
        <time>2026-04-01T04:37:51Z</time>
        <cmt>speed: 0.1</cmt>
      </trkpt>
      <trkpt lat="33.884941" lon="-84.530818">
        <ele>307</ele>
        <time>2026-04-01T04:37:56Z</time>
        <cmt>speed: 0.2</cmt>
      </trkpt>
      <trkpt lat="33.88491" lon="-84.530825">
        <ele>305</ele>
        <time>2026-04-01T04:38:01Z</time>
        <cmt>speed: 0.3</cmt>
      </trkpt>
      <trkpt lat="33.884608" lon="-84.530808">
        <ele>358</ele>
        <time>2026-04-01T04:40:40Z</time>
        <cmt>speed: 0.2</cmt>
      </trkpt>
      <trkpt lat="33.884891" lon="-84.530817">
        <ele>312</ele>
        <time>2026-04-01T04:43:09Z</time>
        <cmt>speed: 0.5</cmt>
      </trkpt>
      <trkpt lat="33.884911" lon="-84.530896">
        <ele>319</ele>
        <time>2026-04-01T04:45:39Z</time>
        <cmt>speed: 0.2</cmt>
      </trkpt>
      <trkpt lat="33.88481" lon="-84.530819">
        <ele>314</ele>
        <time>2026-04-01T04:48:09Z</time>
        <cmt>speed: 0.0</cmt>
      </trkpt>
      <trkpt lat="33.884808" lon="-84.530802">
        <ele>341</ele>
        <time>2026-04-01T04:50:40Z</time>
        <cmt>speed: 0.0</cmt>
      </trkpt>
      <trkpt lat="33.884808" lon="-84.530802">
        <ele>341</ele>
        <time>2026-04-01T04:58:08Z</time>
      </trkpt>
      <trkpt lat="33.884785" lon="-84.530848">
        <ele>336</ele>
        <time>2026-04-01T05:13:02Z</time>
        <cmt>speed: 0.0</cmt>
      </trkpt>
      <trkpt lat="33.884797" lon="-84.530988">
        <ele>312</ele>
        <time>2026-04-01T05:15:29Z</time>
        <cmt>speed: 0.0</cmt>
      </trkpt>
      <trkpt lat="33.884907" lon="-84.530907">
        <ele>293</ele>
        <time>2026-04-01T05:19:59Z</time>
        <cmt>speed: 0.0</cmt>
      </trkpt>
      <trkpt lat="33.884696" lon="-84.53083">
        <ele>317</ele>
        <time>2026-04-01T05:22:28Z</time>
        <cmt>speed: 0.0</cmt>
      </trkpt>
      <trkpt lat="33.884841" lon="-84.530829">
        <ele>295</ele>
        <time>2026-04-01T05:24:58Z</time>
        <cmt>speed: 0.0</cmt>
      </trkpt>
      <trkpt lat="33.884959" lon="-84.530778">
        <ele>312</ele>
        <time>2026-04-01T05:27:28Z</time>
        <cmt>speed: 0.0</cmt>
      </trkpt>
      <trkpt lat="33.884916" lon="-84.530816">
        <ele>290</ele>
        <time>2026-04-01T05:30:01Z</time>
        <cmt>speed: 0.1</cmt>
      </trkpt>
      <trkpt lat="33.884847" lon="-84.530841">
        <ele>294</ele>
        <time>2026-04-01T05:32:34Z</time>
        <cmt>speed: 0.0</cmt>
      </trkpt>
      <trkpt lat="33.88505" lon="-84.530955">
        <ele>281</ele>
        <time>2026-04-01T05:47:21Z</time>
        <cmt>speed: 0.0</cmt>
      </trkpt>
      <trkpt lat="33.88494" lon="-84.530858">
        <ele>300</ele>
        <time>2026-04-01T05:53:55Z</time>
        <cmt>speed: 0.5</cmt>
      </trkpt>
      <trkpt lat="33.884856" lon="-84.530813">
        <ele>304</ele>
        <time>2026-04-01T05:56:24Z</time>
        <cmt>speed: 0.5</cmt>
      </trkpt>
      <trkpt lat="33.884856" lon="-84.530813">
        <ele>304</ele>
        <time>2026-04-01T05:57:20Z</time>
      </trkpt>
      <trkpt lat="33.884752" lon="-84.530653">
        <ele>341</ele>
        <time>2026-04-01T06:02:40Z</time>
        <cmt>speed: 0.3</cmt>
      </trkpt>
      <trkpt lat="33.884752" lon="-84.530653">
        <ele>341</ele>
        <time>2026-04-01T06:07:20Z</time>
      </trkpt>
      <trkpt lat="33.884771" lon="-84.530847">
        <ele>309</ele>
        <time>2026-04-01T06:10:26Z</time>
        <cmt>speed: 0.8</cmt>
      </trkpt>
      <trkpt lat="33.884993" lon="-84.530672">
        <ele>281</ele>
        <time>2026-04-01T06:12:59Z</time>
        <cmt>speed: 1.0</cmt>
      </trkpt>
      <trkpt lat="33.884993" lon="-84.530672">
        <ele>281</ele>
        <time>2026-04-01T06:17:20Z</time>
      </trkpt>
      <trkpt lat="33.884945" lon="-84.530727">
        <ele>289</ele>
        <time>2026-04-01T06:21:15Z</time>
        <cmt>speed: 0.4</cmt>
      </trkpt>
      <trkpt lat="33.884945" lon="-84.530727">
        <ele>289</ele>
        <time>2026-04-01T06:27:20Z</time>
      </trkpt>
      <trkpt lat="33.884749" lon="-84.531028">
        <ele>334</ele>
        <time>2026-04-01T06:36:43Z</time>
        <cmt>speed: 0.1</cmt>
      </trkpt>
      <trkpt lat="33.884832" lon="-84.530903">
        <ele>310</ele>
        <time>2026-04-01T06:39:27Z</time>
        <cmt>speed: 1.1</cmt>
      </trkpt>
      <trkpt lat="33.884832" lon="-84.530903">
        <ele>310</ele>
        <time>2026-04-01T06:47:20Z</time>
      </trkpt>
      <trkpt lat="33.884808" lon="-84.531112">
        <ele>327</ele>
        <time>2026-04-01T06:47:35Z</time>
        <cmt>speed: 0.0</cmt>
      </trkpt>
      <trkpt lat="33.885008" lon="-84.530778">
        <ele>273</ele>
        <time>2026-04-01T06:50:04Z</time>
        <cmt>speed: 0.0</cmt>
      </trkpt>
      <trkpt lat="33.885008" lon="-84.530778">
        <ele>273</ele>
        <time>2026-04-01T06:57:20Z</time>
      </trkpt>
      <trkpt lat="33.884829" lon="-84.53094">
        <ele>329</ele>
        <time>2026-04-01T07:00:26Z</time>
        <cmt>speed: 0.0</cmt>
      </trkpt>
      <trkpt lat="33.884843" lon="-84.530868">
        <ele>316</ele>
        <time>2026-04-01T07:03:02Z</time>
        <cmt>speed: 0.0</cmt>
      </trkpt>
      <trkpt lat="33.884928" lon="-84.53085">
        <ele>303</ele>
        <time>2026-04-01T07:05:53Z</time>
        <cmt>speed: 0.0</cmt>
      </trkpt>
      <trkpt lat="33.884895" lon="-84.530757">
        <ele>302</ele>
        <time>2026-04-01T07:08:25Z</time>
        <cmt>speed: 0.0</cmt>
      </trkpt>
      <trkpt lat="33.884847" lon="-84.530965">
        <ele>316</ele>
        <time>2026-04-01T07:10:57Z</time>
        <cmt>speed: 0.0</cmt>
      </trkpt>
      <trkpt lat="33.884924" lon="-84.53086">
        <ele>300</ele>
        <time>2026-04-01T07:13:24Z</time>
        <cmt>speed: 0.0</cmt>
      </trkpt>
      <trkpt lat="33.884814" lon="-84.530913">
        <ele>308</ele>
        <time>2026-04-01T07:15:53Z</time>
        <cmt>speed: 0.1</cmt>
      </trkpt>
      <trkpt lat="33.884814" lon="-84.530913">
        <ele>308</ele>
        <time>2026-04-01T07:18:24Z</time>
      </trkpt>
      <trkpt lat="33.884892" lon="-84.530793">
        <ele>337</ele>
        <time>2026-04-01T07:40:17Z</time>
        <cmt>speed: 0.0</cmt>
      </trkpt>
      <trkpt lat="33.884936" lon="-84.531184">
        <ele>344</ele>
        <time>2026-04-01T07:44:50Z</time>
        <cmt>speed: 0.1</cmt>
      </trkpt>
      <trkpt lat="33.884873" lon="-84.530886">
        <ele>337</ele>
        <time>2026-04-01T07:47:22Z</time>
        <cmt>speed: 0.0</cmt>
      </trkpt>
      <trkpt lat="33.884902" lon="-84.530886">
        <ele>304</ele>
        <time>2026-04-01T07:49:54Z</time>
        <cmt>speed: 0.3</cmt>
      </trkpt>
      <trkpt lat="33.884902" lon="-84.530886">
        <ele>304</ele>
        <time>2026-04-01T07:50:16Z</time>
      </trkpt>
      <trkpt lat="33.884832" lon="-84.530757">
        <ele>278</ele>
        <time>2026-04-01T07:52:27Z</time>
        <cmt>speed: 0.0</cmt>
      </trkpt>
      <trkpt lat="33.884832" lon="-84.530757">
        <ele>278</ele>
        <time>2026-04-01T08:00:16Z</time>
      </trkpt>
      <trkpt lat="33.884856" lon="-84.530788">
        <ele>311</ele>
        <time>2026-04-01T08:05:53Z</time>
        <cmt>speed: 0.0</cmt>
      </trkpt>
      <trkpt lat="33.884675" lon="-84.531109">
        <ele>324</ele>
        <time>2026-04-01T08:08:34Z</time>
        <cmt>speed: 0.4</cmt>
      </trkpt>
      <trkpt lat="33.884832" lon="-84.530896">
        <ele>330</ele>
        <time>2026-04-01T08:10:53Z</time>
        <cmt>speed: 0.5</cmt>
      </trkpt>
      <trkpt lat="33.884907" lon="-84.530848">
        <ele>305</ele>
        <time>2026-04-01T08:13:22Z</time>
        <cmt>speed: 0.1</cmt>
      </trkpt>
      <trkpt lat="33.88497" lon="-84.530896">
        <ele>314</ele>
        <time>2026-04-01T08:15:49Z</time>
        <cmt>speed: 0.1</cmt>
      </trkpt>
      <trkpt lat="33.884926" lon="-84.530894">
        <ele>340</ele>
        <time>2026-04-01T08:18:27Z</time>
        <cmt>speed: 0.0</cmt>
      </trkpt>
      <trkpt lat="33.884785" lon="-84.530727">
        <ele>356</ele>
        <time>2026-04-01T08:21:00Z</time>
        <cmt>speed: 0.1</cmt>
      </trkpt>
      <trkpt lat="33.884822" lon="-84.53088">
        <ele>328</ele>
        <time>2026-04-01T08:47:16Z</time>
        <cmt>speed: 0.1</cmt>
      </trkpt>
      <trkpt lat="33.884723" lon="-84.530566">
        <ele>301</ele>
        <time>2026-04-01T08:49:43Z</time>
        <cmt>speed: 1.1</cmt>
      </trkpt>
      <trkpt lat="33.884968" lon="-84.530995">
        <ele>308</ele>
        <time>2026-04-01T08:56:52Z</time>
        <cmt>speed: 0.8</cmt>
      </trkpt>
      <trkpt lat="33.884803" lon="-84.53082">
        <ele>321</ele>
        <time>2026-04-01T08:59:19Z</time>
        <cmt>speed: 0.0</cmt>
      </trkpt>
      <trkpt lat="33.884835" lon="-84.530806">
        <ele>306</ele>
        <time>2026-04-01T09:11:43Z</time>
        <cmt>speed: 0.3</cmt>
      </trkpt>
      <trkpt lat="33.884829" lon="-84.530752">
        <ele>306</ele>
        <time>2026-04-01T09:14:24Z</time>
        <cmt>speed: 0.3</cmt>
      </trkpt>
      <trkpt lat="33.884829" lon="-84.530752">
        <ele>306</ele>
        <time>2026-04-01T09:17:15Z</time>
      </trkpt>
      <trkpt lat="33.884928" lon="-84.530775">
        <ele>314</ele>
        <time>2026-04-01T09:20:19Z</time>
        <cmt>speed: 0.7</cmt>
      </trkpt>
      <trkpt lat="33.884928" lon="-84.530775">
        <ele>314</ele>
        <time>2026-04-01T09:27:15Z</time>
      </trkpt>
      <trkpt lat="33.884869" lon="-84.530786">
        <ele>296</ele>
        <time>2026-04-01T09:30:56Z</time>
        <cmt>speed: 0.0</cmt>
      </trkpt>
      <trkpt lat="33.885005" lon="-84.530786">
        <ele>292</ele>
        <time>2026-04-01T09:33:27Z</time>
        <cmt>speed: 0.3</cmt>
      </trkpt>
      <trkpt lat="33.884992" lon="-84.530769">
        <ele>303</ele>
        <time>2026-04-01T09:35:57Z</time>
        <cmt>speed: 0.1</cmt>
      </trkpt>
      <trkpt lat="33.884992" lon="-84.530769">
        <ele>303</ele>
        <time>2026-04-01T09:43:40Z</time>
      </trkpt>
      <trkpt lat="33.884992" lon="-84.530769">
        <ele>303</ele>
        <time>2026-04-01T10:21:01Z</time>
      </trkpt>
      <trkpt lat="33.884992" lon="-84.530769">
        <ele>303</ele>
        <time>2026-04-01T11:21:01Z</time>
      </trkpt>
      <trkpt lat="33.884992" lon="-84.530769">
        <ele>303</ele>
        <time>2026-04-01T12:21:01Z</time>
      </trkpt>
      <trkpt lat="33.884992" lon="-84.530769">
        <ele>303</ele>
        <time>2026-04-01T13:21:01Z</time>
      </trkpt>
      <trkpt lat="33.885038" lon="-84.530742">
        <ele>304</ele>
        <time>2026-04-01T13:42:48Z</time>
        <cmt>speed: 0.4</cmt>
      </trkpt>
      <trkpt lat="33.885015" lon="-84.530874">
        <ele>312</ele>
        <time>2026-04-01T13:45:13Z</time>
        <cmt>speed: 0.0</cmt>
      </trkpt>
      <trkpt lat="33.884828" lon="-84.53095">
        <ele>304</ele>
        <time>2026-04-01T13:47:43Z</time>
        <cmt>speed: 0.0</cmt>
      </trkpt>
      <trkpt lat="33.884725" lon="-84.531005">
        <ele>315</ele>
        <time>2026-04-01T13:50:11Z</time>
        <cmt>speed: 0.0</cmt>
      </trkpt>
      <trkpt lat="33.884797" lon="-84.530793">
        <ele>274</ele>
        <time>2026-04-01T13:52:40Z</time>
        <cmt>speed: 0.0</cmt>
      </trkpt>
      <trkpt lat="33.885015" lon="-84.530887">
        <ele>308</ele>
        <time>2026-04-01T13:55:10Z</time>
        <cmt>speed: 0.4</cmt>
      </trkpt>
      <trkpt lat="33.885229" lon="-84.530519">
        <ele>242</ele>
        <time>2026-04-01T13:57:49Z</time>
        <cmt>speed: 0.4</cmt>
      </trkpt>
      <trkpt lat="33.885107" lon="-84.530452">
        <ele>316</ele>
        <time>2026-04-01T14:00:15Z</time>
        <cmt>speed: 0.4</cmt>
      </trkpt>
      <trkpt lat="33.885015" lon="-84.530728">
        <ele>310</ele>
        <time>2026-04-01T14:02:42Z</time>
        <cmt>speed: 0.1</cmt>
      </trkpt>
      <trkpt lat="33.884876" lon="-84.53097">
        <ele>300</ele>
        <time>2026-04-01T14:05:12Z</time>
        <cmt>speed: 0.3</cmt>
      </trkpt>
      <trkpt lat="33.884811" lon="-84.531049">
        <ele>326</ele>
        <time>2026-04-01T14:07:42Z</time>
        <cmt>speed: 0.1</cmt>
      </trkpt>
      <trkpt lat="33.884715" lon="-84.53108">
        <ele>321</ele>
        <time>2026-04-01T14:10:17Z</time>
        <cmt>speed: 0.0</cmt>
      </trkpt>
      <trkpt lat="33.884756" lon="-84.53103">
        <ele>313</ele>
        <time>2026-04-01T14:12:44Z</time>
        <cmt>speed: 0.1</cmt>
      </trkpt>
      <trkpt lat="33.884683" lon="-84.531023">
        <ele>315</ele>
        <time>2026-04-01T14:15:13Z</time>
        <cmt>speed: 0.0</cmt>
      </trkpt>
      <trkpt lat="33.884816" lon="-84.531128">
        <ele>298</ele>
        <time>2026-04-01T14:17:43Z</time>
        <cmt>speed: 0.0</cmt>
      </trkpt>
      <trkpt lat="33.884745" lon="-84.53105">
        <ele>323</ele>
        <time>2026-04-01T14:20:15Z</time>
        <cmt>speed: 0.0</cmt>
      </trkpt>
      <trkpt lat="33.884745" lon="-84.53105">
        <ele>323</ele>
        <time>2026-04-01T14:22:43Z</time>
      </trkpt>
      <trkpt lat="33.884806" lon="-84.530905">
        <ele>300</ele>
        <time>2026-04-01T14:23:15Z</time>
        <cmt>speed: 0.1</cmt>
      </trkpt>
      <trkpt lat="33.884843" lon="-84.53096">
        <ele>296</ele>
        <time>2026-04-01T14:25:45Z</time>
        <cmt>speed: 0.0</cmt>
      </trkpt>
      <trkpt lat="33.884835" lon="-84.53098">
        <ele>303</ele>
        <time>2026-04-01T14:28:13Z</time>
        <cmt>speed: 0.0</cmt>
      </trkpt>
      <trkpt lat="33.884855" lon="-84.531045">
        <ele>311</ele>
        <time>2026-04-01T14:30:45Z</time>
        <cmt>speed: 0.1</cmt>
      </trkpt>
      <trkpt lat="33.884855" lon="-84.531088">
        <ele>289</ele>
        <time>2026-04-01T14:33:16Z</time>
        <cmt>speed: 0.0</cmt>
      </trkpt>
      <trkpt lat="33.884836" lon="-84.531074">
        <ele>306</ele>
        <time>2026-04-01T14:35:46Z</time>
        <cmt>speed: 0.0</cmt>
      </trkpt>
      <trkpt lat="33.884835" lon="-84.53097">
        <ele>310</ele>
        <time>2026-04-01T14:38:16Z</time>
        <cmt>speed: 0.1</cmt>
      </trkpt>
      <trkpt lat="33.884789" lon="-84.530949">
        <ele>297</ele>
        <time>2026-04-01T14:40:47Z</time>
        <cmt>speed: 0.0</cmt>
      </trkpt>
      <trkpt lat="33.884819" lon="-84.531064">
        <ele>280</ele>
        <time>2026-04-01T14:43:16Z</time>
        <cmt>speed: 0.0</cmt>
      </trkpt>
      <trkpt lat="33.884851" lon="-84.531048">
        <ele>290</ele>
        <time>2026-04-01T14:45:46Z</time>
        <cmt>speed: 0.0</cmt>
      </trkpt>
      <trkpt lat="33.88488" lon="-84.530997">
        <ele>317</ele>
        <time>2026-04-01T14:48:17Z</time>
        <cmt>speed: 0.0</cmt>
      </trkpt>
      <trkpt lat="33.885018" lon="-84.530912">
        <ele>310</ele>
        <time>2026-04-01T14:50:45Z</time>
        <cmt>speed: 0.0</cmt>
      </trkpt>
      <trkpt lat="33.885006" lon="-84.530722">
        <ele>310</ele>
        <time>2026-04-01T14:53:15Z</time>
        <cmt>speed: 1.0</cmt>
      </trkpt>
      <trkpt lat="33.884947" lon="-84.530016">
        <ele>328</ele>
        <time>2026-04-01T14:55:46Z</time>
        <cmt>speed: 0.0</cmt>
      </trkpt>
      <trkpt lat="33.885053" lon="-84.530236">
        <ele>277</ele>
        <time>2026-04-01T14:58:16Z</time>
        <cmt>speed: 0.1</cmt>
      </trkpt>
      <trkpt lat="33.884996" lon="-84.530264">
        <ele>285</ele>
        <time>2026-04-01T15:00:46Z</time>
        <cmt>speed: 0.0</cmt>
      </trkpt>
      <trkpt lat="33.884864" lon="-84.530343">
        <ele>315</ele>
        <time>2026-04-01T15:03:15Z</time>
        <cmt>speed: 0.4</cmt>
      </trkpt>
      <trkpt lat="33.885145" lon="-84.530845">
        <ele>313</ele>
        <time>2026-04-01T15:05:47Z</time>
        <cmt>speed: 0.1</cmt>
      </trkpt>
      <trkpt lat="33.885109" lon="-84.530237">
        <ele>318</ele>
        <time>2026-04-01T15:08:15Z</time>
        <cmt>speed: 0.0</cmt>
      </trkpt>
      <trkpt lat="33.885118" lon="-84.530313">
        <ele>299</ele>
        <time>2026-04-01T15:10:48Z</time>
        <cmt>speed: 0.0</cmt>
      </trkpt>
      <trkpt lat="33.885165" lon="-84.530363">
        <ele>303</ele>
        <time>2026-04-01T15:13:34Z</time>
        <cmt>speed: 0.3</cmt>
      </trkpt>
      <trkpt lat="33.885298" lon="-84.530327">
        <ele>241</ele>
        <time>2026-04-01T15:15:56Z</time>
        <cmt>speed: 0.4</cmt>
      </trkpt>
      <trkpt lat="33.884927" lon="-84.530771">
        <ele>301</ele>
        <time>2026-04-01T15:18:16Z</time>
        <cmt>speed: 0.0</cmt>
      </trkpt>
      <trkpt lat="33.885089" lon="-84.530632">
        <ele>324</ele>
        <time>2026-04-01T15:20:45Z</time>
        <cmt>speed: 0.0</cmt>
      </trkpt>
      <trkpt lat="33.885024" lon="-84.530704">
        <ele>306</ele>
        <time>2026-04-01T15:23:16Z</time>
        <cmt>speed: 0.0</cmt>
      </trkpt>
      <trkpt lat="33.884956" lon="-84.530926">
        <ele>325</ele>
        <time>2026-04-01T15:25:45Z</time>
        <cmt>speed: 0.0</cmt>
      </trkpt>
      <trkpt lat="33.884944" lon="-84.530842">
        <ele>341</ele>
        <time>2026-04-01T15:28:15Z</time>
        <cmt>speed: 0.1</cmt>
      </trkpt>
      <trkpt lat="33.884985" lon="-84.530942">
        <ele>312</ele>
        <time>2026-04-01T15:30:45Z</time>
        <cmt>speed: 0.0</cmt>
      </trkpt>
      <trkpt lat="33.884852" lon="-84.530911">
        <ele>322</ele>
        <time>2026-04-01T15:33:15Z</time>
        <cmt>speed: 0.0</cmt>
      </trkpt>
      <trkpt lat="33.884911" lon="-84.530954">
        <ele>308</ele>
        <time>2026-04-01T15:35:45Z</time>
        <cmt>speed: 0.5</cmt>
      </trkpt>
      <trkpt lat="33.884849" lon="-84.530947">
        <ele>295</ele>
        <time>2026-04-01T15:38:14Z</time>
        <cmt>speed: 0.1</cmt>
      </trkpt>
      <trkpt lat="33.884859" lon="-84.530989">
        <ele>316</ele>
        <time>2026-04-01T15:40:46Z</time>
        <cmt>speed: 0.0</cmt>
      </trkpt>
      <trkpt lat="33.884857" lon="-84.531004">
        <ele>295</ele>
        <time>2026-04-01T15:43:17Z</time>
        <cmt>speed: 0.2</cmt>
      </trkpt>
      <trkpt lat="33.884908" lon="-84.531034">
        <ele>294</ele>
        <time>2026-04-01T15:57:11Z</time>
        <cmt>speed: 0.0</cmt>
      </trkpt>
      <trkpt lat="33.884823" lon="-84.531046">
        <ele>302</ele>
        <time>2026-04-01T15:59:40Z</time>
        <cmt>speed: 0.1</cmt>
      </trkpt>
      <trkpt lat="33.88494" lon="-84.531009">
        <ele>314</ele>
        <time>2026-04-01T16:02:09Z</time>
        <cmt>speed: 0.0</cmt>
      </trkpt>
      <trkpt lat="33.88494" lon="-84.531009">
        <ele>314</ele>
        <time>2026-04-01T16:07:09Z</time>
      </trkpt>
      <trkpt lat="33.884852" lon="-84.53094">
        <ele>315</ele>
        <time>2026-04-01T16:08:36Z</time>
        <cmt>speed: 0.0</cmt>
      </trkpt>
      <trkpt lat="33.884871" lon="-84.530956">
        <ele>315</ele>
        <time>2026-04-01T16:12:30Z</time>
        <cmt>speed: 0.0</cmt>
      </trkpt>
      <trkpt lat="33.884753" lon="-84.530936">
        <ele>299</ele>
        <time>2026-04-01T16:15:13Z</time>
        <cmt>speed: 0.0</cmt>
      </trkpt>
      <trkpt lat="33.884973" lon="-84.530918">
        <ele>312</ele>
        <time>2026-04-01T16:18:27Z</time>
        <cmt>speed: 0.0</cmt>
      </trkpt>
      <trkpt lat="33.884808" lon="-84.531013">
        <ele>298</ele>
        <time>2026-04-01T16:20:55Z</time>
        <cmt>speed: 0.0</cmt>
      </trkpt>
      <trkpt lat="33.885043" lon="-84.530977">
        <ele>307</ele>
        <time>2026-04-01T16:23:29Z</time>
        <cmt>speed: 0.5</cmt>
      </trkpt>
      <trkpt lat="33.884802" lon="-84.530951">
        <ele>322</ele>
        <time>2026-04-01T16:26:05Z</time>
        <cmt>speed: 0.0</cmt>
      </trkpt>
      <trkpt lat="33.884943" lon="-84.53096">
        <ele>332</ele>
        <time>2026-04-01T16:28:28Z</time>
        <cmt>speed: 1.9</cmt>
      </trkpt>
      <trkpt lat="33.884872" lon="-84.530982">
        <ele>299</ele>
        <time>2026-04-01T16:30:58Z</time>
        <cmt>speed: 0.2</cmt>
      </trkpt>
      <trkpt lat="33.884919" lon="-84.531051">
        <ele>307</ele>
        <time>2026-04-01T16:33:27Z</time>
        <cmt>speed: 0.1</cmt>
      </trkpt>
      <trkpt lat="33.88496" lon="-84.530979">
        <ele>344</ele>
        <time>2026-04-01T16:35:58Z</time>
        <cmt>speed: 0.3</cmt>
      </trkpt>
      <trkpt lat="33.88496" lon="-84.530979">
        <ele>344</ele>
        <time>2026-04-01T16:37:09Z</time>
      </trkpt>
      <trkpt lat="33.884926" lon="-84.530864">
        <ele>325</ele>
        <time>2026-04-01T16:40:59Z</time>
        <cmt>speed: 0.4</cmt>
      </trkpt>
      <trkpt lat="33.884734" lon="-84.530945">
        <ele>316</ele>
        <time>2026-04-01T16:43:27Z</time>
        <cmt>speed: 0.4</cmt>
      </trkpt>
      <trkpt lat="33.884734" lon="-84.530945">
        <ele>316</ele>
        <time>2026-04-01T16:47:09Z</time>
      </trkpt>
      <trkpt lat="33.884883" lon="-84.531019">
        <ele>305</ele>
        <time>2026-04-01T17:11:58Z</time>
        <cmt>speed: 0.0</cmt>
      </trkpt>
      <trkpt lat="33.884728" lon="-84.530849">
        <ele>288</ele>
        <time>2026-04-01T17:14:14Z</time>
        <cmt>speed: 0.1</cmt>
      </trkpt>
      <trkpt lat="33.884784" lon="-84.530984">
        <ele>275</ele>
        <time>2026-04-01T17:16:42Z</time>
        <cmt>speed: 0.0</cmt>
      </trkpt>
      <trkpt lat="33.884826" lon="-84.531006">
        <ele>308</ele>
        <time>2026-04-01T17:19:11Z</time>
        <cmt>speed: 0.0</cmt>
      </trkpt>
      <trkpt lat="33.884895" lon="-84.530937">
        <ele>303</ele>
        <time>2026-04-01T17:21:42Z</time>
        <cmt>speed: 0.0</cmt>
      </trkpt>
      <trkpt lat="33.88466" lon="-84.530997">
        <ele>279</ele>
        <time>2026-04-01T17:24:11Z</time>
        <cmt>speed: 0.0</cmt>
      </trkpt>
      <trkpt lat="33.884839" lon="-84.530909">
        <ele>295</ele>
        <time>2026-04-01T17:26:44Z</time>
        <cmt>speed: 0.0</cmt>
      </trkpt>
      <trkpt lat="33.884838" lon="-84.531026">
        <ele>328</ele>
        <time>2026-04-01T17:29:12Z</time>
        <cmt>speed: 0.0</cmt>
      </trkpt>
      <trkpt lat="33.884914" lon="-84.531121">
        <ele>310</ele>
        <time>2026-04-01T17:31:42Z</time>
        <cmt>speed: 0.0</cmt>
      </trkpt>
      <trkpt lat="33.884891" lon="-84.530969">
        <ele>274</ele>
        <time>2026-04-01T17:34:10Z</time>
        <cmt>speed: 0.6</cmt>
      </trkpt>
      <trkpt lat="33.884876" lon="-84.531001">
        <ele>291</ele>
        <time>2026-04-01T17:36:41Z</time>
        <cmt>speed: 0.0</cmt>
      </trkpt>
      <trkpt lat="33.884905" lon="-84.531078">
        <ele>298</ele>
        <time>2026-04-01T17:39:11Z</time>
        <cmt>speed: 0.0</cmt>
      </trkpt>
      <trkpt lat="33.884827" lon="-84.531032">
        <ele>268</ele>
        <time>2026-04-01T17:41:42Z</time>
        <cmt>speed: 0.3</cmt>
      </trkpt>
      <trkpt lat="33.885017" lon="-84.530891">
        <ele>312</ele>
        <time>2026-04-01T17:44:17Z</time>
        <cmt>speed: 0.0</cmt>
      </trkpt>
      <trkpt lat="33.885053" lon="-84.530736">
        <ele>300</ele>
        <time>2026-04-01T17:46:43Z</time>
        <cmt>speed: 0.1</cmt>
      </trkpt>
      <trkpt lat="33.884947" lon="-84.53093">
        <ele>325</ele>
        <time>2026-04-01T17:49:10Z</time>
        <cmt>speed: 0.0</cmt>
      </trkpt>
      <trkpt lat="33.884967" lon="-84.530905">
        <ele>303</ele>
        <time>2026-04-01T17:51:41Z</time>
        <cmt>speed: 0.0</cmt>
      </trkpt>
      <trkpt lat="33.88497" lon="-84.530824">
        <ele>315</ele>
        <time>2026-04-01T17:54:12Z</time>
        <cmt>speed: 0.0</cmt>
      </trkpt>
      <trkpt lat="33.884913" lon="-84.53077">
        <ele>325</ele>
        <time>2026-04-01T17:56:47Z</time>
        <cmt>speed: 0.0</cmt>
      </trkpt>
      <trkpt lat="33.884986" lon="-84.53091">
        <ele>305</ele>
        <time>2026-04-01T17:59:14Z</time>
        <cmt>speed: 0.1</cmt>
      </trkpt>
      <trkpt lat="33.884893" lon="-84.53081">
        <ele>312</ele>
        <time>2026-04-01T18:01:44Z</time>
        <cmt>speed: 0.0</cmt>
      </trkpt>
      <trkpt lat="33.885034" lon="-84.531064">
        <ele>300</ele>
        <time>2026-04-01T18:04:13Z</time>
        <cmt>speed: 0.4</cmt>
      </trkpt>
      <trkpt lat="33.885033" lon="-84.530935">
        <ele>309</ele>
        <time>2026-04-01T18:06:47Z</time>
        <cmt>speed: 0.0</cmt>
      </trkpt>
      <trkpt lat="33.885007" lon="-84.53104">
        <ele>319</ele>
        <time>2026-04-01T18:09:11Z</time>
        <cmt>speed: 0.0</cmt>
      </trkpt>
      <trkpt lat="33.885035" lon="-84.530756">
        <ele>315</ele>
        <time>2026-04-01T18:11:42Z</time>
        <cmt>speed: 0.0</cmt>
      </trkpt>
      <trkpt lat="33.885051" lon="-84.530615">
        <ele>312</ele>
        <time>2026-04-01T18:14:14Z</time>
        <cmt>speed: 0.4</cmt>
      </trkpt>
      <trkpt lat="33.884967" lon="-84.530939">
        <ele>313</ele>
        <time>2026-04-01T18:16:40Z</time>
        <cmt>speed: 0.2</cmt>
      </trkpt>
      <trkpt lat="33.884944" lon="-84.530854">
        <ele>306</ele>
        <time>2026-04-01T18:19:12Z</time>
        <cmt>speed: 0.0</cmt>
      </trkpt>
      <trkpt lat="33.884939" lon="-84.530841">
        <ele>283</ele>
        <time>2026-04-01T18:22:42Z</time>
        <cmt>speed: 0.0</cmt>
      </trkpt>
      <trkpt lat="33.884811" lon="-84.530943">
        <ele>309</ele>
        <time>2026-04-01T18:25:11Z</time>
        <cmt>speed: 0.0</cmt>
      </trkpt>
      <trkpt lat="33.884811" lon="-84.530943">
        <ele>309</ele>
        <time>2026-04-01T18:29:10Z</time>
      </trkpt>
      <trkpt lat="33.884848" lon="-84.530818">
        <ele>326</ele>
        <time>2026-04-01T18:32:03Z</time>
        <cmt>speed: 0.0</cmt>
      </trkpt>
      <trkpt lat="33.884897" lon="-84.530837">
        <ele>292</ele>
        <time>2026-04-01T18:34:31Z</time>
        <cmt>speed: 0.0</cmt>
      </trkpt>
      <trkpt lat="33.885157" lon="-84.530768">
        <ele>250</ele>
        <time>2026-04-01T18:38:34Z</time>
        <cmt>speed: 0.9</cmt>
      </trkpt>
      <trkpt lat="33.884945" lon="-84.530942">
        <ele>315</ele>
        <time>2026-04-01T18:41:05Z</time>
        <cmt>speed: 0.1</cmt>
      </trkpt>
      <trkpt lat="33.885088" lon="-84.5309">
        <ele>289</ele>
        <time>2026-04-01T18:43:32Z</time>
        <cmt>speed: 0.2</cmt>
      </trkpt>
      <trkpt lat="33.884978" lon="-84.530865">
        <ele>306</ele>
        <time>2026-04-01T18:46:09Z</time>
        <cmt>speed: 0.0</cmt>
      </trkpt>
      <trkpt lat="33.884854" lon="-84.530931">
        <ele>314</ele>
        <time>2026-04-01T18:48:38Z</time>
        <cmt>speed: 0.1</cmt>
      </trkpt>
      <trkpt lat="33.884876" lon="-84.530936">
        <ele>321</ele>
        <time>2026-04-01T18:50:59Z</time>
        <cmt>speed: 0.0</cmt>
      </trkpt>
      <trkpt lat="33.884876" lon="-84.530936">
        <ele>321</ele>
        <time>2026-04-01T18:58:36Z</time>
      </trkpt>
      <trkpt lat="33.884863" lon="-84.53093">
        <ele>313</ele>
        <time>2026-04-01T19:05:13Z</time>
        <cmt>speed: 0.0</cmt>
      </trkpt>
      <trkpt lat="33.884898" lon="-84.530867">
        <ele>298</ele>
        <time>2026-04-01T19:07:42Z</time>
        <cmt>speed: 0.0</cmt>
      </trkpt>
      <trkpt lat="33.884898" lon="-84.530867">
        <ele>298</ele>
        <time>2026-04-01T19:08:36Z</time>
      </trkpt>
      <trkpt lat="33.884928" lon="-84.530971">
        <ele>306</ele>
        <time>2026-04-01T19:11:45Z</time>
        <cmt>speed: 0.1</cmt>
      </trkpt>
      <trkpt lat="33.884972" lon="-84.530849">
        <ele>287</ele>
        <time>2026-04-01T19:14:19Z</time>
        <cmt>speed: 0.0</cmt>
      </trkpt>
      <trkpt lat="33.884961" lon="-84.530981">
        <ele>318</ele>
        <time>2026-04-01T19:17:31Z</time>
        <cmt>speed: 0.4</cmt>
      </trkpt>
      <trkpt lat="33.884777" lon="-84.531008">
        <ele>302</ele>
        <time>2026-04-01T19:20:06Z</time>
        <cmt>speed: 0.1</cmt>
      </trkpt>
      <trkpt lat="33.884928" lon="-84.530842">
        <ele>301</ele>
        <time>2026-04-01T19:25:12Z</time>
        <cmt>speed: 0.1</cmt>
      </trkpt>
      <trkpt lat="33.884733" lon="-84.530805">
        <ele>302</ele>
        <time>2026-04-01T19:28:45Z</time>
        <cmt>speed: 0.3</cmt>
      </trkpt>
      <trkpt lat="33.884804" lon="-84.531067">
        <ele>334</ele>
        <time>2026-04-01T19:37:19Z</time>
        <cmt>speed: 0.7</cmt>
      </trkpt>
      <trkpt lat="33.884839" lon="-84.531113">
        <ele>339</ele>
        <time>2026-04-01T19:42:23Z</time>
        <cmt>speed: 0.3</cmt>
      </trkpt>
      <trkpt lat="33.884882" lon="-84.531081">
        <ele>323</ele>
        <time>2026-04-01T19:44:52Z</time>
        <cmt>speed: 0.0</cmt>
      </trkpt>
      <trkpt lat="33.884868" lon="-84.530865">
        <ele>320</ele>
        <time>2026-04-01T19:47:28Z</time>
        <cmt>speed: 0.1</cmt>
      </trkpt>
      <trkpt lat="33.884952" lon="-84.530828">
        <ele>321</ele>
        <time>2026-04-01T19:49:53Z</time>
        <cmt>speed: 0.0</cmt>
      </trkpt>
      <trkpt lat="33.884885" lon="-84.530853">
        <ele>302</ele>
        <time>2026-04-01T19:52:22Z</time>
        <cmt>speed: 0.0</cmt>
      </trkpt>
      <trkpt lat="33.884955" lon="-84.530938">
        <ele>341</ele>
        <time>2026-04-01T19:54:53Z</time>
        <cmt>speed: 0.0</cmt>
      </trkpt>
      <trkpt lat="33.884884" lon="-84.530885">
        <ele>322</ele>
        <time>2026-04-01T19:57:24Z</time>
        <cmt>speed: 0.1</cmt>
      </trkpt>
      <trkpt lat="33.884884" lon="-84.530885">
        <ele>322</ele>
        <time>2026-04-01T20:00:04Z</time>
      </trkpt>
      <trkpt lat="33.884907" lon="-84.53098">
        <ele>328</ele>
        <time>2026-04-01T20:09:48Z</time>
        <cmt>speed: 0.0</cmt>
      </trkpt>
      <trkpt lat="33.885007" lon="-84.530761">
        <ele>306</ele>
        <time>2026-04-01T20:14:30Z</time>
        <cmt>speed: 0.0</cmt>
      </trkpt>
      <trkpt lat="33.884911" lon="-84.53088">
        <ele>307</ele>
        <time>2026-04-01T20:16:55Z</time>
        <cmt>speed: 0.0</cmt>
      </trkpt>
      <trkpt lat="33.884964" lon="-84.530943">
        <ele>316</ele>
        <time>2026-04-01T20:19:25Z</time>
        <cmt>speed: 0.1</cmt>
      </trkpt>
      <trkpt lat="33.884923" lon="-84.530964">
        <ele>303</ele>
        <time>2026-04-01T20:32:06Z</time>
        <cmt>speed: 0.0</cmt>
      </trkpt>
      <trkpt lat="33.885003" lon="-84.530977">
        <ele>307</ele>
        <time>2026-04-01T20:34:34Z</time>
        <cmt>speed: 0.0</cmt>
      </trkpt>
      <trkpt lat="33.884964" lon="-84.530987">
        <ele>303</ele>
        <time>2026-04-01T20:41:20Z</time>
        <cmt>speed: 0.0</cmt>
      </trkpt>
      <trkpt lat="33.884952" lon="-84.530792">
        <ele>324</ele>
        <time>2026-04-01T20:43:52Z</time>
        <cmt>speed: 0.0</cmt>
      </trkpt>
      <trkpt lat="33.885033" lon="-84.530935">
        <ele>320</ele>
        <time>2026-04-01T20:46:22Z</time>
        <cmt>speed: 0.0</cmt>
      </trkpt>
      <trkpt lat="33.885033" lon="-84.530935">
        <ele>320</ele>
        <time>2026-04-01T20:51:18Z</time>
      </trkpt>
      <trkpt lat="33.885057" lon="-84.531042">
        <ele>275</ele>
        <time>2026-04-01T20:55:09Z</time>
        <cmt>speed: 0.0</cmt>
      </trkpt>
      <trkpt lat="33.884964" lon="-84.531042">
        <ele>323</ele>
        <time>2026-04-01T20:58:08Z</time>
        <cmt>speed: 0.1</cmt>
      </trkpt>
      <trkpt lat="33.884971" lon="-84.531018">
        <ele>311</ele>
        <time>2026-04-01T21:00:39Z</time>
        <cmt>speed: 0.0</cmt>
      </trkpt>
      <trkpt lat="33.884862" lon="-84.530942">
        <ele>352</ele>
        <time>2026-04-01T21:03:13Z</time>
        <cmt>speed: 0.0</cmt>
      </trkpt>
      <trkpt lat="33.884877" lon="-84.530876">
        <ele>331</ele>
        <time>2026-04-01T21:05:41Z</time>
        <cmt>speed: 0.1</cmt>
      </trkpt>
      <trkpt lat="33.885024" lon="-84.530863">
        <ele>280</ele>
        <time>2026-04-01T21:10:14Z</time>
        <cmt>speed: 0.2</cmt>
      </trkpt>
      <trkpt lat="33.884988" lon="-84.530842">
        <ele>292</ele>
        <time>2026-04-01T21:23:50Z</time>
        <cmt>speed: 0.0</cmt>
      </trkpt>
      <trkpt lat="33.884825" lon="-84.530853">
        <ele>316</ele>
        <time>2026-04-01T21:28:39Z</time>
        <cmt>speed: 0.0</cmt>
      </trkpt>
      <trkpt lat="33.884961" lon="-84.530866">
        <ele>315</ele>
        <time>2026-04-01T21:31:02Z</time>
        <cmt>speed: 0.0</cmt>
      </trkpt>
      <trkpt lat="33.885096" lon="-84.531009">
        <ele>287</ele>
        <time>2026-04-01T21:33:32Z</time>
        <cmt>speed: 0.7</cmt>
      </trkpt>
      <trkpt lat="33.884954" lon="-84.530906">
        <ele>261</ele>
        <time>2026-04-01T21:36:45Z</time>
        <cmt>speed: 0.2</cmt>
      </trkpt>
      <trkpt lat="33.884901" lon="-84.530824">
        <ele>303</ele>
        <time>2026-04-01T21:41:36Z</time>
        <cmt>speed: 0.1</cmt>
      </trkpt>
      <trkpt lat="33.884906" lon="-84.530959">
        <ele>328</ele>
        <time>2026-04-01T21:43:49Z</time>
        <cmt>speed: 0.0</cmt>
      </trkpt>
      <trkpt lat="33.884983" lon="-84.530839">
        <ele>293</ele>
        <time>2026-04-01T21:46:18Z</time>
        <cmt>speed: 0.0</cmt>
      </trkpt>
      <trkpt lat="33.88489" lon="-84.530794">
        <ele>295</ele>
        <time>2026-04-01T21:48:51Z</time>
        <cmt>speed: 0.0</cmt>
      </trkpt>
      <trkpt lat="33.884942" lon="-84.530858">
        <ele>295</ele>
        <time>2026-04-01T21:51:19Z</time>
        <cmt>speed: 0.0</cmt>
      </trkpt>
      <trkpt lat="33.884973" lon="-84.530812">
        <ele>291</ele>
        <time>2026-04-01T21:53:48Z</time>
        <cmt>speed: 0.3</cmt>
      </trkpt>
      <trkpt lat="33.885059" lon="-84.530842">
        <ele>298</ele>
        <time>2026-04-01T21:56:17Z</time>
        <cmt>speed: 0.2</cmt>
      </trkpt>
      <trkpt lat="33.885091" lon="-84.530826">
        <ele>287</ele>
        <time>2026-04-01T21:58:48Z</time>
        <cmt>speed: 0.0</cmt>
      </trkpt>
      <trkpt lat="33.885108" lon="-84.53025">
        <ele>343</ele>
        <time>2026-04-01T22:01:20Z</time>
        <cmt>speed: 0.0</cmt>
      </trkpt>
      <trkpt lat="33.885367" lon="-84.530651">
        <ele>289</ele>
        <time>2026-04-01T22:03:47Z</time>
        <cmt>speed: 0.0</cmt>
      </trkpt>
      <trkpt lat="33.88537" lon="-84.530567">
        <ele>305</ele>
        <time>2026-04-01T22:06:17Z</time>
        <cmt>speed: 0.0</cmt>
      </trkpt>
      <trkpt lat="33.885258" lon="-84.53057">
        <ele>298</ele>
        <time>2026-04-01T22:08:49Z</time>
        <cmt>speed: 0.0</cmt>
      </trkpt>
      <trkpt lat="33.885301" lon="-84.530701">
        <ele>315</ele>
        <time>2026-04-01T22:11:18Z</time>
        <cmt>speed: 0.0</cmt>
      </trkpt>
      <trkpt lat="33.885527" lon="-84.530717">
        <ele>290</ele>
        <time>2026-04-01T22:13:47Z</time>
        <cmt>speed: 0.0</cmt>
      </trkpt>
      <trkpt lat="33.885511" lon="-84.530714">
        <ele>295</ele>
        <time>2026-04-01T22:16:17Z</time>
        <cmt>speed: 0.0</cmt>
      </trkpt>
      <trkpt lat="33.88521" lon="-84.530664">
        <ele>304</ele>
        <time>2026-04-01T22:18:48Z</time>
        <cmt>speed: 0.0</cmt>
      </trkpt>
      <trkpt lat="33.885265" lon="-84.530731">
        <ele>306</ele>
        <time>2026-04-01T22:21:20Z</time>
        <cmt>speed: 0.0</cmt>
      </trkpt>
      <trkpt lat="33.885272" lon="-84.530632">
        <ele>305</ele>
        <time>2026-04-01T22:23:49Z</time>
        <cmt>speed: 0.6</cmt>
      </trkpt>
      <trkpt lat="33.885016" lon="-84.530665">
        <ele>294</ele>
        <time>2026-04-01T22:26:19Z</time>
        <cmt>speed: 0.0</cmt>
      </trkpt>
      <trkpt lat="33.884951" lon="-84.530834">
        <ele>311</ele>
        <time>2026-04-01T22:28:52Z</time>
        <cmt>speed: 0.0</cmt>
      </trkpt>
      <trkpt lat="33.885117" lon="-84.530929">
        <ele>307</ele>
        <time>2026-04-01T22:31:19Z</time>
        <cmt>speed: 0.1</cmt>
      </trkpt>
      <trkpt lat="33.884963" lon="-84.530989">
        <ele>332</ele>
        <time>2026-04-01T22:33:47Z</time>
        <cmt>speed: 0.0</cmt>
      </trkpt>
      <trkpt lat="33.88473" lon="-84.530236">
        <ele>277</ele>
        <time>2026-04-01T22:36:22Z</time>
        <cmt>speed: 0.0</cmt>
      </trkpt>
      <trkpt lat="33.88496" lon="-84.530549">
        <ele>333</ele>
        <time>2026-04-01T22:38:53Z</time>
        <cmt>speed: 0.1</cmt>
      </trkpt>
      <trkpt lat="33.884874" lon="-84.53048">
        <ele>274</ele>
        <time>2026-04-01T22:41:19Z</time>
        <cmt>speed: 0.0</cmt>
      </trkpt>
      <trkpt lat="33.884801" lon="-84.530552">
        <ele>301</ele>
        <time>2026-04-01T22:43:52Z</time>
        <cmt>speed: 0.5</cmt>
      </trkpt>
      <trkpt lat="33.885036" lon="-84.530505">
        <ele>294</ele>
        <time>2026-04-01T22:46:33Z</time>
        <cmt>speed: 0.1</cmt>
      </trkpt>
      <trkpt lat="33.884915" lon="-84.530104">
        <ele>301</ele>
        <time>2026-04-01T22:48:51Z</time>
        <cmt>speed: 0.2</cmt>
      </trkpt>
      <trkpt lat="33.884718" lon="-84.53056">
        <ele>281</ele>
        <time>2026-04-01T22:51:21Z</time>
        <cmt>speed: 0.2</cmt>
      </trkpt>
      <trkpt lat="33.8849" lon="-84.530569">
        <ele>324</ele>
        <time>2026-04-01T22:54:08Z</time>
        <cmt>speed: 1.7</cmt>
      </trkpt>
      <trkpt lat="33.885046" lon="-84.5305">
        <ele>342</ele>
        <time>2026-04-01T22:56:20Z</time>
        <cmt>speed: 0.0</cmt>
      </trkpt>
      <trkpt lat="33.88496" lon="-84.530737">
        <ele>289</ele>
        <time>2026-04-01T22:58:47Z</time>
        <cmt>speed: 0.0</cmt>
      </trkpt>
      <trkpt lat="33.88501" lon="-84.53069">
        <ele>316</ele>
        <time>2026-04-01T23:01:18Z</time>
        <cmt>speed: 0.7</cmt>
      </trkpt>
      <trkpt lat="33.88499" lon="-84.530731">
        <ele>307</ele>
        <time>2026-04-01T23:03:49Z</time>
        <cmt>speed: 0.2</cmt>
      </trkpt>
      <trkpt lat="33.885034" lon="-84.530943">
        <ele>301</ele>
        <time>2026-04-01T23:06:17Z</time>
        <cmt>speed: 0.0</cmt>
      </trkpt>
      <trkpt lat="33.885029" lon="-84.530996">
        <ele>324</ele>
        <time>2026-04-01T23:08:47Z</time>
        <cmt>speed: 0.1</cmt>
      </trkpt>
      <trkpt lat="33.8851" lon="-84.530371">
        <ele>271</ele>
        <time>2026-04-01T23:11:21Z</time>
        <cmt>speed: 0.1</cmt>
      </trkpt>
      <trkpt lat="33.885043" lon="-84.530369">
        <ele>312</ele>
        <time>2026-04-01T23:13:47Z</time>
        <cmt>speed: 0.0</cmt>
      </trkpt>
      <trkpt lat="33.884981" lon="-84.530629">
        <ele>312</ele>
        <time>2026-04-01T23:16:17Z</time>
        <cmt>speed: 0.0</cmt>
      </trkpt>
      <trkpt lat="33.885038" lon="-84.530511">
        <ele>312</ele>
        <time>2026-04-01T23:18:47Z</time>
        <cmt>speed: 0.6</cmt>
      </trkpt>
      <trkpt lat="33.884724" lon="-84.530665">
        <ele>330</ele>
        <time>2026-04-01T23:21:16Z</time>
        <cmt>speed: 0.0</cmt>
      </trkpt>
      <trkpt lat="33.88459" lon="-84.530513">
        <ele>257</ele>
        <time>2026-04-01T23:23:46Z</time>
        <cmt>speed: 0.1</cmt>
      </trkpt>
      <trkpt lat="33.884542" lon="-84.530577">
        <ele>326</ele>
        <time>2026-04-01T23:26:17Z</time>
        <cmt>speed: 0.0</cmt>
      </trkpt>
      <trkpt lat="33.88437" lon="-84.530401">
        <ele>345</ele>
        <time>2026-04-01T23:28:48Z</time>
        <cmt>speed: 0.0</cmt>
      </trkpt>
      <trkpt lat="33.884788" lon="-84.530563">
        <ele>317</ele>
        <time>2026-04-01T23:31:18Z</time>
        <cmt>speed: 0.4</cmt>
      </trkpt>
      <trkpt lat="33.88495" lon="-84.530637">
        <ele>299</ele>
        <time>2026-04-01T23:33:46Z</time>
        <cmt>speed: 0.0</cmt>
      </trkpt>
      <trkpt lat="33.88501" lon="-84.530821">
        <ele>301</ele>
        <time>2026-04-01T23:36:18Z</time>
        <cmt>speed: 0.1</cmt>
      </trkpt>
      <trkpt lat="33.884989" lon="-84.530886">
        <ele>308</ele>
        <time>2026-04-01T23:38:47Z</time>
        <cmt>speed: 0.0</cmt>
      </trkpt>
      <trkpt lat="33.884957" lon="-84.53105">
        <ele>307</ele>
        <time>2026-04-01T23:41:18Z</time>
        <cmt>speed: 0.0</cmt>
      </trkpt>
      <trkpt lat="33.8849" lon="-84.530918">
        <ele>314</ele>
        <time>2026-04-01T23:43:47Z</time>
        <cmt>speed: 0.0</cmt>
      </trkpt>
      <trkpt lat="33.884849" lon="-84.530847">
        <ele>286</ele>
        <time>2026-04-01T23:46:19Z</time>
        <cmt>speed: 0.0</cmt>
      </trkpt>
      <trkpt lat="33.884942" lon="-84.531125">
        <ele>304</ele>
        <time>2026-04-01T23:48:48Z</time>
        <cmt>speed: 0.0</cmt>
      </trkpt>
      <trkpt lat="33.884949" lon="-84.530976">
        <ele>297</ele>
        <time>2026-04-01T23:51:29Z</time>
        <cmt>speed: 0.6</cmt>
      </trkpt>
      <trkpt lat="33.885024" lon="-84.530647">
        <ele>310</ele>
        <time>2026-04-01T23:53:53Z</time>
        <cmt>speed: 0.4</cmt>
      </trkpt>
      <trkpt lat="33.885142" lon="-84.530601">
        <ele>294</ele>
        <time>2026-04-01T23:56:16Z</time>
        <cmt>speed: 0.0</cmt>
      </trkpt>
      <trkpt lat="33.885109" lon="-84.530569">
        <ele>307</ele>
        <time>2026-04-01T23:58:48Z</time>
        <cmt>speed: 0.1</cmt>
      </trkpt>
      <trkpt lat="33.88508" lon="-84.530745">
        <ele>301</ele>
        <time>2026-04-02T00:01:18Z</time>
        <cmt>speed: 0.0</cmt>
      </trkpt>
      <trkpt lat="33.885071" lon="-84.530731">
        <ele>299</ele>
        <time>2026-04-02T00:03:48Z</time>
        <cmt>speed: 0.6</cmt>
      </trkpt>
      <trkpt lat="33.885012" lon="-84.530866">
        <ele>289</ele>
        <time>2026-04-02T00:06:19Z</time>
        <cmt>speed: 0.0</cmt>
      </trkpt>
      <trkpt lat="33.884948" lon="-84.530912">
        <ele>335</ele>
        <time>2026-04-02T00:08:47Z</time>
        <cmt>speed: 0.0</cmt>
      </trkpt>
      <trkpt lat="33.885011" lon="-84.530916">
        <ele>299</ele>
        <time>2026-04-02T00:11:17Z</time>
        <cmt>speed: 0.7</cmt>
      </trkpt>
      <trkpt lat="33.884732" lon="-84.530834">
        <ele>309</ele>
        <time>2026-04-02T00:13:48Z</time>
        <cmt>speed: 0.4</cmt>
      </trkpt>
      <trkpt lat="33.884513" lon="-84.530903">
        <ele>263</ele>
        <time>2026-04-02T00:16:17Z</time>
        <cmt>speed: 0.0</cmt>
      </trkpt>
      <trkpt lat="33.884481" lon="-84.531009">
        <ele>295</ele>
        <time>2026-04-02T00:18:46Z</time>
        <cmt>speed: 0.2</cmt>
      </trkpt>
      <trkpt lat="33.884595" lon="-84.530705">
        <ele>310</ele>
        <time>2026-04-02T00:21:17Z</time>
        <cmt>speed: 0.4</cmt>
      </trkpt>
      <trkpt lat="33.884657" lon="-84.530358">
        <ele>303</ele>
        <time>2026-04-02T00:23:47Z</time>
        <cmt>speed: 0.0</cmt>
      </trkpt>
      <trkpt lat="33.884771" lon="-84.530253">
        <ele>317</ele>
        <time>2026-04-02T00:26:16Z</time>
        <cmt>speed: 0.0</cmt>
      </trkpt>
      <trkpt lat="33.884768" lon="-84.530408">
        <ele>304</ele>
        <time>2026-04-02T00:28:47Z</time>
        <cmt>speed: 0.2</cmt>
      </trkpt>
      <trkpt lat="33.884826" lon="-84.530121">
        <ele>311</ele>
        <time>2026-04-02T00:31:18Z</time>
        <cmt>speed: 0.2</cmt>
      </trkpt>
      <trkpt lat="33.884877" lon="-84.530055">
        <ele>307</ele>
        <time>2026-04-02T00:33:47Z</time>
        <cmt>speed: 0.0</cmt>
      </trkpt>
      <trkpt lat="33.884896" lon="-84.530036">
        <ele>315</ele>
        <time>2026-04-02T00:36:18Z</time>
        <cmt>speed: 0.3</cmt>
      </trkpt>
      <trkpt lat="33.884855" lon="-84.530614">
        <ele>316</ele>
        <time>2026-04-02T00:38:48Z</time>
        <cmt>speed: 0.4</cmt>
      </trkpt>
      <trkpt lat="33.8848" lon="-84.530615">
        <ele>303</ele>
        <time>2026-04-02T00:41:18Z</time>
        <cmt>speed: 0.1</cmt>
      </trkpt>
      <trkpt lat="33.884942" lon="-84.530714">
        <ele>308</ele>
        <time>2026-04-02T00:43:48Z</time>
        <cmt>speed: 0.4</cmt>
      </trkpt>
      <trkpt lat="33.885095" lon="-84.530681">
        <ele>298</ele>
        <time>2026-04-02T00:46:17Z</time>
        <cmt>speed: 0.0</cmt>
      </trkpt>
      <trkpt lat="33.885116" lon="-84.530782">
        <ele>309</ele>
        <time>2026-04-02T00:48:47Z</time>
        <cmt>speed: 0.1</cmt>
      </trkpt>
      <trkpt lat="33.885045" lon="-84.530637">
        <ele>311</ele>
        <time>2026-04-02T00:51:17Z</time>
        <cmt>speed: 0.0</cmt>
      </trkpt>
      <trkpt lat="33.885216" lon="-84.530647">
        <ele>299</ele>
        <time>2026-04-02T00:53:46Z</time>
        <cmt>speed: 0.0</cmt>
      </trkpt>
      <trkpt lat="33.885062" lon="-84.530672">
        <ele>307</ele>
        <time>2026-04-02T00:56:18Z</time>
        <cmt>speed: 0.0</cmt>
      </trkpt>
      <trkpt lat="33.885098" lon="-84.530657">
        <ele>298</ele>
        <time>2026-04-02T00:58:48Z</time>
        <cmt>speed: 0.0</cmt>
      </trkpt>
      <trkpt lat="33.884963" lon="-84.530498">
        <ele>315</ele>
        <time>2026-04-02T01:01:16Z</time>
        <cmt>speed: 0.0</cmt>
      </trkpt>
      <trkpt lat="33.885122" lon="-84.530583">
        <ele>308</ele>
        <time>2026-04-02T01:03:47Z</time>
        <cmt>speed: 0.0</cmt>
      </trkpt>
      <trkpt lat="33.885073" lon="-84.530532">
        <ele>319</ele>
        <time>2026-04-02T01:06:17Z</time>
        <cmt>speed: 0.0</cmt>
      </trkpt>
      <trkpt lat="33.885042" lon="-84.530677">
        <ele>306</ele>
        <time>2026-04-02T01:08:48Z</time>
        <cmt>speed: 0.1</cmt>
      </trkpt>
      <trkpt lat="33.884981" lon="-84.53075">
        <ele>299</ele>
        <time>2026-04-02T01:11:21Z</time>
        <cmt>speed: 0.1</cmt>
      </trkpt>
      <trkpt lat="33.88494" lon="-84.530759">
        <ele>305</ele>
        <time>2026-04-02T01:13:51Z</time>
        <cmt>speed: 0.5</cmt>
      </trkpt>
      <trkpt lat="33.884962" lon="-84.530798">
        <ele>310</ele>
        <time>2026-04-02T01:16:18Z</time>
        <cmt>speed: 0.0</cmt>
      </trkpt>
      <trkpt lat="33.885017" lon="-84.530924">
        <ele>307</ele>
        <time>2026-04-02T01:18:47Z</time>
        <cmt>speed: 0.0</cmt>
      </trkpt>
      <trkpt lat="33.885068" lon="-84.530883">
        <ele>338</ele>
        <time>2026-04-02T01:21:17Z</time>
        <cmt>speed: 0.1</cmt>
      </trkpt>
      <trkpt lat="33.885056" lon="-84.530618">
        <ele>309</ele>
        <time>2026-04-02T01:23:47Z</time>
        <cmt>speed: 0.0</cmt>
      </trkpt>
      <trkpt lat="33.885276" lon="-84.53041">
        <ele>311</ele>
        <time>2026-04-02T01:26:18Z</time>
        <cmt>speed: 0.4</cmt>
      </trkpt>
      <trkpt lat="33.885635" lon="-84.530104">
        <ele>317</ele>
        <time>2026-04-02T01:28:47Z</time>
        <cmt>speed: 0.2</cmt>
      </trkpt>
      <trkpt lat="33.885621" lon="-84.530107">
        <ele>306</ele>
        <time>2026-04-02T01:31:17Z</time>
        <cmt>speed: 0.0</cmt>
      </trkpt>
      <trkpt lat="33.885581" lon="-84.53005">
        <ele>323</ele>
        <time>2026-04-02T01:33:47Z</time>
        <cmt>speed: 0.0</cmt>
      </trkpt>
      <trkpt lat="33.885666" lon="-84.530354">
        <ele>310</ele>
        <time>2026-04-02T01:36:17Z</time>
        <cmt>speed: 0.0</cmt>
      </trkpt>
      <trkpt lat="33.885564" lon="-84.530507">
        <ele>307</ele>
        <time>2026-04-02T01:38:46Z</time>
        <cmt>speed: 0.8</cmt>
      </trkpt>
      <trkpt lat="33.885266" lon="-84.530622">
        <ele>315</ele>
        <time>2026-04-02T01:41:19Z</time>
        <cmt>speed: 0.1</cmt>
      </trkpt>
      <trkpt lat="33.885339" lon="-84.530502">
        <ele>357</ele>
        <time>2026-04-02T01:43:49Z</time>
        <cmt>speed: 0.0</cmt>
      </trkpt>
      <trkpt lat="33.885189" lon="-84.530952">
        <ele>306</ele>
        <time>2026-04-02T01:46:17Z</time>
        <cmt>speed: 0.6</cmt>
      </trkpt>
      <trkpt lat="33.885013" lon="-84.531092">
        <ele>306</ele>
        <time>2026-04-02T01:48:47Z</time>
        <cmt>speed: 0.2</cmt>
      </trkpt>
      <trkpt lat="33.88501" lon="-84.53109">
        <ele>332</ele>
        <time>2026-04-02T01:51:17Z</time>
        <cmt>speed: 0.0</cmt>
      </trkpt>
      <trkpt lat="33.884866" lon="-84.530741">
        <ele>296</ele>
        <time>2026-04-02T01:53:52Z</time>
        <cmt>speed: 0.4</cmt>
      </trkpt>
      <trkpt lat="33.885015" lon="-84.530744">
        <ele>300</ele>
        <time>2026-04-02T01:56:19Z</time>
        <cmt>speed: 0.0</cmt>
      </trkpt>
      <trkpt lat="33.885006" lon="-84.53068">
        <ele>313</ele>
        <time>2026-04-02T01:58:48Z</time>
        <cmt>speed: 0.0</cmt>
      </trkpt>
      <trkpt lat="33.884953" lon="-84.530797">
        <ele>290</ele>
        <time>2026-04-02T02:01:22Z</time>
        <cmt>speed: 0.0</cmt>
      </trkpt>
      <trkpt lat="33.884974" lon="-84.530767">
        <ele>309</ele>
        <time>2026-04-02T02:03:50Z</time>
        <cmt>speed: 0.0</cmt>
      </trkpt>
      <trkpt lat="33.884989" lon="-84.530774">
        <ele>289</ele>
        <time>2026-04-02T02:06:18Z</time>
        <cmt>speed: 0.0</cmt>
      </trkpt>
      <trkpt lat="33.884994" lon="-84.53071">
        <ele>307</ele>
        <time>2026-04-02T02:08:50Z</time>
        <cmt>speed: 0.0</cmt>
      </trkpt>
      <trkpt lat="33.884959" lon="-84.530687">
        <ele>296</ele>
        <time>2026-04-02T02:11:21Z</time>
        <cmt>speed: 0.2</cmt>
      </trkpt>
      <trkpt lat="33.885016" lon="-84.530803">
        <ele>297</ele>
        <time>2026-04-02T02:13:55Z</time>
        <cmt>speed: 0.1</cmt>
      </trkpt>
      <trkpt lat="33.884935" lon="-84.530678">
        <ele>308</ele>
        <time>2026-04-02T02:18:24Z</time>
        <cmt>speed: 0.0</cmt>
      </trkpt>
      <trkpt lat="33.884953" lon="-84.530796">
        <ele>304</ele>
        <time>2026-04-02T02:20:52Z</time>
        <cmt>speed: 0.9</cmt>
      </trkpt>
      <trkpt lat="33.884953" lon="-84.530796">
        <ele>304</ele>
        <time>2026-04-02T02:23:53Z</time>
      </trkpt>
      <trkpt lat="33.884955" lon="-84.530617">
        <ele>312</ele>
        <time>2026-04-02T02:27:38Z</time>
        <cmt>speed: 0.1</cmt>
      </trkpt>
      <trkpt lat="33.884984" lon="-84.530741">
        <ele>292</ele>
        <time>2026-04-02T02:30:10Z</time>
        <cmt>speed: 0.0</cmt>
      </trkpt>
      <trkpt lat="33.884984" lon="-84.530741">
        <ele>292</ele>
        <time>2026-04-02T02:33:53Z</time>
      </trkpt>
      <trkpt lat="33.885007" lon="-84.530695">
        <ele>307</ele>
        <time>2026-04-02T02:35:16Z</time>
        <cmt>speed: 0.9</cmt>
      </trkpt>
      <trkpt lat="33.88501" lon="-84.530686">
        <ele>271</ele>
        <time>2026-04-02T02:37:46Z</time>
        <cmt>speed: 0.0</cmt>
      </trkpt>
      <trkpt lat="33.884988" lon="-84.530775">
        <ele>299</ele>
        <time>2026-04-02T02:40:14Z</time>
        <cmt>speed: 0.0</cmt>
      </trkpt>
      <trkpt lat="33.885007" lon="-84.530693">
        <ele>318</ele>
        <time>2026-04-02T02:42:43Z</time>
        <cmt>speed: 0.1</cmt>
      </trkpt>
      <trkpt lat="33.884971" lon="-84.530704">
        <ele>290</ele>
        <time>2026-04-02T02:45:13Z</time>
        <cmt>speed: 0.2</cmt>
      </trkpt>
      <trkpt lat="33.884993" lon="-84.530773">
        <ele>262</ele>
        <time>2026-04-02T02:47:43Z</time>
        <cmt>speed: 0.1</cmt>
      </trkpt>
      <trkpt lat="33.884994" lon="-84.530796">
        <ele>275</ele>
        <time>2026-04-02T02:50:12Z</time>
        <cmt>speed: 0.0</cmt>
      </trkpt>
      <trkpt lat="33.884929" lon="-84.530761">
        <ele>305</ele>
        <time>2026-04-02T02:52:47Z</time>
        <cmt>speed: 0.2</cmt>
      </trkpt>
      <trkpt lat="33.88494" lon="-84.530712">
        <ele>279</ele>
        <time>2026-04-02T02:55:14Z</time>
        <cmt>speed: 0.0</cmt>
      </trkpt>
      <trkpt lat="33.885005" lon="-84.530786">
        <ele>299</ele>
        <time>2026-04-02T02:57:48Z</time>
        <cmt>speed: 0.9</cmt>
      </trkpt>
      <trkpt lat="33.884926" lon="-84.530814">
        <ele>304</ele>
        <time>2026-04-02T03:00:14Z</time>
        <cmt>speed: 0.2</cmt>
      </trkpt>
      <trkpt lat="33.885011" lon="-84.530795">
        <ele>307</ele>
        <time>2026-04-02T03:02:46Z</time>
        <cmt>speed: 0.4</cmt>
      </trkpt>
      <trkpt lat="33.885026" lon="-84.530772">
        <ele>307</ele>
        <time>2026-04-02T03:05:19Z</time>
        <cmt>speed: 0.1</cmt>
      </trkpt>
      <trkpt lat="33.885038" lon="-84.530656">
        <ele>290</ele>
        <time>2026-04-02T03:07:49Z</time>
        <cmt>speed: 0.0</cmt>
      </trkpt>
      <trkpt lat="33.885053" lon="-84.530811">
        <ele>297</ele>
        <time>2026-04-02T03:10:11Z</time>
        <cmt>speed: 0.0</cmt>
      </trkpt>
      <trkpt lat="33.884976" lon="-84.530823">
        <ele>312</ele>
        <time>2026-04-02T03:12:47Z</time>
        <cmt>speed: 0.3</cmt>
      </trkpt>
      <trkpt lat="33.884989" lon="-84.530791">
        <ele>303</ele>
        <time>2026-04-02T03:15:11Z</time>
        <cmt>speed: 0.0</cmt>
      </trkpt>
      <trkpt lat="33.885032" lon="-84.53079">
        <ele>309</ele>
        <time>2026-04-02T03:17:39Z</time>
        <cmt>speed: 0.0</cmt>
      </trkpt>
      <trkpt lat="33.884988" lon="-84.530709">
        <ele>313</ele>
        <time>2026-04-02T03:20:16Z</time>
        <cmt>speed: 0.0</cmt>
      </trkpt>
      <trkpt lat="33.884977" lon="-84.530846">
        <ele>318</ele>
        <time>2026-04-02T03:22:47Z</time>
        <cmt>speed: 0.1</cmt>
      </trkpt>
      <trkpt lat="33.885073" lon="-84.530824">
        <ele>296</ele>
        <time>2026-04-02T03:25:11Z</time>
        <cmt>speed: 0.0</cmt>
      </trkpt>
      <trkpt lat="33.885004" lon="-84.530776">
        <ele>276</ele>
        <time>2026-04-02T03:27:46Z</time>
        <cmt>speed: 0.0</cmt>
      </trkpt>
      <trkpt lat="33.884872" lon="-84.530844">
        <ele>286</ele>
        <time>2026-04-02T03:30:09Z</time>
        <cmt>speed: 0.0</cmt>
      </trkpt>
      <trkpt lat="33.884927" lon="-84.530767">
        <ele>313</ele>
        <time>2026-04-02T03:32:46Z</time>
        <cmt>speed: 0.0</cmt>
      </trkpt>
      <trkpt lat="33.88497" lon="-84.530752">
        <ele>314</ele>
        <time>2026-04-02T03:35:17Z</time>
        <cmt>speed: 0.1</cmt>
      </trkpt>
      <trkpt lat="33.884856" lon="-84.53067">
        <ele>319</ele>
        <time>2026-04-02T04:14:32Z</time>
        <cmt>speed: 1.2</cmt>
      </trkpt>
      <trkpt lat="33.884848" lon="-84.530694">
        <ele>299</ele>
        <time>2026-04-02T04:29:05Z</time>
        <cmt>speed: 0.4</cmt>
      </trkpt>
      <trkpt lat="33.88496" lon="-84.530757">
        <ele>295</ele>
        <time>2026-04-02T04:31:23Z</time>
        <cmt>speed: 0.3</cmt>
      </trkpt>
      <trkpt lat="33.885052" lon="-84.530914">
        <ele>287</ele>
        <time>2026-04-02T04:37:44Z</time>
        <cmt>speed: 0.0</cmt>
      </trkpt>
      <trkpt lat="33.884956" lon="-84.530672">
        <ele>306</ele>
        <time>2026-04-02T04:40:14Z</time>
        <cmt>speed: 3.2</cmt>
      </trkpt>
      <trkpt lat="33.884915" lon="-84.530789">
        <ele>292</ele>
        <time>2026-04-02T04:52:32Z</time>
        <cmt>speed: 0.6</cmt>
      </trkpt>
      <trkpt lat="33.88495" lon="-84.530578">
        <ele>326</ele>
        <time>2026-04-02T04:56:51Z</time>
        <cmt>speed: 0.2</cmt>
      </trkpt>
      <trkpt lat="33.88498" lon="-84.530676">
        <ele>300</ele>
        <time>2026-04-02T05:16:14Z</time>
        <cmt>speed: 0.1</cmt>
      </trkpt>
      <trkpt lat="33.884898" lon="-84.530689">
        <ele>273</ele>
        <time>2026-04-02T05:18:31Z</time>
        <cmt>speed: 1.5</cmt>
      </trkpt>
      <trkpt lat="33.884898" lon="-84.530689">
        <ele>273</ele>
        <time>2026-04-02T05:22:39Z</time>
      </trkpt>
      <trkpt lat="33.884918" lon="-84.53076">
        <ele>306</ele>
        <time>2026-04-02T05:25:29Z</time>
        <cmt>speed: 0.8</cmt>
      </trkpt>
      <trkpt lat="33.884997" lon="-84.530768">
        <ele>316</ele>
        <time>2026-04-02T05:27:55Z</time>
        <cmt>speed: 0.1</cmt>
      </trkpt>
      <trkpt lat="33.885132" lon="-84.5308">
        <ele>312</ele>
        <time>2026-04-02T05:30:37Z</time>
        <cmt>speed: 0.0</cmt>
      </trkpt>
      <trkpt lat="33.884973" lon="-84.530772">
        <ele>308</ele>
        <time>2026-04-02T05:32:58Z</time>
        <cmt>speed: 0.4</cmt>
      </trkpt>
      <trkpt lat="33.884993" lon="-84.530828">
        <ele>308</ele>
        <time>2026-04-02T05:35:23Z</time>
        <cmt>speed: 0.0</cmt>
      </trkpt>
      <trkpt lat="33.885005" lon="-84.530696">
        <ele>321</ele>
        <time>2026-04-02T05:38:04Z</time>
        <cmt>speed: 0.5</cmt>
      </trkpt>
      <trkpt lat="33.885005" lon="-84.530696">
        <ele>321</ele>
        <time>2026-04-02T05:42:55Z</time>
      </trkpt>
      <trkpt lat="33.885045" lon="-84.530795">
        <ele>310</ele>
        <time>2026-04-02T05:53:59Z</time>
        <cmt>speed: 0.0</cmt>
      </trkpt>
      <trkpt lat="33.885021" lon="-84.530717">
        <ele>314</ele>
        <time>2026-04-02T06:15:05Z</time>
        <cmt>speed: 0.7</cmt>
      </trkpt>
      <trkpt lat="33.884966" lon="-84.530888">
        <ele>319</ele>
        <time>2026-04-02T10:32:09Z</time>
        <cmt>speed: 1.0</cmt>
      </trkpt>
      <trkpt lat="33.885113" lon="-84.530619">
        <ele>286</ele>
        <time>2026-04-02T10:34:51Z</time>
        <cmt>speed: 0.1</cmt>
      </trkpt>
      <trkpt lat="33.885125" lon="-84.530503">
        <ele>297</ele>
        <time>2026-04-02T10:37:02Z</time>
        <cmt>speed: 0.2</cmt>
      </trkpt>
      <trkpt lat="33.885152" lon="-84.530685">
        <ele>319</ele>
        <time>2026-04-02T10:39:33Z</time>
        <cmt>speed: 0.1</cmt>
      </trkpt>
      <trkpt lat="33.885287" lon="-84.530405">
        <ele>329</ele>
        <time>2026-04-02T10:42:01Z</time>
        <cmt>speed: 0.2</cmt>
      </trkpt>
      <trkpt lat="33.885075" lon="-84.530132">
        <ele>366</ele>
        <time>2026-04-02T10:44:31Z</time>
        <cmt>speed: 0.0</cmt>
      </trkpt>
      <trkpt lat="33.885281" lon="-84.530525">
        <ele>298</ele>
        <time>2026-04-02T10:47:01Z</time>
        <cmt>speed: 0.0</cmt>
      </trkpt>
      <trkpt lat="33.885227" lon="-84.53031">
        <ele>300</ele>
        <time>2026-04-02T10:49:32Z</time>
        <cmt>speed: 0.1</cmt>
      </trkpt>
      <trkpt lat="33.885298" lon="-84.530446">
        <ele>316</ele>
        <time>2026-04-02T10:52:01Z</time>
        <cmt>speed: 0.8</cmt>
      </trkpt>
      <trkpt lat="33.885515" lon="-84.530484">
        <ele>343</ele>
        <time>2026-04-02T10:54:32Z</time>
        <cmt>speed: 0.0</cmt>
      </trkpt>
      <trkpt lat="33.885473" lon="-84.530457">
        <ele>324</ele>
        <time>2026-04-02T10:57:01Z</time>
        <cmt>speed: 0.0</cmt>
      </trkpt>
      <trkpt lat="33.885415" lon="-84.530509">
        <ele>333</ele>
        <time>2026-04-02T10:59:31Z</time>
        <cmt>speed: 0.0</cmt>
      </trkpt>
      <trkpt lat="33.885373" lon="-84.530597">
        <ele>323</ele>
        <time>2026-04-02T11:02:04Z</time>
        <cmt>speed: 0.0</cmt>
      </trkpt>
      <trkpt lat="33.88527" lon="-84.530559">
        <ele>306</ele>
        <time>2026-04-02T11:04:31Z</time>
        <cmt>speed: 0.1</cmt>
      </trkpt>
      <trkpt lat="33.885751" lon="-84.530776">
        <ele>317</ele>
        <time>2026-04-02T11:07:01Z</time>
        <cmt>speed: 0.6</cmt>
      </trkpt>
      <trkpt lat="33.885706" lon="-84.530639">
        <ele>301</ele>
        <time>2026-04-02T11:09:33Z</time>
        <cmt>speed: 0.0</cmt>
      </trkpt>
      <trkpt lat="33.885769" lon="-84.530659">
        <ele>283</ele>
        <time>2026-04-02T11:12:03Z</time>
        <cmt>speed: 0.1</cmt>
      </trkpt>
      <trkpt lat="33.886066" lon="-84.530736">
        <ele>343</ele>
        <time>2026-04-02T11:14:34Z</time>
        <cmt>speed: 0.0</cmt>
      </trkpt>
      <trkpt lat="33.886152" lon="-84.530767">
        <ele>351</ele>
        <time>2026-04-02T11:17:02Z</time>
        <cmt>speed: 0.0</cmt>
      </trkpt>
      <trkpt lat="33.88598" lon="-84.53095">
        <ele>321</ele>
        <time>2026-04-02T11:19:34Z</time>
        <cmt>speed: 0.1</cmt>
      </trkpt>
      <trkpt lat="33.885985" lon="-84.530829">
        <ele>315</ele>
        <time>2026-04-02T11:22:07Z</time>
        <cmt>speed: 0.5</cmt>
      </trkpt>
      <trkpt lat="33.88598" lon="-84.530757">
        <ele>313</ele>
        <time>2026-04-02T11:24:33Z</time>
        <cmt>speed: 0.0</cmt>
      </trkpt>
      <trkpt lat="33.885936" lon="-84.530754">
        <ele>322</ele>
        <time>2026-04-02T11:29:34Z</time>
        <cmt>speed: 0.0</cmt>
      </trkpt>
      <trkpt lat="33.885849" lon="-84.530901">
        <ele>340</ele>
        <time>2026-04-02T11:32:07Z</time>
        <cmt>speed: 0.0</cmt>
      </trkpt>
      <trkpt lat="33.886022" lon="-84.530631">
        <ele>351</ele>
        <time>2026-04-02T11:34:33Z</time>
        <cmt>speed: 0.0</cmt>
      </trkpt>
      <trkpt lat="33.885891" lon="-84.530718">
        <ele>307</ele>
        <time>2026-04-02T11:37:04Z</time>
        <cmt>speed: 0.1</cmt>
      </trkpt>
      <trkpt lat="33.88609" lon="-84.53066">
        <ele>310</ele>
        <time>2026-04-02T11:42:04Z</time>
        <cmt>speed: 0.0</cmt>
      </trkpt>
      <trkpt lat="33.886179" lon="-84.530618">
        <ele>354</ele>
        <time>2026-04-02T11:44:34Z</time>
        <cmt>speed: 0.2</cmt>
      </trkpt>
      <trkpt lat="33.886391" lon="-84.530649">
        <ele>341</ele>
        <time>2026-04-02T11:47:02Z</time>
        <cmt>speed: 0.0</cmt>
      </trkpt>
      <trkpt lat="33.886191" lon="-84.530936">
        <ele>305</ele>
        <time>2026-04-02T11:49:31Z</time>
        <cmt>speed: 0.1</cmt>
      </trkpt>
      <trkpt lat="33.886294" lon="-84.530711">
        <ele>304</ele>
        <time>2026-04-02T11:52:02Z</time>
        <cmt>speed: 0.0</cmt>
      </trkpt>
      <trkpt lat="33.885404" lon="-84.530697">
        <ele>303</ele>
        <time>2026-04-02T11:54:32Z</time>
        <cmt>speed: 0.5</cmt>
      </trkpt>
      <trkpt lat="33.884977" lon="-84.530698">
        <ele>305</ele>
        <time>2026-04-02T11:57:04Z</time>
        <cmt>speed: 0.2</cmt>
      </trkpt>
      <trkpt lat="33.884957" lon="-84.530905">
        <ele>308</ele>
        <time>2026-04-02T11:59:32Z</time>
        <cmt>speed: 0.0</cmt>
      </trkpt>
      <trkpt lat="33.885066" lon="-84.530725">
        <ele>310</ele>
        <time>2026-04-02T12:02:03Z</time>
        <cmt>speed: 1.1</cmt>
      </trkpt>
      <trkpt lat="33.884818" lon="-84.530935">
        <ele>305</ele>
        <time>2026-04-02T12:04:30Z</time>
        <cmt>speed: 0.0</cmt>
      </trkpt>
      <trkpt lat="33.884962" lon="-84.531029">
        <ele>303</ele>
        <time>2026-04-02T12:07:03Z</time>
        <cmt>speed: 0.1</cmt>
      </trkpt>
      <trkpt lat="33.884968" lon="-84.530998">
        <ele>299</ele>
        <time>2026-04-02T12:09:32Z</time>
        <cmt>speed: 0.0</cmt>
      </trkpt>
      <trkpt lat="33.885086" lon="-84.531106">
        <ele>283</ele>
        <time>2026-04-02T12:12:07Z</time>
        <cmt>speed: 0.0</cmt>
      </trkpt>
      <trkpt lat="33.885064" lon="-84.531063">
        <ele>279</ele>
        <time>2026-04-02T12:14:32Z</time>
        <cmt>speed: 0.0</cmt>
      </trkpt>
      <trkpt lat="33.884951" lon="-84.531056">
        <ele>296</ele>
        <time>2026-04-02T12:17:04Z</time>
        <cmt>speed: 0.0</cmt>
      </trkpt>
      <trkpt lat="33.885178" lon="-84.53099">
        <ele>300</ele>
        <time>2026-04-02T12:19:32Z</time>
        <cmt>speed: 0.0</cmt>
      </trkpt>
      <trkpt lat="33.884998" lon="-84.530998">
        <ele>286</ele>
        <time>2026-04-02T12:22:02Z</time>
        <cmt>speed: 0.0</cmt>
      </trkpt>
      <trkpt lat="33.88501" lon="-84.531056">
        <ele>284</ele>
        <time>2026-04-02T12:24:33Z</time>
        <cmt>speed: 0.4</cmt>
      </trkpt>
      <trkpt lat="33.884967" lon="-84.53107">
        <ele>288</ele>
        <time>2026-04-02T12:27:01Z</time>
        <cmt>speed: 0.0</cmt>
      </trkpt>
      <trkpt lat="33.88516" lon="-84.531072">
        <ele>275</ele>
        <time>2026-04-02T12:29:34Z</time>
        <cmt>speed: 0.0</cmt>
      </trkpt>
      <trkpt lat="33.885009" lon="-84.531087">
        <ele>305</ele>
        <time>2026-04-02T12:32:01Z</time>
        <cmt>speed: 0.0</cmt>
      </trkpt>
      <trkpt lat="33.885066" lon="-84.531041">
        <ele>281</ele>
        <time>2026-04-02T12:34:32Z</time>
        <cmt>speed: 0.0</cmt>
      </trkpt>
      <trkpt lat="33.88497" lon="-84.530949">
        <ele>312</ele>
        <time>2026-04-02T12:37:03Z</time>
        <cmt>speed: 0.0</cmt>
      </trkpt>
      <trkpt lat="33.885051" lon="-84.530835">
        <ele>289</ele>
        <time>2026-04-02T12:39:31Z</time>
        <cmt>speed: 0.4</cmt>
      </trkpt>
      <trkpt lat="33.884762" lon="-84.530535">
        <ele>359</ele>
        <time>2026-04-02T12:42:02Z</time>
        <cmt>speed: 0.0</cmt>
      </trkpt>
      <trkpt lat="33.885031" lon="-84.530794">
        <ele>309</ele>
        <time>2026-04-02T12:44:33Z</time>
        <cmt>speed: 0.4</cmt>
      </trkpt>
      <trkpt lat="33.885055" lon="-84.530778">
        <ele>306</ele>
        <time>2026-04-02T12:47:03Z</time>
        <cmt>speed: 0.3</cmt>
      </trkpt>
      <trkpt lat="33.885091" lon="-84.530615">
        <ele>305</ele>
        <time>2026-04-02T12:49:37Z</time>
        <cmt>speed: 0.3</cmt>
      </trkpt>
      <trkpt lat="33.885189" lon="-84.530401">
        <ele>293</ele>
        <time>2026-04-02T12:52:00Z</time>
        <cmt>speed: 1.2</cmt>
      </trkpt>
      <trkpt lat="33.885392" lon="-84.530287">
        <ele>281</ele>
        <time>2026-04-02T12:54:31Z</time>
        <cmt>speed: 0.0</cmt>
      </trkpt>
      <trkpt lat="33.88537" lon="-84.530351">
        <ele>315</ele>
        <time>2026-04-02T12:57:00Z</time>
        <cmt>speed: 0.0</cmt>
      </trkpt>
      <trkpt lat="33.885372" lon="-84.530312">
        <ele>285</ele>
        <time>2026-04-02T12:59:30Z</time>
        <cmt>speed: 0.0</cmt>
      </trkpt>
      <trkpt lat="33.885297" lon="-84.530401">
        <ele>308</ele>
        <time>2026-04-02T13:02:00Z</time>
        <cmt>speed: 0.5</cmt>
      </trkpt>
      <trkpt lat="33.885008" lon="-84.530339">
        <ele>298</ele>
        <time>2026-04-02T13:04:32Z</time>
        <cmt>speed: 0.7</cmt>
      </trkpt>
      <trkpt lat="33.884767" lon="-84.530665">
        <ele>307</ele>
        <time>2026-04-02T13:07:01Z</time>
        <cmt>speed: 0.0</cmt>
      </trkpt>
      <trkpt lat="33.884828" lon="-84.530656">
        <ele>293</ele>
        <time>2026-04-02T13:09:32Z</time>
        <cmt>speed: 0.0</cmt>
      </trkpt>
      <trkpt lat="33.884829" lon="-84.530663">
        <ele>290</ele>
        <time>2026-04-02T13:12:02Z</time>
        <cmt>speed: 0.0</cmt>
      </trkpt>
      <trkpt lat="33.884807" lon="-84.530709">
        <ele>307</ele>
        <time>2026-04-02T13:14:32Z</time>
        <cmt>speed: 0.0</cmt>
      </trkpt>
      <trkpt lat="33.884807" lon="-84.530709">
        <ele>307</ele>
        <time>2026-04-02T13:22:03Z</time>
      </trkpt>
      <trkpt lat="33.884867" lon="-84.53066">
        <ele>296</ele>
        <time>2026-04-02T13:22:42Z</time>
        <cmt>speed: 0.3</cmt>
      </trkpt>
      <trkpt lat="33.884819" lon="-84.530842">
        <ele>309</ele>
        <time>2026-04-02T13:25:13Z</time>
        <cmt>speed: 0.0</cmt>
      </trkpt>
      <trkpt lat="33.884903" lon="-84.530827">
        <ele>304</ele>
        <time>2026-04-02T13:27:43Z</time>
        <cmt>speed: 0.0</cmt>
      </trkpt>
      <trkpt lat="33.884797" lon="-84.530845">
        <ele>296</ele>
        <time>2026-04-02T13:30:46Z</time>
        <cmt>speed: 0.2</cmt>
      </trkpt>
      <trkpt lat="33.884613" lon="-84.531018">
        <ele>306</ele>
        <time>2026-04-02T13:33:14Z</time>
        <cmt>speed: 0.2</cmt>
      </trkpt>
      <trkpt lat="33.884635" lon="-84.531096">
        <ele>280</ele>
        <time>2026-04-02T13:35:45Z</time>
        <cmt>speed: 0.0</cmt>
      </trkpt>
      <trkpt lat="33.884619" lon="-84.531003">
        <ele>285</ele>
        <time>2026-04-02T13:38:14Z</time>
        <cmt>speed: 0.0</cmt>
      </trkpt>
      <trkpt lat="33.88467" lon="-84.531043">
        <ele>299</ele>
        <time>2026-04-02T13:40:46Z</time>
        <cmt>speed: 0.0</cmt>
      </trkpt>
      <trkpt lat="33.884568" lon="-84.531056">
        <ele>275</ele>
        <time>2026-04-02T13:43:18Z</time>
        <cmt>speed: 0.0</cmt>
      </trkpt>
      <trkpt lat="33.884597" lon="-84.530996">
        <ele>256</ele>
        <time>2026-04-02T13:45:46Z</time>
        <cmt>speed: 0.0</cmt>
      </trkpt>
      <trkpt lat="33.884687" lon="-84.530974">
        <ele>310</ele>
        <time>2026-04-02T13:48:17Z</time>
        <cmt>speed: 0.0</cmt>
      </trkpt>
      <trkpt lat="33.884677" lon="-84.531072">
        <ele>295</ele>
        <time>2026-04-02T13:50:46Z</time>
        <cmt>speed: 0.0</cmt>
      </trkpt>
      <trkpt lat="33.884786" lon="-84.530983">
        <ele>312</ele>
        <time>2026-04-02T13:53:17Z</time>
        <cmt>speed: 0.0</cmt>
      </trkpt>
      <trkpt lat="33.884752" lon="-84.531043">
        <ele>305</ele>
        <time>2026-04-02T13:55:48Z</time>
        <cmt>speed: 0.1</cmt>
      </trkpt>
      <trkpt lat="33.884749" lon="-84.531024">
        <ele>305</ele>
        <time>2026-04-02T13:58:15Z</time>
        <cmt>speed: 0.0</cmt>
      </trkpt>
      <trkpt lat="33.884799" lon="-84.53107">
        <ele>320</ele>
        <time>2026-04-02T14:00:46Z</time>
        <cmt>speed: 0.0</cmt>
      </trkpt>
      <trkpt lat="33.884772" lon="-84.530929">
        <ele>292</ele>
        <time>2026-04-02T14:03:16Z</time>
        <cmt>speed: 0.0</cmt>
      </trkpt>
      <trkpt lat="33.88457" lon="-84.530984">
        <ele>270</ele>
        <time>2026-04-02T14:05:47Z</time>
        <cmt>speed: 0.0</cmt>
      </trkpt>
      <trkpt lat="33.884548" lon="-84.531011">
        <ele>280</ele>
        <time>2026-04-02T14:10:54Z</time>
        <cmt>speed: 0.0</cmt>
      </trkpt>
      <trkpt lat="33.884862" lon="-84.531026">
        <ele>324</ele>
        <time>2026-04-02T14:13:23Z</time>
        <cmt>speed: 1.1</cmt>
      </trkpt>
      <trkpt lat="33.884964" lon="-84.530754">
        <ele>297</ele>
        <time>2026-04-02T14:15:55Z</time>
        <cmt>speed: 0.3</cmt>
      </trkpt>
      <trkpt lat="33.884878" lon="-84.530882">
        <ele>299</ele>
        <time>2026-04-02T14:18:23Z</time>
        <cmt>speed: 0.0</cmt>
      </trkpt>
      <trkpt lat="33.884745" lon="-84.530859">
        <ele>273</ele>
        <time>2026-04-02T14:20:50Z</time>
        <cmt>speed: 0.1</cmt>
      </trkpt>
      <trkpt lat="33.884691" lon="-84.530907">
        <ele>292</ele>
        <time>2026-04-02T14:23:24Z</time>
        <cmt>speed: 0.0</cmt>
      </trkpt>
      <trkpt lat="33.884686" lon="-84.530994">
        <ele>276</ele>
        <time>2026-04-02T14:25:53Z</time>
        <cmt>speed: 0.0</cmt>
      </trkpt>
      <trkpt lat="33.884716" lon="-84.531114">
        <ele>280</ele>
        <time>2026-04-02T14:28:23Z</time>
        <cmt>speed: 0.1</cmt>
      </trkpt>
      <trkpt lat="33.884623" lon="-84.531139">
        <ele>303</ele>
        <time>2026-04-02T14:30:54Z</time>
        <cmt>speed: 0.4</cmt>
      </trkpt>
      <trkpt lat="33.884568" lon="-84.530984">
        <ele>275</ele>
        <time>2026-04-02T14:33:22Z</time>
        <cmt>speed: 0.0</cmt>
      </trkpt>
      <trkpt lat="33.884698" lon="-84.530917">
        <ele>302</ele>
        <time>2026-04-02T14:35:54Z</time>
        <cmt>speed: 0.0</cmt>
      </trkpt>
      <trkpt lat="33.884551" lon="-84.531061">
        <ele>293</ele>
        <time>2026-04-02T14:38:22Z</time>
        <cmt>speed: 0.0</cmt>
      </trkpt>
      <trkpt lat="33.884613" lon="-84.531049">
        <ele>321</ele>
        <time>2026-04-02T14:40:53Z</time>
        <cmt>speed: 0.0</cmt>
      </trkpt>
      <trkpt lat="33.884676" lon="-84.531037">
        <ele>309</ele>
        <time>2026-04-02T14:43:23Z</time>
        <cmt>speed: 0.0</cmt>
      </trkpt>
      <trkpt lat="33.884511" lon="-84.531006">
        <ele>324</ele>
        <time>2026-04-02T14:45:53Z</time>
        <cmt>speed: 0.0</cmt>
      </trkpt>
      <trkpt lat="33.884599" lon="-84.531028">
        <ele>293</ele>
        <time>2026-04-02T14:48:24Z</time>
        <cmt>speed: 0.0</cmt>
      </trkpt>
      <trkpt lat="33.884565" lon="-84.530963">
        <ele>324</ele>
        <time>2026-04-02T14:50:54Z</time>
        <cmt>speed: 0.0</cmt>
      </trkpt>
      <trkpt lat="33.884681" lon="-84.530931">
        <ele>295</ele>
        <time>2026-04-02T14:53:25Z</time>
        <cmt>speed: 0.0</cmt>
      </trkpt>
      <trkpt lat="33.88459" lon="-84.531006">
        <ele>305</ele>
        <time>2026-04-02T14:58:23Z</time>
        <cmt>speed: 0.3</cmt>
      </trkpt>
      <trkpt lat="33.88458" lon="-84.530931">
        <ele>283</ele>
        <time>2026-04-02T15:00:53Z</time>
        <cmt>speed: 0.0</cmt>
      </trkpt>
      <trkpt lat="33.8845" lon="-84.530938">
        <ele>308</ele>
        <time>2026-04-02T15:03:23Z</time>
        <cmt>speed: 0.0</cmt>
      </trkpt>
      <trkpt lat="33.884599" lon="-84.531046">
        <ele>301</ele>
        <time>2026-04-02T15:08:08Z</time>
        <cmt>speed: 0.8</cmt>
      </trkpt>
      <trkpt lat="33.884711" lon="-84.531193">
        <ele>261</ele>
        <time>2026-04-02T15:10:36Z</time>
        <cmt>speed: 0.0</cmt>
      </trkpt>
      <trkpt lat="33.884604" lon="-84.531061">
        <ele>303</ele>
        <time>2026-04-02T15:13:07Z</time>
        <cmt>speed: 0.0</cmt>
      </trkpt>
      <trkpt lat="33.884589" lon="-84.531109">
        <ele>284</ele>
        <time>2026-04-02T15:15:37Z</time>
        <cmt>speed: 0.0</cmt>
      </trkpt>
      <trkpt lat="33.884827" lon="-84.530587">
        <ele>305</ele>
        <time>2026-04-02T15:18:06Z</time>
        <cmt>speed: 0.0</cmt>
      </trkpt>
      <trkpt lat="33.884783" lon="-84.530721">
        <ele>349</ele>
        <time>2026-04-02T15:20:36Z</time>
        <cmt>speed: 0.0</cmt>
      </trkpt>
      <trkpt lat="33.884712" lon="-84.530848">
        <ele>322</ele>
        <time>2026-04-02T15:23:07Z</time>
        <cmt>speed: 0.0</cmt>
      </trkpt>
      <trkpt lat="33.884774" lon="-84.530799">
        <ele>296</ele>
        <time>2026-04-02T15:25:38Z</time>
        <cmt>speed: 0.0</cmt>
      </trkpt>
      <trkpt lat="33.884788" lon="-84.530989">
        <ele>293</ele>
        <time>2026-04-02T15:28:08Z</time>
        <cmt>speed: 0.0</cmt>
      </trkpt>
      <trkpt lat="33.884762" lon="-84.530796">
        <ele>305</ele>
        <time>2026-04-02T15:30:37Z</time>
        <cmt>speed: 0.0</cmt>
      </trkpt>
      <trkpt lat="33.884802" lon="-84.530859">
        <ele>322</ele>
        <time>2026-04-02T15:33:07Z</time>
        <cmt>speed: 0.0</cmt>
      </trkpt>
      <trkpt lat="33.884802" lon="-84.530859">
        <ele>322</ele>
        <time>2026-04-02T15:33:26Z</time>
      </trkpt>
      <trkpt lat="33.884767" lon="-84.530749">
        <ele>295</ele>
        <time>2026-04-02T15:35:48Z</time>
        <cmt>speed: 0.0</cmt>
      </trkpt>
      <trkpt lat="33.884794" lon="-84.530827">
        <ele>300</ele>
        <time>2026-04-02T15:40:29Z</time>
        <cmt>speed: 0.0</cmt>
      </trkpt>
      <trkpt lat="33.8848" lon="-84.530911">
        <ele>308</ele>
        <time>2026-04-02T15:43:00Z</time>
        <cmt>speed: 0.2</cmt>
      </trkpt>
      <trkpt lat="33.884711" lon="-84.530923">
        <ele>304</ele>
        <time>2026-04-02T15:45:29Z</time>
        <cmt>speed: 0.2</cmt>
      </trkpt>
      <trkpt lat="33.884761" lon="-84.530996">
        <ele>320</ele>
        <time>2026-04-02T15:47:59Z</time>
        <cmt>speed: 0.0</cmt>
      </trkpt>
      <trkpt lat="33.884828" lon="-84.530944">
        <ele>311</ele>
        <time>2026-04-02T15:52:45Z</time>
        <cmt>speed: 0.2</cmt>
      </trkpt>
      <trkpt lat="33.885019" lon="-84.530848">
        <ele>302</ele>
        <time>2026-04-02T15:55:15Z</time>
        <cmt>speed: 0.1</cmt>
      </trkpt>
      <trkpt lat="33.885048" lon="-84.530854">
        <ele>281</ele>
        <time>2026-04-02T15:57:46Z</time>
        <cmt>speed: 0.1</cmt>
      </trkpt>
      <trkpt lat="33.88504" lon="-84.530857">
        <ele>291</ele>
        <time>2026-04-02T16:00:17Z</time>
        <cmt>speed: 0.9</cmt>
      </trkpt>
      <trkpt lat="33.885003" lon="-84.530739">
        <ele>294</ele>
        <time>2026-04-02T16:02:45Z</time>
        <cmt>speed: 0.0</cmt>
      </trkpt>
      <trkpt lat="33.884932" lon="-84.531263">
        <ele>294</ele>
        <time>2026-04-02T16:05:16Z</time>
        <cmt>speed: 0.1</cmt>
      </trkpt>
      <trkpt lat="33.88487" lon="-84.530971">
        <ele>327</ele>
        <time>2026-04-02T16:08:13Z</time>
        <cmt>speed: 0.2</cmt>
      </trkpt>
      <trkpt lat="33.884898" lon="-84.530837">
        <ele>307</ele>
        <time>2026-04-02T16:10:17Z</time>
        <cmt>speed: 0.1</cmt>
      </trkpt>
      <trkpt lat="33.884758" lon="-84.530972">
        <ele>351</ele>
        <time>2026-04-02T16:12:45Z</time>
        <cmt>speed: 3.0</cmt>
      </trkpt>
      <trkpt lat="33.884874" lon="-84.530687">
        <ele>312</ele>
        <time>2026-04-02T16:15:17Z</time>
        <cmt>speed: 0.1</cmt>
      </trkpt>
      <trkpt lat="33.884768" lon="-84.531117">
        <ele>342</ele>
        <time>2026-04-02T16:17:45Z</time>
        <cmt>speed: 0.1</cmt>
      </trkpt>
      <trkpt lat="33.884872" lon="-84.530836">
        <ele>310</ele>
        <time>2026-04-02T16:20:15Z</time>
        <cmt>speed: 0.0</cmt>
      </trkpt>
      <trkpt lat="33.884927" lon="-84.530816">
        <ele>316</ele>
        <time>2026-04-02T16:22:49Z</time>
        <cmt>speed: 0.1</cmt>
      </trkpt>
      <trkpt lat="33.884934" lon="-84.530834">
        <ele>295</ele>
        <time>2026-04-02T16:25:25Z</time>
        <cmt>speed: 0.3</cmt>
      </trkpt>
      <trkpt lat="33.884934" lon="-84.530834">
        <ele>295</ele>
        <time>2026-04-02T16:32:50Z</time>
      </trkpt>
      <trkpt lat="33.884841" lon="-84.530977">
        <ele>335</ele>
        <time>2026-04-02T16:35:43Z</time>
        <cmt>speed: 0.0</cmt>
      </trkpt>
      <trkpt lat="33.884955" lon="-84.53095">
        <ele>308</ele>
        <time>2026-04-02T16:38:12Z</time>
        <cmt>speed: 0.0</cmt>
      </trkpt>
      <trkpt lat="33.884955" lon="-84.53095">
        <ele>308</ele>
        <time>2026-04-02T16:42:50Z</time>
      </trkpt>
      <trkpt lat="33.884902" lon="-84.530758">
        <ele>298</ele>
        <time>2026-04-02T16:47:40Z</time>
        <cmt>speed: 0.0</cmt>
      </trkpt>
      <trkpt lat="33.885002" lon="-84.530778">
        <ele>284</ele>
        <time>2026-04-02T16:50:16Z</time>
        <cmt>speed: 0.0</cmt>
      </trkpt>
      <trkpt lat="33.884936" lon="-84.53081">
        <ele>302</ele>
        <time>2026-04-02T16:52:40Z</time>
        <cmt>speed: 0.0</cmt>
      </trkpt>
      <trkpt lat="33.884817" lon="-84.530941">
        <ele>326</ele>
        <time>2026-04-02T16:55:29Z</time>
        <cmt>speed: 0.9</cmt>
      </trkpt>
      <trkpt lat="33.884945" lon="-84.531008">
        <ele>309</ele>
        <time>2026-04-02T16:57:46Z</time>
        <cmt>speed: 0.2</cmt>
      </trkpt>
      <trkpt lat="33.884874" lon="-84.530799">
        <ele>318</ele>
        <time>2026-04-02T17:00:08Z</time>
        <cmt>speed: 0.0</cmt>
      </trkpt>
      <trkpt lat="33.885026" lon="-84.530818">
        <ele>298</ele>
        <time>2026-04-02T17:02:38Z</time>
        <cmt>speed: 0.0</cmt>
      </trkpt>
      <trkpt lat="33.884998" lon="-84.530882">
        <ele>318</ele>
        <time>2026-04-02T17:05:09Z</time>
        <cmt>speed: 0.1</cmt>
      </trkpt>
      <trkpt lat="33.885186" lon="-84.530631">
        <ele>293</ele>
        <time>2026-04-02T17:07:45Z</time>
        <cmt>speed: 0.2</cmt>
      </trkpt>
      <trkpt lat="33.884995" lon="-84.530395">
        <ele>321</ele>
        <time>2026-04-02T17:10:07Z</time>
        <cmt>speed: 0.1</cmt>
      </trkpt>
      <trkpt lat="33.884901" lon="-84.530427">
        <ele>344</ele>
        <time>2026-04-02T17:12:41Z</time>
        <cmt>speed: 1.2</cmt>
      </trkpt>
      <trkpt lat="33.884938" lon="-84.53">
        <ele>320</ele>
        <time>2026-04-02T17:15:10Z</time>
        <cmt>speed: 0.2</cmt>
      </trkpt>
      <trkpt lat="33.884916" lon="-84.530108">
        <ele>333</ele>
        <time>2026-04-02T17:17:46Z</time>
        <cmt>speed: 0.0</cmt>
      </trkpt>
      <trkpt lat="33.884805" lon="-84.529988">
        <ele>295</ele>
        <time>2026-04-02T17:20:09Z</time>
        <cmt>speed: 0.0</cmt>
      </trkpt>
      <trkpt lat="33.884921" lon="-84.530027">
        <ele>285</ele>
        <time>2026-04-02T17:22:40Z</time>
        <cmt>speed: 0.0</cmt>
      </trkpt>
      <trkpt lat="33.884928" lon="-84.530071">
        <ele>309</ele>
        <time>2026-04-02T17:25:16Z</time>
        <cmt>speed: 0.1</cmt>
      </trkpt>
      <trkpt lat="33.884953" lon="-84.530008">
        <ele>300</ele>
        <time>2026-04-02T17:27:42Z</time>
        <cmt>speed: 0.4</cmt>
      </trkpt>
      <trkpt lat="33.88498" lon="-84.529934">
        <ele>317</ele>
        <time>2026-04-02T17:30:10Z</time>
        <cmt>speed: 0.6</cmt>
      </trkpt>
      <trkpt lat="33.8849" lon="-84.530054">
        <ele>301</ele>
        <time>2026-04-02T17:32:37Z</time>
        <cmt>speed: 0.0</cmt>
      </trkpt>
      <trkpt lat="33.884927" lon="-84.530026">
        <ele>307</ele>
        <time>2026-04-02T17:35:08Z</time>
        <cmt>speed: 0.0</cmt>
      </trkpt>
      <trkpt lat="33.8849" lon="-84.530037">
        <ele>299</ele>
        <time>2026-04-02T17:37:37Z</time>
        <cmt>speed: 0.0</cmt>
      </trkpt>
      <trkpt lat="33.884881" lon="-84.530054">
        <ele>287</ele>
        <time>2026-04-02T17:40:13Z</time>
        <cmt>speed: 0.2</cmt>
      </trkpt>
      <trkpt lat="33.884876" lon="-84.530043">
        <ele>289</ele>
        <time>2026-04-02T17:42:44Z</time>
        <cmt>speed: 0.0</cmt>
      </trkpt>
      <trkpt lat="33.884896" lon="-84.530026">
        <ele>288</ele>
        <time>2026-04-02T17:45:08Z</time>
        <cmt>speed: 0.0</cmt>
      </trkpt>
      <trkpt lat="33.884916" lon="-84.530047">
        <ele>306</ele>
        <time>2026-04-02T17:47:38Z</time>
        <cmt>speed: 0.0</cmt>
      </trkpt>
      <trkpt lat="33.884969" lon="-84.530028">
        <ele>282</ele>
        <time>2026-04-02T17:50:09Z</time>
        <cmt>speed: 0.0</cmt>
      </trkpt>
      <trkpt lat="33.884851" lon="-84.529981">
        <ele>299</ele>
        <time>2026-04-02T17:52:35Z</time>
        <cmt>speed: 0.6</cmt>
      </trkpt>
      <trkpt lat="33.884894" lon="-84.530009">
        <ele>291</ele>
        <time>2026-04-02T17:55:06Z</time>
        <cmt>speed: 0.0</cmt>
      </trkpt>
      <trkpt lat="33.884967" lon="-84.530054">
        <ele>299</ele>
        <time>2026-04-02T17:57:38Z</time>
        <cmt>speed: 0.0</cmt>
      </trkpt>
      <trkpt lat="33.885044" lon="-84.529948">
        <ele>324</ele>
        <time>2026-04-02T18:00:10Z</time>
        <cmt>speed: 0.4</cmt>
      </trkpt>
      <trkpt lat="33.88489" lon="-84.529875">
        <ele>300</ele>
        <time>2026-04-02T18:02:37Z</time>
        <cmt>speed: 0.1</cmt>
      </trkpt>
      <trkpt lat="33.885009" lon="-84.529812">
        <ele>322</ele>
        <time>2026-04-02T18:05:09Z</time>
        <cmt>speed: 0.7</cmt>
      </trkpt>
      <trkpt lat="33.884885" lon="-84.530039">
        <ele>307</ele>
        <time>2026-04-02T18:07:39Z</time>
        <cmt>speed: 0.5</cmt>
      </trkpt>
      <trkpt lat="33.884765" lon="-84.530373">
        <ele>301</ele>
        <time>2026-04-02T18:10:08Z</time>
        <cmt>speed: 0.1</cmt>
      </trkpt>
      <trkpt lat="33.885088" lon="-84.530816">
        <ele>294</ele>
        <time>2026-04-02T18:12:41Z</time>
        <cmt>speed: 0.0</cmt>
      </trkpt>
      <trkpt lat="33.884979" lon="-84.530864">
        <ele>311</ele>
        <time>2026-04-02T18:15:11Z</time>
        <cmt>speed: 0.4</cmt>
      </trkpt>
      <trkpt lat="33.884879" lon="-84.530944">
        <ele>314</ele>
        <time>2026-04-02T18:17:39Z</time>
        <cmt>speed: 0.0</cmt>
      </trkpt>
      <trkpt lat="33.884797" lon="-84.530914">
        <ele>318</ele>
        <time>2026-04-02T18:20:11Z</time>
        <cmt>speed: 0.6</cmt>
      </trkpt>
      <trkpt lat="33.884882" lon="-84.531036">
        <ele>305</ele>
        <time>2026-04-02T18:22:40Z</time>
        <cmt>speed: 0.0</cmt>
      </trkpt>
      <trkpt lat="33.884846" lon="-84.531003">
        <ele>327</ele>
        <time>2026-04-02T18:25:09Z</time>
        <cmt>speed: 0.0</cmt>
      </trkpt>
      <trkpt lat="33.884808" lon="-84.530995">
        <ele>306</ele>
        <time>2026-04-02T18:27:46Z</time>
        <cmt>speed: 0.0</cmt>
      </trkpt>
      <trkpt lat="33.884808" lon="-84.530995">
        <ele>306</ele>
        <time>2026-04-02T18:32:42Z</time>
      </trkpt>
      <trkpt lat="33.884862" lon="-84.530992">
        <ele>290</ele>
        <time>2026-04-02T18:36:37Z</time>
        <cmt>speed: 0.0</cmt>
      </trkpt>
      <trkpt lat="33.884775" lon="-84.530935">
        <ele>277</ele>
        <time>2026-04-02T18:42:03Z</time>
        <cmt>speed: 0.1</cmt>
      </trkpt>
      <trkpt lat="33.884842" lon="-84.531104">
        <ele>297</ele>
        <time>2026-04-02T18:44:16Z</time>
        <cmt>speed: 0.2</cmt>
      </trkpt>
      <trkpt lat="33.884873" lon="-84.530951">
        <ele>299</ele>
        <time>2026-04-02T18:49:20Z</time>
        <cmt>speed: 0.0</cmt>
      </trkpt>
      <trkpt lat="33.88489" lon="-84.530968">
        <ele>319</ele>
        <time>2026-04-02T18:51:56Z</time>
        <cmt>speed: 0.0</cmt>
      </trkpt>
      <trkpt lat="33.88489" lon="-84.530968">
        <ele>319</ele>
        <time>2026-04-02T18:52:42Z</time>
      </trkpt>
      <trkpt lat="33.884853" lon="-84.530866">
        <ele>287</ele>
        <time>2026-04-02T18:54:27Z</time>
        <cmt>speed: 0.2</cmt>
      </trkpt>
      <trkpt lat="33.884887" lon="-84.531134">
        <ele>296</ele>
        <time>2026-04-02T18:56:52Z</time>
        <cmt>speed: 0.0</cmt>
      </trkpt>
      <trkpt lat="33.884887" lon="-84.531134">
        <ele>296</ele>
        <time>2026-04-02T19:02:42Z</time>
      </trkpt>
      <trkpt lat="33.884838" lon="-84.530984">
        <ele>302</ele>
        <time>2026-04-02T19:06:26Z</time>
        <cmt>speed: 0.0</cmt>
      </trkpt>
      <trkpt lat="33.884801" lon="-84.530638">
        <ele>349</ele>
        <time>2026-04-02T19:09:00Z</time>
        <cmt>speed: 0.5</cmt>
      </trkpt>
      <trkpt lat="33.884801" lon="-84.530638">
        <ele>349</ele>
        <time>2026-04-02T19:12:42Z</time>
      </trkpt>
      <trkpt lat="33.884989" lon="-84.530924">
        <ele>271</ele>
        <time>2026-04-02T19:16:41Z</time>
        <cmt>speed: 0.0</cmt>
      </trkpt>
      <trkpt lat="33.88491" lon="-84.531032">
        <ele>300</ele>
        <time>2026-04-02T19:19:10Z</time>
        <cmt>speed: 0.0</cmt>
      </trkpt>
      <trkpt lat="33.884903" lon="-84.530949">
        <ele>315</ele>
        <time>2026-04-02T19:24:33Z</time>
        <cmt>speed: 0.1</cmt>
      </trkpt>
      <trkpt lat="33.884854" lon="-84.531053">
        <ele>306</ele>
        <time>2026-04-02T19:26:47Z</time>
        <cmt>speed: 0.0</cmt>
      </trkpt>
      <trkpt lat="33.884914" lon="-84.530877">
        <ele>365</ele>
        <time>2026-04-02T19:29:18Z</time>
        <cmt>speed: 0.8</cmt>
      </trkpt>
      <trkpt lat="33.884914" lon="-84.530877">
        <ele>365</ele>
        <time>2026-04-02T19:32:42Z</time>
      </trkpt>
      <trkpt lat="33.884882" lon="-84.531044">
        <ele>272</ele>
        <time>2026-04-02T19:36:12Z</time>
        <cmt>speed: 0.7</cmt>
      </trkpt>
      <trkpt lat="33.884882" lon="-84.531044">
        <ele>272</ele>
        <time>2026-04-02T19:42:42Z</time>
      </trkpt>
      <trkpt lat="33.884839" lon="-84.531068">
        <ele>286</ele>
        <time>2026-04-02T19:54:45Z</time>
        <cmt>speed: 0.0</cmt>
      </trkpt>
      <trkpt lat="33.884736" lon="-84.530841">
        <ele>332</ele>
        <time>2026-04-02T19:57:17Z</time>
        <cmt>speed: 0.0</cmt>
      </trkpt>
      <trkpt lat="33.884857" lon="-84.530912">
        <ele>323</ele>
        <time>2026-04-02T19:59:43Z</time>
        <cmt>speed: 0.0</cmt>
      </trkpt>
      <trkpt lat="33.884857" lon="-84.530912">
        <ele>323</ele>
        <time>2026-04-02T20:04:45Z</time>
      </trkpt>
      <trkpt lat="33.884788" lon="-84.530887">
        <ele>316</ele>
        <time>2026-04-02T20:13:13Z</time>
        <cmt>speed: 0.0</cmt>
      </trkpt>
      <trkpt lat="33.884715" lon="-84.530845">
        <ele>296</ele>
        <time>2026-04-02T20:15:44Z</time>
        <cmt>speed: 0.3</cmt>
      </trkpt>
      <trkpt lat="33.885025" lon="-84.531045">
        <ele>305</ele>
        <time>2026-04-02T20:51:00Z</time>
        <cmt>speed: 0.0</cmt>
      </trkpt>
      <trkpt lat="33.884795" lon="-84.531066">
        <ele>333</ele>
        <time>2026-04-02T20:53:17Z</time>
        <cmt>speed: 0.5</cmt>
      </trkpt>
      <trkpt lat="33.884795" lon="-84.531066">
        <ele>333</ele>
        <time>2026-04-02T20:55:41Z</time>
      </trkpt>
      <trkpt lat="33.884903" lon="-84.531028">
        <ele>296</ele>
        <time>2026-04-02T21:02:28Z</time>
        <cmt>speed: 0.0</cmt>
      </trkpt>
      <trkpt lat="33.884945" lon="-84.531097">
        <ele>311</ele>
        <time>2026-04-02T21:04:58Z</time>
        <cmt>speed: 0.0</cmt>
      </trkpt>
      <trkpt lat="33.884945" lon="-84.531097">
        <ele>311</ele>
        <time>2026-04-02T21:05:41Z</time>
      </trkpt>
      <trkpt lat="33.884886" lon="-84.53103">
        <ele>298</ele>
        <time>2026-04-02T21:08:54Z</time>
        <cmt>speed: 0.0</cmt>
      </trkpt>
      <trkpt lat="33.885076" lon="-84.531034">
        <ele>300</ele>
        <time>2026-04-02T21:11:24Z</time>
        <cmt>speed: 0.3</cmt>
      </trkpt>
      <trkpt lat="33.884774" lon="-84.531107">
        <ele>296</ele>
        <time>2026-04-02T21:13:45Z</time>
        <cmt>speed: 0.7</cmt>
      </trkpt>
      <trkpt lat="33.884898" lon="-84.531078">
        <ele>308</ele>
        <time>2026-04-02T21:13:49Z</time>
        <cmt>speed: 0.6</cmt>
      </trkpt>
      <trkpt lat="33.884914" lon="-84.531072">
        <ele>307</ele>
        <time>2026-04-02T21:13:53Z</time>
        <cmt>speed: 0.1</cmt>
      </trkpt>
      <trkpt lat="33.884925" lon="-84.531065">
        <ele>308</ele>
        <time>2026-04-02T21:13:57Z</time>
        <cmt>speed: 0.2</cmt>
      </trkpt>
      <trkpt lat="33.884945" lon="-84.531057">
        <ele>307</ele>
        <time>2026-04-02T21:14:01Z</time>
        <cmt>speed: 0.4</cmt>
      </trkpt>
      <trkpt lat="33.884954" lon="-84.531055">
        <ele>307</ele>
        <time>2026-04-02T21:14:05Z</time>
        <cmt>speed: 0.2</cmt>
      </trkpt>
      <trkpt lat="33.88494" lon="-84.531056">
        <ele>309</ele>
        <time>2026-04-02T21:14:09Z</time>
        <cmt>speed: 0.1</cmt>
      </trkpt>
      <trkpt lat="33.884932" lon="-84.531057">
        <ele>311</ele>
        <time>2026-04-02T21:14:13Z</time>
        <cmt>speed: 0.6</cmt>
      </trkpt>
      <trkpt lat="33.884938" lon="-84.53106">
        <ele>311</ele>
        <time>2026-04-02T21:14:17Z</time>
        <cmt>speed: 0.4</cmt>
      </trkpt>
      <trkpt lat="33.884942" lon="-84.531057">
        <ele>310</ele>
        <time>2026-04-02T21:14:21Z</time>
        <cmt>speed: 1.2</cmt>
      </trkpt>
      <trkpt lat="33.884952" lon="-84.531054">
        <ele>311</ele>
        <time>2026-04-02T21:14:25Z</time>
        <cmt>speed: 1.2</cmt>
      </trkpt>
      <trkpt lat="33.884948" lon="-84.531052">
        <ele>310</ele>
        <time>2026-04-02T21:14:29Z</time>
        <cmt>speed: 0.6</cmt>
      </trkpt>
      <trkpt lat="33.884921" lon="-84.531044">
        <ele>308</ele>
        <time>2026-04-02T21:14:33Z</time>
        <cmt>speed: 0.7</cmt>
      </trkpt>
      <trkpt lat="33.884921" lon="-84.531044">
        <ele>308</ele>
        <time>2026-04-02T21:14:36Z</time>
      </trkpt>
      <trkpt lat="33.884934" lon="-84.531041">
        <ele>307</ele>
        <time>2026-04-02T21:14:37Z</time>
        <cmt>speed: 0.3</cmt>
      </trkpt>
      <trkpt lat="33.884964" lon="-84.531029">
        <ele>307</ele>
        <time>2026-04-02T21:14:41Z</time>
        <cmt>speed: 0.5</cmt>
      </trkpt>
      <trkpt lat="33.884965" lon="-84.531039">
        <ele>307</ele>
        <time>2026-04-02T21:14:45Z</time>
        <cmt>speed: 0.5</cmt>
      </trkpt>
      <trkpt lat="33.884992" lon="-84.531039">
        <ele>307</ele>
        <time>2026-04-02T21:14:49Z</time>
        <cmt>speed: 0.1</cmt>
      </trkpt>
      <trkpt lat="33.884966" lon="-84.531036">
        <ele>304</ele>
        <time>2026-04-02T21:14:53Z</time>
        <cmt>speed: 0.7</cmt>
      </trkpt>
      <trkpt lat="33.884932" lon="-84.531042">
        <ele>302</ele>
        <time>2026-04-02T21:14:57Z</time>
        <cmt>speed: 0.4</cmt>
      </trkpt>
      <trkpt lat="33.884907" lon="-84.531041">
        <ele>300</ele>
        <time>2026-04-02T21:15:01Z</time>
        <cmt>speed: 0.3</cmt>
      </trkpt>
      <trkpt lat="33.884887" lon="-84.531049">
        <ele>298</ele>
        <time>2026-04-02T21:15:05Z</time>
        <cmt>speed: 0.2</cmt>
      </trkpt>
      <trkpt lat="33.884879" lon="-84.531042">
        <ele>296</ele>
        <time>2026-04-02T21:15:09Z</time>
        <cmt>speed: 0.7</cmt>
      </trkpt>
      <trkpt lat="33.884876" lon="-84.531034">
        <ele>294</ele>
        <time>2026-04-02T21:15:13Z</time>
        <cmt>speed: 0.3</cmt>
      </trkpt>
      <trkpt lat="33.884897" lon="-84.531027">
        <ele>294</ele>
        <time>2026-04-02T21:15:17Z</time>
        <cmt>speed: 0.2</cmt>
      </trkpt>
      <trkpt lat="33.884923" lon="-84.531017">
        <ele>295</ele>
        <time>2026-04-02T21:15:21Z</time>
        <cmt>speed: 0.1</cmt>
      </trkpt>
      <trkpt lat="33.884925" lon="-84.531015">
        <ele>296</ele>
        <time>2026-04-02T21:15:25Z</time>
        <cmt>speed: 0.1</cmt>
      </trkpt>
      <trkpt lat="33.884908" lon="-84.531019">
        <ele>295</ele>
        <time>2026-04-02T21:15:29Z</time>
        <cmt>speed: 0.7</cmt>
      </trkpt>
      <trkpt lat="33.884915" lon="-84.531026">
        <ele>296</ele>
        <time>2026-04-02T21:15:33Z</time>
        <cmt>speed: 0.4</cmt>
      </trkpt>
      <trkpt lat="33.884915" lon="-84.531026">
        <ele>296</ele>
        <time>2026-04-02T21:15:36Z</time>
      </trkpt>
      <trkpt lat="33.884909" lon="-84.531035">
        <ele>296</ele>
        <time>2026-04-02T21:15:37Z</time>
        <cmt>speed: 0.2</cmt>
      </trkpt>
      <trkpt lat="33.88488" lon="-84.531028">
        <ele>295</ele>
        <time>2026-04-02T21:15:41Z</time>
        <cmt>speed: 1.9</cmt>
      </trkpt>
      <trkpt lat="33.88488" lon="-84.53104">
        <ele>297</ele>
        <time>2026-04-02T21:15:45Z</time>
        <cmt>speed: 0.0</cmt>
      </trkpt>
      <trkpt lat="33.884862" lon="-84.531043">
        <ele>297</ele>
        <time>2026-04-02T21:15:49Z</time>
        <cmt>speed: 0.5</cmt>
      </trkpt>
      <trkpt lat="33.884859" lon="-84.531062">
        <ele>300</ele>
        <time>2026-04-02T21:15:53Z</time>
        <cmt>speed: 0.1</cmt>
      </trkpt>
      <trkpt lat="33.884868" lon="-84.531071">
        <ele>301</ele>
        <time>2026-04-02T21:15:57Z</time>
        <cmt>speed: 0.6</cmt>
      </trkpt>
      <trkpt lat="33.884877" lon="-84.531072">
        <ele>302</ele>
        <time>2026-04-02T21:16:01Z</time>
        <cmt>speed: 0.4</cmt>
      </trkpt>
      <trkpt lat="33.884907" lon="-84.531091">
        <ele>306</ele>
        <time>2026-04-02T21:16:05Z</time>
        <cmt>speed: 0.5</cmt>
      </trkpt>
      <trkpt lat="33.884897" lon="-84.531093">
        <ele>307</ele>
        <time>2026-04-02T21:16:09Z</time>
        <cmt>speed: 0.8</cmt>
      </trkpt>
      <trkpt lat="33.884907" lon="-84.531092">
        <ele>309</ele>
        <time>2026-04-02T21:16:13Z</time>
        <cmt>speed: 0.0</cmt>
      </trkpt>
      <trkpt lat="33.884917" lon="-84.5311">
        <ele>311</ele>
        <time>2026-04-02T21:16:17Z</time>
        <cmt>speed: 0.2</cmt>
      </trkpt>
      <trkpt lat="33.88492" lon="-84.531107">
        <ele>313</ele>
        <time>2026-04-02T21:16:21Z</time>
        <cmt>speed: 0.5</cmt>
      </trkpt>
      <trkpt lat="33.884929" lon="-84.53112">
        <ele>314</ele>
        <time>2026-04-02T21:16:25Z</time>
        <cmt>speed: 0.0</cmt>
      </trkpt>
      <trkpt lat="33.88493" lon="-84.531125">
        <ele>315</ele>
        <time>2026-04-02T21:16:29Z</time>
        <cmt>speed: 0.2</cmt>
      </trkpt>
      <trkpt lat="33.884941" lon="-84.531126">
        <ele>316</ele>
        <time>2026-04-02T21:16:33Z</time>
        <cmt>speed: 0.1</cmt>
      </trkpt>
      <trkpt lat="33.884941" lon="-84.531126">
        <ele>316</ele>
        <time>2026-04-02T21:16:36Z</time>
      </trkpt>
      <trkpt lat="33.88493" lon="-84.531126">
        <ele>315</ele>
        <time>2026-04-02T21:16:37Z</time>
        <cmt>speed: 0.4</cmt>
      </trkpt>
      <trkpt lat="33.884935" lon="-84.531112">
        <ele>314</ele>
        <time>2026-04-02T21:16:41Z</time>
        <cmt>speed: 0.4</cmt>
      </trkpt>
      <trkpt lat="33.884936" lon="-84.531102">
        <ele>312</ele>
        <time>2026-04-02T21:16:45Z</time>
        <cmt>speed: 0.1</cmt>
      </trkpt>
      <trkpt lat="33.884938" lon="-84.531092">
        <ele>312</ele>
        <time>2026-04-02T21:16:49Z</time>
        <cmt>speed: 0.4</cmt>
      </trkpt>
      <trkpt lat="33.88492" lon="-84.53109">
        <ele>312</ele>
        <time>2026-04-02T21:16:53Z</time>
        <cmt>speed: 0.0</cmt>
      </trkpt>
      <trkpt lat="33.884907" lon="-84.53109">
        <ele>311</ele>
        <time>2026-04-02T21:16:57Z</time>
        <cmt>speed: 0.0</cmt>
      </trkpt>
      <trkpt lat="33.884902" lon="-84.531088">
        <ele>310</ele>
        <time>2026-04-02T21:17:01Z</time>
        <cmt>speed: 0.1</cmt>
      </trkpt>
      <trkpt lat="33.884887" lon="-84.531093">
        <ele>309</ele>
        <time>2026-04-02T21:17:05Z</time>
        <cmt>speed: 0.3</cmt>
      </trkpt>
      <trkpt lat="33.884894" lon="-84.531083">
        <ele>309</ele>
        <time>2026-04-02T21:17:09Z</time>
        <cmt>speed: 0.8</cmt>
      </trkpt>
      <trkpt lat="33.884887" lon="-84.531079">
        <ele>307</ele>
        <time>2026-04-02T21:17:13Z</time>
        <cmt>speed: 0.2</cmt>
      </trkpt>
      <trkpt lat="33.884877" lon="-84.531079">
        <ele>306</ele>
        <time>2026-04-02T21:17:17Z</time>
        <cmt>speed: 0.2</cmt>
      </trkpt>
      <trkpt lat="33.884883" lon="-84.531074">
        <ele>302</ele>
        <time>2026-04-02T21:17:21Z</time>
        <cmt>speed: 0.1</cmt>
      </trkpt>
      <trkpt lat="33.884883" lon="-84.531072">
        <ele>299</ele>
        <time>2026-04-02T21:17:25Z</time>
        <cmt>speed: 0.3</cmt>
      </trkpt>
      <trkpt lat="33.884883" lon="-84.531072">
        <ele>297</ele>
        <time>2026-04-02T21:17:29Z</time>
        <cmt>speed: 0.0</cmt>
      </trkpt>
      <trkpt lat="33.884886" lon="-84.531079">
        <ele>294</ele>
        <time>2026-04-02T21:17:33Z</time>
        <cmt>speed: 0.1</cmt>
      </trkpt>
      <trkpt lat="33.884884" lon="-84.531085">
        <ele>292</ele>
        <time>2026-04-02T21:17:37Z</time>
        <cmt>speed: 0.1</cmt>
      </trkpt>
      <trkpt lat="33.884892" lon="-84.531086">
        <ele>290</ele>
        <time>2026-04-02T21:17:41Z</time>
        <cmt>speed: 0.2</cmt>
      </trkpt>
      <trkpt lat="33.884888" lon="-84.531084">
        <ele>290</ele>
        <time>2026-04-02T21:17:45Z</time>
        <cmt>speed: 0.1</cmt>
      </trkpt>
      <trkpt lat="33.884884" lon="-84.531086">
        <ele>290</ele>
        <time>2026-04-02T21:17:49Z</time>
        <cmt>speed: 0.1</cmt>
      </trkpt>
      <trkpt lat="33.884869" lon="-84.531092">
        <ele>291</ele>
        <time>2026-04-02T21:17:53Z</time>
        <cmt>speed: 1.1</cmt>
      </trkpt>
      <trkpt lat="33.884856" lon="-84.531098">
        <ele>291</ele>
        <time>2026-04-02T21:17:57Z</time>
        <cmt>speed: 0.7</cmt>
      </trkpt>
      <trkpt lat="33.884867" lon="-84.531097">
        <ele>291</ele>
        <time>2026-04-02T21:18:01Z</time>
        <cmt>speed: 0.1</cmt>
      </trkpt>
      <trkpt lat="33.884872" lon="-84.531086">
        <ele>290</ele>
        <time>2026-04-02T21:18:05Z</time>
        <cmt>speed: 0.4</cmt>
      </trkpt>
      <trkpt lat="33.884879" lon="-84.531075">
        <ele>290</ele>
        <time>2026-04-02T21:18:09Z</time>
        <cmt>speed: 0.1</cmt>
      </trkpt>
      <trkpt lat="33.884875" lon="-84.531065">
        <ele>291</ele>
        <time>2026-04-02T21:18:13Z</time>
        <cmt>speed: 0.1</cmt>
      </trkpt>
      <trkpt lat="33.884894" lon="-84.53105">
        <ele>293</ele>
        <time>2026-04-02T21:18:17Z</time>
        <cmt>speed: 0.4</cmt>
      </trkpt>
      <trkpt lat="33.884896" lon="-84.531039">
        <ele>295</ele>
        <time>2026-04-02T21:18:21Z</time>
        <cmt>speed: 0.3</cmt>
      </trkpt>
      <trkpt lat="33.884893" lon="-84.531034">
        <ele>297</ele>
        <time>2026-04-02T21:18:25Z</time>
        <cmt>speed: 0.2</cmt>
      </trkpt>
      <trkpt lat="33.884896" lon="-84.531037">
        <ele>297</ele>
        <time>2026-04-02T21:18:29Z</time>
        <cmt>speed: 0.3</cmt>
      </trkpt>
      <trkpt lat="33.884833" lon="-84.530911">
        <ele>296</ele>
        <time>2026-04-02T21:24:27Z</time>
        <cmt>speed: 0.1</cmt>
      </trkpt>
      <trkpt lat="33.884837" lon="-84.53093">
        <ele>276</ele>
        <time>2026-04-02T21:26:53Z</time>
        <cmt>speed: 0.1</cmt>
      </trkpt>
      <trkpt lat="33.884891" lon="-84.531058">
        <ele>310</ele>
        <time>2026-04-02T21:29:30Z</time>
        <cmt>speed: 0.3</cmt>
      </trkpt>
      <trkpt lat="33.884835" lon="-84.531022">
        <ele>299</ele>
        <time>2026-04-02T21:33:22Z</time>
        <cmt>speed: 0.1</cmt>
      </trkpt>
      <trkpt lat="33.884873" lon="-84.531097">
        <ele>324</ele>
        <time>2026-04-02T21:35:59Z</time>
        <cmt>speed: 0.0</cmt>
      </trkpt>
      <trkpt lat="33.884927" lon="-84.531047">
        <ele>293</ele>
        <time>2026-04-02T21:39:21Z</time>
        <cmt>speed: 0.0</cmt>
      </trkpt>
      <trkpt lat="33.884893" lon="-84.531026">
        <ele>309</ele>
        <time>2026-04-02T21:41:51Z</time>
        <cmt>speed: 0.0</cmt>
      </trkpt>
      <trkpt lat="33.884865" lon="-84.531044">
        <ele>303</ele>
        <time>2026-04-02T21:44:21Z</time>
        <cmt>speed: 0.0</cmt>
      </trkpt>
      <trkpt lat="33.884865" lon="-84.531044">
        <ele>303</ele>
        <time>2026-04-02T21:45:59Z</time>
      </trkpt>
      <trkpt lat="33.88484" lon="-84.531019">
        <ele>291</ele>
        <time>2026-04-02T21:49:18Z</time>
        <cmt>speed: 0.0</cmt>
      </trkpt>
      <trkpt lat="33.884811" lon="-84.530964">
        <ele>303</ele>
        <time>2026-04-02T21:51:49Z</time>
        <cmt>speed: 0.1</cmt>
      </trkpt>
      <trkpt lat="33.884915" lon="-84.531062">
        <ele>283</ele>
        <time>2026-04-02T21:54:18Z</time>
        <cmt>speed: 0.1</cmt>
      </trkpt>
      <trkpt lat="33.884841" lon="-84.531071">
        <ele>256</ele>
        <time>2026-04-02T21:56:49Z</time>
        <cmt>speed: 0.0</cmt>
      </trkpt>
      <trkpt lat="33.884898" lon="-84.53104">
        <ele>290</ele>
        <time>2026-04-02T21:59:21Z</time>
        <cmt>speed: 0.1</cmt>
      </trkpt>
      <trkpt lat="33.885003" lon="-84.530882">
        <ele>309</ele>
        <time>2026-04-02T22:01:48Z</time>
        <cmt>speed: 0.2</cmt>
      </trkpt>
      <trkpt lat="33.885062" lon="-84.530818">
        <ele>280</ele>
        <time>2026-04-02T22:04:19Z</time>
        <cmt>speed: 0.0</cmt>
      </trkpt>
      <trkpt lat="33.884929" lon="-84.530453">
        <ele>313</ele>
        <time>2026-04-02T22:06:49Z</time>
        <cmt>speed: 0.0</cmt>
      </trkpt>
      <trkpt lat="33.885007" lon="-84.530546">
        <ele>322</ele>
        <time>2026-04-02T22:09:17Z</time>
        <cmt>speed: 0.5</cmt>
      </trkpt>
      <trkpt lat="33.885096" lon="-84.530589">
        <ele>289</ele>
        <time>2026-04-02T22:11:51Z</time>
        <cmt>speed: 0.0</cmt>
      </trkpt>
      <trkpt lat="33.88529" lon="-84.530582">
        <ele>300</ele>
        <time>2026-04-02T22:14:16Z</time>
        <cmt>speed: 0.7</cmt>
      </trkpt>
      <trkpt lat="33.885449" lon="-84.530752">
        <ele>298</ele>
        <time>2026-04-02T22:16:48Z</time>
        <cmt>speed: 0.0</cmt>
      </trkpt>
      <trkpt lat="33.885522" lon="-84.531186">
        <ele>326</ele>
        <time>2026-04-02T22:19:18Z</time>
        <cmt>speed: 0.0</cmt>
      </trkpt>
      <trkpt lat="33.885572" lon="-84.530984">
        <ele>313</ele>
        <time>2026-04-02T22:21:46Z</time>
        <cmt>speed: 0.6</cmt>
      </trkpt>
      <trkpt lat="33.885487" lon="-84.53082">
        <ele>302</ele>
        <time>2026-04-02T22:24:18Z</time>
        <cmt>speed: 0.1</cmt>
      </trkpt>
      <trkpt lat="33.8851" lon="-84.530471">
        <ele>305</ele>
        <time>2026-04-02T22:26:47Z</time>
        <cmt>speed: 0.3</cmt>
      </trkpt>
      <trkpt lat="33.884972" lon="-84.530347">
        <ele>335</ele>
        <time>2026-04-02T22:29:26Z</time>
        <cmt>speed: 0.0</cmt>
      </trkpt>
      <trkpt lat="33.885095" lon="-84.530461">
        <ele>314</ele>
        <time>2026-04-02T22:31:47Z</time>
        <cmt>speed: 0.0</cmt>
      </trkpt>
      <trkpt lat="33.88499" lon="-84.530826">
        <ele>325</ele>
        <time>2026-04-02T22:34:19Z</time>
        <cmt>speed: 0.0</cmt>
      </trkpt>
      <trkpt lat="33.88499" lon="-84.530763">
        <ele>309</ele>
        <time>2026-04-02T22:36:49Z</time>
        <cmt>speed: 0.0</cmt>
      </trkpt>
      <trkpt lat="33.885039" lon="-84.53081">
        <ele>307</ele>
        <time>2026-04-02T22:39:22Z</time>
        <cmt>speed: 0.0</cmt>
      </trkpt>
      <trkpt lat="33.885018" lon="-84.530816">
        <ele>311</ele>
        <time>2026-04-02T22:41:48Z</time>
        <cmt>speed: 0.6</cmt>
      </trkpt>
      <trkpt lat="33.885007" lon="-84.530719">
        <ele>302</ele>
        <time>2026-04-02T22:44:18Z</time>
        <cmt>speed: 0.0</cmt>
      </trkpt>
      <trkpt lat="33.88508" lon="-84.530679">
        <ele>299</ele>
        <time>2026-04-02T22:46:48Z</time>
        <cmt>speed: 0.4</cmt>
      </trkpt>
      <trkpt lat="33.88504" lon="-84.53048">
        <ele>308</ele>
        <time>2026-04-02T22:49:18Z</time>
        <cmt>speed: 0.0</cmt>
      </trkpt>
      <trkpt lat="33.885096" lon="-84.530662">
        <ele>283</ele>
        <time>2026-04-02T22:51:48Z</time>
        <cmt>speed: 0.0</cmt>
      </trkpt>
      <trkpt lat="33.885019" lon="-84.530522">
        <ele>309</ele>
        <time>2026-04-02T22:55:48Z</time>
        <cmt>speed: 0.1</cmt>
      </trkpt>
      <trkpt lat="33.885149" lon="-84.530252">
        <ele>326</ele>
        <time>2026-04-02T22:59:13Z</time>
        <cmt>speed: 0.0</cmt>
      </trkpt>
      <trkpt lat="33.885084" lon="-84.530722">
        <ele>309</ele>
        <time>2026-04-02T23:01:43Z</time>
        <cmt>speed: 0.0</cmt>
      </trkpt>
      <trkpt lat="33.885013" lon="-84.531055">
        <ele>298</ele>
        <time>2026-04-02T23:04:16Z</time>
        <cmt>speed: 0.1</cmt>
      </trkpt>
      <trkpt lat="33.884883" lon="-84.530744">
        <ele>300</ele>
        <time>2026-04-02T23:06:44Z</time>
        <cmt>speed: 0.2</cmt>
      </trkpt>
      <trkpt lat="33.884817" lon="-84.530883">
        <ele>289</ele>
        <time>2026-04-02T23:09:14Z</time>
        <cmt>speed: 0.1</cmt>
      </trkpt>
      <trkpt lat="33.884856" lon="-84.530921">
        <ele>307</ele>
        <time>2026-04-02T23:11:43Z</time>
        <cmt>speed: 0.0</cmt>
      </trkpt>
      <trkpt lat="33.885095" lon="-84.530582">
        <ele>287</ele>
        <time>2026-04-02T23:14:12Z</time>
        <cmt>speed: 0.0</cmt>
      </trkpt>
      <trkpt lat="33.885124" lon="-84.530537">
        <ele>301</ele>
        <time>2026-04-02T23:16:40Z</time>
        <cmt>speed: 0.0</cmt>
      </trkpt>
      <trkpt lat="33.885697" lon="-84.530463">
        <ele>310</ele>
        <time>2026-04-02T23:19:12Z</time>
        <cmt>speed: 0.6</cmt>
      </trkpt>
      <trkpt lat="33.885844" lon="-84.530362">
        <ele>306</ele>
        <time>2026-04-02T23:21:44Z</time>
        <cmt>speed: 0.1</cmt>
      </trkpt>
      <trkpt lat="33.885865" lon="-84.530319">
        <ele>303</ele>
        <time>2026-04-02T23:24:12Z</time>
        <cmt>speed: 0.0</cmt>
      </trkpt>
      <trkpt lat="33.885888" lon="-84.530319">
        <ele>304</ele>
        <time>2026-04-02T23:26:43Z</time>
        <cmt>speed: 0.0</cmt>
      </trkpt>
      <trkpt lat="33.885888" lon="-84.530319">
        <ele>304</ele>
        <time>2026-04-02T23:26:43Z</time>
      </trkpt>
      <trkpt lat="33.885829" lon="-84.530361">
        <ele>306</ele>
        <time>2026-04-02T23:29:13Z</time>
        <cmt>speed: 0.3</cmt>
      </trkpt>
      <trkpt lat="33.885904" lon="-84.530745">
        <ele>338</ele>
        <time>2026-04-02T23:31:45Z</time>
        <cmt>speed: 0.1</cmt>
      </trkpt>
      <trkpt lat="33.88626" lon="-84.530871">
        <ele>293</ele>
        <time>2026-04-02T23:34:12Z</time>
        <cmt>speed: 0.0</cmt>
      </trkpt>
      <trkpt lat="33.886246" lon="-84.530976">
        <ele>321</ele>
        <time>2026-04-02T23:36:43Z</time>
        <cmt>speed: 0.3</cmt>
      </trkpt>
      <trkpt lat="33.886172" lon="-84.530894">
        <ele>304</ele>
        <time>2026-04-02T23:39:13Z</time>
        <cmt>speed: 0.0</cmt>
      </trkpt>
      <trkpt lat="33.886243" lon="-84.530688">
        <ele>321</ele>
        <time>2026-04-02T23:41:43Z</time>
        <cmt>speed: 0.1</cmt>
      </trkpt>
      <trkpt lat="33.886323" lon="-84.5307">
        <ele>314</ele>
        <time>2026-04-02T23:44:15Z</time>
        <cmt>speed: 0.3</cmt>
      </trkpt>
      <trkpt lat="33.886297" lon="-84.530942">
        <ele>312</ele>
        <time>2026-04-02T23:46:44Z</time>
        <cmt>speed: 0.5</cmt>
      </trkpt>
      <trkpt lat="33.886268" lon="-84.53091">
        <ele>311</ele>
        <time>2026-04-02T23:49:13Z</time>
        <cmt>speed: 0.1</cmt>
      </trkpt>
      <trkpt lat="33.886301" lon="-84.530853">
        <ele>306</ele>
        <time>2026-04-02T23:51:43Z</time>
        <cmt>speed: 0.0</cmt>
      </trkpt>
      <trkpt lat="33.886413" lon="-84.53099">
        <ele>302</ele>
        <time>2026-04-02T23:54:13Z</time>
        <cmt>speed: 0.2</cmt>
      </trkpt>
      <trkpt lat="33.886296" lon="-84.531009">
        <ele>312</ele>
        <time>2026-04-02T23:56:45Z</time>
        <cmt>speed: 0.0</cmt>
      </trkpt>
      <trkpt lat="33.886402" lon="-84.530943">
        <ele>302</ele>
        <time>2026-04-02T23:59:12Z</time>
        <cmt>speed: 0.0</cmt>
      </trkpt>
      <trkpt lat="33.88649" lon="-84.530967">
        <ele>311</ele>
        <time>2026-04-03T00:01:42Z</time>
        <cmt>speed: 0.1</cmt>
      </trkpt>
      <trkpt lat="33.886389" lon="-84.530957">
        <ele>298</ele>
        <time>2026-04-03T00:04:12Z</time>
        <cmt>speed: 0.0</cmt>
      </trkpt>
      <trkpt lat="33.886433" lon="-84.531017">
        <ele>308</ele>
        <time>2026-04-03T00:06:45Z</time>
        <cmt>speed: 0.3</cmt>
      </trkpt>
      <trkpt lat="33.886476" lon="-84.530966">
        <ele>297</ele>
        <time>2026-04-03T00:09:13Z</time>
        <cmt>speed: 0.2</cmt>
      </trkpt>
      <trkpt lat="33.886468" lon="-84.530721">
        <ele>290</ele>
        <time>2026-04-03T00:11:43Z</time>
        <cmt>speed: 0.4</cmt>
      </trkpt>
      <trkpt lat="33.886438" lon="-84.530524">
        <ele>325</ele>
        <time>2026-04-03T00:14:13Z</time>
        <cmt>speed: 0.0</cmt>
      </trkpt>
      <trkpt lat="33.88649" lon="-84.530575">
        <ele>310</ele>
        <time>2026-04-03T00:16:42Z</time>
        <cmt>speed: 0.0</cmt>
      </trkpt>
      <trkpt lat="33.88635" lon="-84.530548">
        <ele>310</ele>
        <time>2026-04-03T00:19:13Z</time>
        <cmt>speed: 0.0</cmt>
      </trkpt>
      <trkpt lat="33.885835" lon="-84.530472">
        <ele>321</ele>
        <time>2026-04-03T00:21:43Z</time>
        <cmt>speed: 0.3</cmt>
      </trkpt>
      <trkpt lat="33.885039" lon="-84.530834">
        <ele>293</ele>
        <time>2026-04-03T00:24:14Z</time>
        <cmt>speed: 0.4</cmt>
      </trkpt>
      <trkpt lat="33.884705" lon="-84.530715">
        <ele>299</ele>
        <time>2026-04-03T00:26:47Z</time>
        <cmt>speed: 0.0</cmt>
      </trkpt>
      <trkpt lat="33.8847" lon="-84.530701">
        <ele>308</ele>
        <time>2026-04-03T00:29:13Z</time>
        <cmt>speed: 0.1</cmt>
      </trkpt>
      <trkpt lat="33.884767" lon="-84.530705">
        <ele>298</ele>
        <time>2026-04-03T00:31:41Z</time>
        <cmt>speed: 0.0</cmt>
      </trkpt>
      <trkpt lat="33.884663" lon="-84.530911">
        <ele>279</ele>
        <time>2026-04-03T00:34:19Z</time>
        <cmt>speed: 0.0</cmt>
      </trkpt>
      <trkpt lat="33.884574" lon="-84.530427">
        <ele>275</ele>
        <time>2026-04-03T00:36:42Z</time>
        <cmt>speed: 0.0</cmt>
      </trkpt>
      <trkpt lat="33.884538" lon="-84.530402">
        <ele>369</ele>
        <time>2026-04-03T00:39:13Z</time>
        <cmt>speed: 0.7</cmt>
      </trkpt>
      <trkpt lat="33.884658" lon="-84.530788">
        <ele>293</ele>
        <time>2026-04-03T00:41:43Z</time>
        <cmt>speed: 0.0</cmt>
      </trkpt>
      <trkpt lat="33.88479" lon="-84.530662">
        <ele>286</ele>
        <time>2026-04-03T00:44:12Z</time>
        <cmt>speed: 0.0</cmt>
      </trkpt>
      <trkpt lat="33.884875" lon="-84.53056">
        <ele>301</ele>
        <time>2026-04-03T00:46:42Z</time>
        <cmt>speed: 0.0</cmt>
      </trkpt>
      <trkpt lat="33.885034" lon="-84.5306">
        <ele>302</ele>
        <time>2026-04-03T00:49:12Z</time>
        <cmt>speed: 0.0</cmt>
      </trkpt>
      <trkpt lat="33.885157" lon="-84.530702">
        <ele>298</ele>
        <time>2026-04-03T00:51:43Z</time>
        <cmt>speed: 0.0</cmt>
      </trkpt>
      <trkpt lat="33.885138" lon="-84.530657">
        <ele>308</ele>
        <time>2026-04-03T00:54:12Z</time>
        <cmt>speed: 0.0</cmt>
      </trkpt>
      <trkpt lat="33.885076" lon="-84.530607">
        <ele>295</ele>
        <time>2026-04-03T00:56:42Z</time>
        <cmt>speed: 0.0</cmt>
      </trkpt>
      <trkpt lat="33.885361" lon="-84.530615">
        <ele>322</ele>
        <time>2026-04-03T00:59:12Z</time>
        <cmt>speed: 0.0</cmt>
      </trkpt>
      <trkpt lat="33.885199" lon="-84.530619">
        <ele>301</ele>
        <time>2026-04-03T01:01:41Z</time>
        <cmt>speed: 0.0</cmt>
      </trkpt>
      <trkpt lat="33.885153" lon="-84.530774">
        <ele>297</ele>
        <time>2026-04-03T01:04:13Z</time>
        <cmt>speed: 0.3</cmt>
      </trkpt>
      <trkpt lat="33.884935" lon="-84.530626">
        <ele>318</ele>
        <time>2026-04-03T01:06:43Z</time>
        <cmt>speed: 0.0</cmt>
      </trkpt>
      <trkpt lat="33.884995" lon="-84.530867">
        <ele>297</ele>
        <time>2026-04-03T01:09:19Z</time>
        <cmt>speed: 0.0</cmt>
      </trkpt>
      <trkpt lat="33.884923" lon="-84.530805">
        <ele>293</ele>
        <time>2026-04-03T01:11:44Z</time>
        <cmt>speed: 0.2</cmt>
      </trkpt>
      <trkpt lat="33.884884" lon="-84.530741">
        <ele>289</ele>
        <time>2026-04-03T01:14:20Z</time>
        <cmt>speed: 0.0</cmt>
      </trkpt>
      <trkpt lat="33.885095" lon="-84.530779">
        <ele>311</ele>
        <time>2026-04-03T01:16:42Z</time>
        <cmt>speed: 0.1</cmt>
      </trkpt>
      <trkpt lat="33.885111" lon="-84.530771">
        <ele>330</ele>
        <time>2026-04-03T01:19:18Z</time>
        <cmt>speed: 0.0</cmt>
      </trkpt>
      <trkpt lat="33.885043" lon="-84.530764">
        <ele>299</ele>
        <time>2026-04-03T01:21:44Z</time>
        <cmt>speed: 0.0</cmt>
      </trkpt>
      <trkpt lat="33.885083" lon="-84.530753">
        <ele>305</ele>
        <time>2026-04-03T01:24:14Z</time>
        <cmt>speed: 0.1</cmt>
      </trkpt>
      <trkpt lat="33.884987" lon="-84.530754">
        <ele>292</ele>
        <time>2026-04-03T01:26:44Z</time>
        <cmt>speed: 0.0</cmt>
      </trkpt>
      <trkpt lat="33.884864" lon="-84.530649">
        <ele>263</ele>
        <time>2026-04-03T01:29:18Z</time>
        <cmt>speed: 0.4</cmt>
      </trkpt>
      <trkpt lat="33.885044" lon="-84.530889">
        <ele>294</ele>
        <time>2026-04-03T01:31:48Z</time>
        <cmt>speed: 0.4</cmt>
      </trkpt>
      <trkpt lat="33.885044" lon="-84.530889">
        <ele>294</ele>
        <time>2026-04-03T01:36:44Z</time>
      </trkpt>
      <trkpt lat="33.8851" lon="-84.530651">
        <ele>340</ele>
        <time>2026-04-03T01:44:38Z</time>
        <cmt>speed: 0.1</cmt>
      </trkpt>
      <trkpt lat="33.885029" lon="-84.530723">
        <ele>307</ele>
        <time>2026-04-03T01:47:07Z</time>
        <cmt>speed: 0.1</cmt>
      </trkpt>
      <trkpt lat="33.885005" lon="-84.530726">
        <ele>304</ele>
        <time>2026-04-03T01:49:32Z</time>
        <cmt>speed: 0.0</cmt>
      </trkpt>
      <trkpt lat="33.884998" lon="-84.530766">
        <ele>298</ele>
        <time>2026-04-03T01:52:02Z</time>
        <cmt>speed: 0.0</cmt>
      </trkpt>
      <trkpt lat="33.88506" lon="-84.530791">
        <ele>304</ele>
        <time>2026-04-03T01:54:32Z</time>
        <cmt>speed: 0.0</cmt>
      </trkpt>
      <trkpt lat="33.885025" lon="-84.530738">
        <ele>301</ele>
        <time>2026-04-03T01:57:02Z</time>
        <cmt>speed: 0.0</cmt>
      </trkpt>
      <trkpt lat="33.885041" lon="-84.53072">
        <ele>320</ele>
        <time>2026-04-03T02:00:04Z</time>
        <cmt>speed: 0.1</cmt>
      </trkpt>
      <trkpt lat="33.885006" lon="-84.530737">
        <ele>301</ele>
        <time>2026-04-03T02:02:39Z</time>
        <cmt>speed: 0.4</cmt>
      </trkpt>
      <trkpt lat="33.885006" lon="-84.530737">
        <ele>301</ele>
        <time>2026-04-03T02:07:07Z</time>
      </trkpt>
      <trkpt lat="33.885005" lon="-84.530697">
        <ele>319</ele>
        <time>2026-04-03T02:15:28Z</time>
        <cmt>speed: 0.0</cmt>
      </trkpt>
      <trkpt lat="33.884907" lon="-84.530794">
        <ele>285</ele>
        <time>2026-04-03T02:17:55Z</time>
        <cmt>speed: 0.3</cmt>
      </trkpt>
      <trkpt lat="33.884907" lon="-84.530794">
        <ele>285</ele>
        <time>2026-04-03T02:17:55Z</time>
      </trkpt>
      <trkpt lat="33.885086" lon="-84.53083">
        <ele>317</ele>
        <time>2026-04-03T02:22:27Z</time>
        <cmt>speed: 0.0</cmt>
      </trkpt>
      <trkpt lat="33.885086" lon="-84.53083">
        <ele>317</ele>
        <time>2026-04-03T02:27:55Z</time>
      </trkpt>
      <trkpt lat="33.884994" lon="-84.53078">
        <ele>284</ele>
        <time>2026-04-03T02:28:42Z</time>
        <cmt>speed: 0.0</cmt>
      </trkpt>
      <trkpt lat="33.884994" lon="-84.53078">
        <ele>284</ele>
        <time>2026-04-03T02:37:55Z</time>
      </trkpt>
      <trkpt lat="33.885055" lon="-84.530708">
        <ele>332</ele>
        <time>2026-04-03T02:39:45Z</time>
        <cmt>speed: 0.0</cmt>
      </trkpt>
      <trkpt lat="33.885001" lon="-84.530766">
        <ele>315</ele>
        <time>2026-04-03T02:42:19Z</time>
        <cmt>speed: 0.0</cmt>
      </trkpt>
      <trkpt lat="33.884994" lon="-84.530784">
        <ele>310</ele>
        <time>2026-04-03T02:45:25Z</time>
        <cmt>speed: 0.0</cmt>
      </trkpt>
      <trkpt lat="33.885031" lon="-84.53075">
        <ele>288</ele>
        <time>2026-04-03T02:53:18Z</time>
        <cmt>speed: 0.0</cmt>
      </trkpt>
      <trkpt lat="33.885037" lon="-84.530813">
        <ele>313</ele>
        <time>2026-04-03T02:55:29Z</time>
        <cmt>speed: 0.0</cmt>
      </trkpt>
      <trkpt lat="33.88494" lon="-84.530658">
        <ele>307</ele>
        <time>2026-04-03T02:57:59Z</time>
        <cmt>speed: 0.0</cmt>
      </trkpt>
      <trkpt lat="33.885127" lon="-84.530688">
        <ele>324</ele>
        <time>2026-04-03T03:00:24Z</time>
        <cmt>speed: 0.2</cmt>
      </trkpt>
      <trkpt lat="33.885044" lon="-84.530757">
        <ele>305</ele>
        <time>2026-04-03T03:03:00Z</time>
        <cmt>speed: 0.7</cmt>
      </trkpt>
      <trkpt lat="33.885119" lon="-84.530807">
        <ele>294</ele>
        <time>2026-04-03T03:05:29Z</time>
        <cmt>speed: 0.2</cmt>
      </trkpt>
      <trkpt lat="33.885032" lon="-84.530745">
        <ele>291</ele>
        <time>2026-04-03T03:07:58Z</time>
        <cmt>speed: 0.0</cmt>
      </trkpt>
      <trkpt lat="33.885022" lon="-84.53078">
        <ele>302</ele>
        <time>2026-04-03T03:10:25Z</time>
        <cmt>speed: 0.2</cmt>
      </trkpt>
      <trkpt lat="33.885046" lon="-84.530789">
        <ele>295</ele>
        <time>2026-04-03T03:12:59Z</time>
        <cmt>speed: 0.0</cmt>
      </trkpt>
      <trkpt lat="33.88503" lon="-84.530942">
        <ele>310</ele>
        <time>2026-04-03T03:15:29Z</time>
        <cmt>speed: 0.1</cmt>
      </trkpt>
      <trkpt lat="33.884991" lon="-84.530764">
        <ele>297</ele>
        <time>2026-04-03T03:17:59Z</time>
        <cmt>speed: 0.0</cmt>
      </trkpt>
      <trkpt lat="33.884978" lon="-84.530736">
        <ele>305</ele>
        <time>2026-04-03T03:20:23Z</time>
        <cmt>speed: 0.0</cmt>
      </trkpt>
      <trkpt lat="33.885021" lon="-84.530741">
        <ele>314</ele>
        <time>2026-04-03T03:23:02Z</time>
        <cmt>speed: 0.6</cmt>
      </trkpt>
      <trkpt lat="33.885021" lon="-84.530741">
        <ele>314</ele>
        <time>2026-04-03T03:27:59Z</time>
      </trkpt>
      <trkpt lat="33.885056" lon="-84.530694">
        <ele>309</ele>
        <time>2026-04-03T03:31:45Z</time>
        <cmt>speed: 0.0</cmt>
      </trkpt>
      <trkpt lat="33.885027" lon="-84.530678">
        <ele>302</ele>
        <time>2026-04-03T03:34:22Z</time>
        <cmt>speed: 0.0</cmt>
      </trkpt>
      <trkpt lat="33.88506" lon="-84.530784">
        <ele>305</ele>
        <time>2026-04-03T03:37:26Z</time>
        <cmt>speed: 0.0</cmt>
      </trkpt>
      <trkpt lat="33.884987" lon="-84.530777">
        <ele>304</ele>
        <time>2026-04-03T03:39:54Z</time>
        <cmt>speed: 0.2</cmt>
      </trkpt>
      <trkpt lat="33.884995" lon="-84.530776">
        <ele>309</ele>
        <time>2026-04-03T03:42:27Z</time>
        <cmt>speed: 0.5</cmt>
      </trkpt>
      <trkpt lat="33.884982" lon="-84.530791">
        <ele>311</ele>
        <time>2026-04-03T03:44:58Z</time>
        <cmt>speed: 0.0</cmt>
      </trkpt>
      <trkpt lat="33.884982" lon="-84.530791">
        <ele>311</ele>
        <time>2026-04-03T03:47:26Z</time>
      </trkpt>
      <trkpt lat="33.884968" lon="-84.530779">
        <ele>298</ele>
        <time>2026-04-03T03:51:08Z</time>
        <cmt>speed: 0.0</cmt>
      </trkpt>
      <trkpt lat="33.884948" lon="-84.530864">
        <ele>305</ele>
        <time>2026-04-03T03:53:39Z</time>
        <cmt>speed: 0.0</cmt>
      </trkpt>
      <trkpt lat="33.885107" lon="-84.53077">
        <ele>321</ele>
        <time>2026-04-03T03:56:11Z</time>
        <cmt>speed: 0.0</cmt>
      </trkpt>
      <trkpt lat="33.885024" lon="-84.530807">
        <ele>326</ele>
        <time>2026-04-03T04:08:20Z</time>
        <cmt>speed: 0.2</cmt>
      </trkpt>
      <trkpt lat="33.884953" lon="-84.530785">
        <ele>302</ele>
        <time>2026-04-03T04:10:52Z</time>
        <cmt>speed: 0.5</cmt>
      </trkpt>
      <trkpt lat="33.884953" lon="-84.530785">
        <ele>302</ele>
        <time>2026-04-03T04:18:19Z</time>
      </trkpt>
      <trkpt lat="33.885028" lon="-84.53079">
        <ele>305</ele>
        <time>2026-04-03T04:32:12Z</time>
        <cmt>speed: 0.7</cmt>
      </trkpt>
      <trkpt lat="33.884983" lon="-84.530796">
        <ele>305</ele>
        <time>2026-04-03T04:34:59Z</time>
        <cmt>speed: 0.3</cmt>
      </trkpt>
      <trkpt lat="33.88496" lon="-84.530757">
        <ele>287</ele>
        <time>2026-04-03T04:37:28Z</time>
        <cmt>speed: 1.1</cmt>
      </trkpt>
      <trkpt lat="33.884975" lon="-84.530887">
        <ele>331</ele>
        <time>2026-04-03T04:40:03Z</time>
        <cmt>speed: 0.3</cmt>
      </trkpt>
      <trkpt lat="33.884975" lon="-84.530887">
        <ele>331</ele>
        <time>2026-04-03T04:42:11Z</time>
      </trkpt>
      <trkpt lat="33.885044" lon="-84.530845">
        <ele>301</ele>
        <time>2026-04-03T04:58:24Z</time>
        <cmt>speed: 0.0</cmt>
      </trkpt>
      <trkpt lat="33.884977" lon="-84.530745">
        <ele>312</ele>
        <time>2026-04-03T05:00:11Z</time>
        <cmt>speed: 0.0</cmt>
      </trkpt>
      <trkpt lat="33.884977" lon="-84.530745">
        <ele>312</ele>
        <time>2026-04-03T05:08:23Z</time>
      </trkpt>
      <trkpt lat="33.885149" lon="-84.530808">
        <ele>300</ele>
        <time>2026-04-03T05:12:17Z</time>
        <cmt>speed: 0.6</cmt>
      </trkpt>
      <trkpt lat="33.884949" lon="-84.530839">
        <ele>304</ele>
        <time>2026-04-03T05:27:51Z</time>
        <cmt>speed: 0.1</cmt>
      </trkpt>
      <trkpt lat="33.885053" lon="-84.530853">
        <ele>315</ele>
        <time>2026-04-03T05:31:14Z</time>
        <cmt>speed: 0.0</cmt>
      </trkpt>
      <trkpt lat="33.885026" lon="-84.530705">
        <ele>304</ele>
        <time>2026-04-03T05:33:43Z</time>
        <cmt>speed: 0.0</cmt>
      </trkpt>
      <trkpt lat="33.885061" lon="-84.5307">
        <ele>290</ele>
        <time>2026-04-03T05:36:11Z</time>
        <cmt>speed: 0.1</cmt>
      </trkpt>
      <trkpt lat="33.885017" lon="-84.530795">
        <ele>296</ele>
        <time>2026-04-03T05:38:39Z</time>
        <cmt>speed: 0.0</cmt>
      </trkpt>
      <trkpt lat="33.885079" lon="-84.530788">
        <ele>294</ele>
        <time>2026-04-03T05:46:13Z</time>
        <cmt>speed: 0.0</cmt>
      </trkpt>
      <trkpt lat="33.884994" lon="-84.530786">
        <ele>297</ele>
        <time>2026-04-03T05:54:52Z</time>
        <cmt>speed: 0.0</cmt>
      </trkpt>
      <trkpt lat="33.885046" lon="-84.530771">
        <ele>300</ele>
        <time>2026-04-03T05:57:28Z</time>
        <cmt>speed: 0.0</cmt>
      </trkpt>
      <trkpt lat="33.884993" lon="-84.530775">
        <ele>307</ele>
        <time>2026-04-03T05:59:54Z</time>
        <cmt>speed: 0.2</cmt>
      </trkpt>
      <trkpt lat="33.885104" lon="-84.530772">
        <ele>295</ele>
        <time>2026-04-03T06:02:23Z</time>
        <cmt>speed: 0.6</cmt>
      </trkpt>
      <trkpt lat="33.884983" lon="-84.530817">
        <ele>312</ele>
        <time>2026-04-03T06:04:51Z</time>
        <cmt>speed: 0.0</cmt>
      </trkpt>
      <trkpt lat="33.884907" lon="-84.530781">
        <ele>333</ele>
        <time>2026-04-03T06:07:26Z</time>
        <cmt>speed: 0.1</cmt>
      </trkpt>
      <trkpt lat="33.884817" lon="-84.530689">
        <ele>352</ele>
        <time>2026-04-03T06:12:27Z</time>
        <cmt>speed: 0.0</cmt>
      </trkpt>
      <trkpt lat="33.884889" lon="-84.530583">
        <ele>311</ele>
        <time>2026-04-03T06:15:02Z</time>
        <cmt>speed: 0.0</cmt>
      </trkpt>
      <trkpt lat="33.885025" lon="-84.53074">
        <ele>281</ele>
        <time>2026-04-03T06:17:27Z</time>
        <cmt>speed: 0.0</cmt>
      </trkpt>
      <trkpt lat="33.884787" lon="-84.53066">
        <ele>318</ele>
        <time>2026-04-03T06:20:01Z</time>
        <cmt>speed: 0.1</cmt>
      </trkpt>
      <trkpt lat="33.884882" lon="-84.530787">
        <ele>288</ele>
        <time>2026-04-03T06:31:06Z</time>
        <cmt>speed: 0.1</cmt>
      </trkpt>
      <trkpt lat="33.884845" lon="-84.530796">
        <ele>313</ele>
        <time>2026-04-03T06:58:00Z</time>
        <cmt>speed: 0.2</cmt>
      </trkpt>
      <trkpt lat="33.884904" lon="-84.530713">
        <ele>302</ele>
        <time>2026-04-03T07:00:48Z</time>
        <cmt>speed: 0.3</cmt>
      </trkpt>
      <trkpt lat="33.884831" lon="-84.530641">
        <ele>332</ele>
        <time>2026-04-03T07:03:17Z</time>
        <cmt>speed: 0.0</cmt>
      </trkpt>
      <trkpt lat="33.884831" lon="-84.530641">
        <ele>332</ele>
        <time>2026-04-03T07:07:59Z</time>
      </trkpt>
      <trkpt lat="33.88475" lon="-84.53057">
        <ele>318</ele>
        <time>2026-04-03T07:13:57Z</time>
        <cmt>speed: 0.0</cmt>
      </trkpt>
      <trkpt lat="33.884871" lon="-84.530795">
        <ele>322</ele>
        <time>2026-04-03T07:19:13Z</time>
        <cmt>speed: 0.0</cmt>
      </trkpt>
      <trkpt lat="33.885026" lon="-84.5308">
        <ele>300</ele>
        <time>2026-04-03T07:21:29Z</time>
        <cmt>speed: 0.0</cmt>
      </trkpt>
      <trkpt lat="33.885" lon="-84.530816">
        <ele>304</ele>
        <time>2026-04-03T07:24:17Z</time>
        <cmt>speed: 0.0</cmt>
      </trkpt>
      <trkpt lat="33.885084" lon="-84.530822">
        <ele>295</ele>
        <time>2026-04-03T07:26:56Z</time>
        <cmt>speed: 0.4</cmt>
      </trkpt>
      <trkpt lat="33.885003" lon="-84.530685">
        <ele>277</ele>
        <time>2026-04-03T08:00:49Z</time>
        <cmt>speed: 0.1</cmt>
      </trkpt>
      <trkpt lat="33.885048" lon="-84.530827">
        <ele>305</ele>
        <time>2026-04-03T08:03:17Z</time>
        <cmt>speed: 0.2</cmt>
      </trkpt>
      <trkpt lat="33.885053" lon="-84.530801">
        <ele>300</ele>
        <time>2026-04-03T08:05:43Z</time>
        <cmt>speed: 0.0</cmt>
      </trkpt>
      <trkpt lat="33.884969" lon="-84.530747">
        <ele>299</ele>
        <time>2026-04-03T08:08:14Z</time>
        <cmt>speed: 0.0</cmt>
      </trkpt>
      <trkpt lat="33.885007" lon="-84.530784">
        <ele>315</ele>
        <time>2026-04-03T08:10:53Z</time>
        <cmt>speed: 0.0</cmt>
      </trkpt>
      <trkpt lat="33.884995" lon="-84.530817">
        <ele>307</ele>
        <time>2026-04-03T08:13:16Z</time>
        <cmt>speed: 0.3</cmt>
      </trkpt>
      <trkpt lat="33.884995" lon="-84.530817">
        <ele>307</ele>
        <time>2026-04-03T08:21:31Z</time>
      </trkpt>
      <trkpt lat="33.884995" lon="-84.530817">
        <ele>307</ele>
        <time>2026-04-03T08:57:42Z</time>
      </trkpt>
      <trkpt lat="33.884995" lon="-84.530817">
        <ele>307</ele>
        <time>2026-04-03T09:57:42Z</time>
      </trkpt>
      <trkpt lat="33.885125" lon="-84.530856">
        <ele>291</ele>
        <time>2026-04-03T10:05:39Z</time>
        <cmt>speed: 0.5</cmt>
      </trkpt>
      <trkpt lat="33.884999" lon="-84.530888">
        <ele>317</ele>
        <time>2026-04-03T10:08:02Z</time>
        <cmt>speed: 0.3</cmt>
      </trkpt>
      <trkpt lat="33.884778" lon="-84.530867">
        <ele>279</ele>
        <time>2026-04-03T10:10:30Z</time>
        <cmt>speed: 0.4</cmt>
      </trkpt>
      <trkpt lat="33.885389" lon="-84.530536">
        <ele>318</ele>
        <time>2026-04-03T10:12:58Z</time>
        <cmt>speed: 0.1</cmt>
      </trkpt>
      <trkpt lat="33.885782" lon="-84.530474">
        <ele>299</ele>
        <time>2026-04-03T10:15:28Z</time>
        <cmt>speed: 0.0</cmt>
      </trkpt>
      <trkpt lat="33.885738" lon="-84.530449">
        <ele>303</ele>
        <time>2026-04-03T10:17:57Z</time>
        <cmt>speed: 0.0</cmt>
      </trkpt>
      <trkpt lat="33.885932" lon="-84.530423">
        <ele>312</ele>
        <time>2026-04-03T10:20:27Z</time>
        <cmt>speed: 0.0</cmt>
      </trkpt>
      <trkpt lat="33.886207" lon="-84.530182">
        <ele>298</ele>
        <time>2026-04-03T10:22:57Z</time>
        <cmt>speed: 0.0</cmt>
      </trkpt>
      <trkpt lat="33.886252" lon="-84.530168">
        <ele>285</ele>
        <time>2026-04-03T10:25:28Z</time>
        <cmt>speed: 0.0</cmt>
      </trkpt>
      <trkpt lat="33.886106" lon="-84.530021">
        <ele>304</ele>
        <time>2026-04-03T10:27:59Z</time>
        <cmt>speed: 0.1</cmt>
      </trkpt>
      <trkpt lat="33.886356" lon="-84.529505">
        <ele>317</ele>
        <time>2026-04-03T10:30:29Z</time>
        <cmt>speed: 0.3</cmt>
      </trkpt>
      <trkpt lat="33.886288" lon="-84.529392">
        <ele>302</ele>
        <time>2026-04-03T10:33:06Z</time>
        <cmt>speed: 0.1</cmt>
      </trkpt>
      <trkpt lat="33.886248" lon="-84.529363">
        <ele>298</ele>
        <time>2026-04-03T10:35:44Z</time>
        <cmt>speed: 0.1</cmt>
      </trkpt>
      <trkpt lat="33.88642" lon="-84.529253">
        <ele>353</ele>
        <time>2026-04-03T10:38:24Z</time>
        <cmt>speed: 0.2</cmt>
      </trkpt>
      <trkpt lat="33.886203" lon="-84.529474">
        <ele>308</ele>
        <time>2026-04-03T10:40:36Z</time>
        <cmt>speed: 0.0</cmt>
      </trkpt>
      <trkpt lat="33.886271" lon="-84.529176">
        <ele>310</ele>
        <time>2026-04-03T10:42:57Z</time>
        <cmt>speed: 0.8</cmt>
      </trkpt>
      <trkpt lat="33.886225" lon="-84.5291">
        <ele>308</ele>
        <time>2026-04-03T10:45:29Z</time>
        <cmt>speed: 0.0</cmt>
      </trkpt>
      <trkpt lat="33.886263" lon="-84.529126">
        <ele>308</ele>
        <time>2026-04-03T10:48:01Z</time>
        <cmt>speed: 0.0</cmt>
      </trkpt>
      <trkpt lat="33.886274" lon="-84.529038">
        <ele>312</ele>
        <time>2026-04-03T10:50:29Z</time>
        <cmt>speed: 0.0</cmt>
      </trkpt>
      <trkpt lat="33.886138" lon="-84.529084">
        <ele>306</ele>
        <time>2026-04-03T10:52:58Z</time>
        <cmt>speed: 0.0</cmt>
      </trkpt>
      <trkpt lat="33.886118" lon="-84.528966">
        <ele>310</ele>
        <time>2026-04-03T10:55:28Z</time>
        <cmt>speed: 0.0</cmt>
      </trkpt>
      <trkpt lat="33.885876" lon="-84.528928">
        <ele>311</ele>
        <time>2026-04-03T10:57:58Z</time>
        <cmt>speed: 0.1</cmt>
      </trkpt>
      <trkpt lat="33.885795" lon="-84.5288">
        <ele>336</ele>
        <time>2026-04-03T11:00:30Z</time>
        <cmt>speed: 0.0</cmt>
      </trkpt>
      <trkpt lat="33.885741" lon="-84.528869">
        <ele>309</ele>
        <time>2026-04-03T11:02:58Z</time>
        <cmt>speed: 0.3</cmt>
      </trkpt>
      <trkpt lat="33.886118" lon="-84.528818">
        <ele>300</ele>
        <time>2026-04-03T11:05:28Z</time>
        <cmt>speed: 0.0</cmt>
      </trkpt>
      <trkpt lat="33.885866" lon="-84.52891">
        <ele>300</ele>
        <time>2026-04-03T11:07:58Z</time>
        <cmt>speed: 0.3</cmt>
      </trkpt>
      <trkpt lat="33.885771" lon="-84.529168">
        <ele>312</ele>
        <time>2026-04-03T11:10:29Z</time>
        <cmt>speed: 0.5</cmt>
      </trkpt>
      <trkpt lat="33.885225" lon="-84.529507">
        <ele>303</ele>
        <time>2026-04-03T11:12:58Z</time>
        <cmt>speed: 0.0</cmt>
      </trkpt>
      <trkpt lat="33.885118" lon="-84.530039">
        <ele>323</ele>
        <time>2026-04-03T11:15:30Z</time>
        <cmt>speed: 0.5</cmt>
      </trkpt>
      <trkpt lat="33.885076" lon="-84.53072">
        <ele>310</ele>
        <time>2026-04-03T11:17:59Z</time>
        <cmt>speed: 0.2</cmt>
      </trkpt>
      <trkpt lat="33.884809" lon="-84.53087">
        <ele>325</ele>
        <time>2026-04-03T11:20:31Z</time>
        <cmt>speed: 0.0</cmt>
      </trkpt>
      <trkpt lat="33.884923" lon="-84.531003">
        <ele>329</ele>
        <time>2026-04-03T11:23:00Z</time>
        <cmt>speed: 1.0</cmt>
      </trkpt>
      <trkpt lat="33.884965" lon="-84.530817">
        <ele>329</ele>
        <time>2026-04-03T11:25:28Z</time>
        <cmt>speed: 0.0</cmt>
      </trkpt>
      <trkpt lat="33.884795" lon="-84.530943">
        <ele>304</ele>
        <time>2026-04-03T11:28:01Z</time>
        <cmt>speed: 0.3</cmt>
      </trkpt>
      <trkpt lat="33.884773" lon="-84.531065">
        <ele>297</ele>
        <time>2026-04-03T11:30:29Z</time>
        <cmt>speed: 0.0</cmt>
      </trkpt>
      <trkpt lat="33.884791" lon="-84.531071">
        <ele>334</ele>
        <time>2026-04-03T11:32:59Z</time>
        <cmt>speed: 0.0</cmt>
      </trkpt>
      <trkpt lat="33.884808" lon="-84.531023">
        <ele>318</ele>
        <time>2026-04-03T11:35:29Z</time>
        <cmt>speed: 0.0</cmt>
      </trkpt>
      <trkpt lat="33.884766" lon="-84.531131">
        <ele>280</ele>
        <time>2026-04-03T11:38:00Z</time>
        <cmt>speed: 0.0</cmt>
      </trkpt>
      <trkpt lat="33.884778" lon="-84.530986">
        <ele>322</ele>
        <time>2026-04-03T11:44:10Z</time>
        <cmt>speed: 0.0</cmt>
      </trkpt>
      <trkpt lat="33.884831" lon="-84.531202">
        <ele>295</ele>
        <time>2026-04-03T11:46:38Z</time>
        <cmt>speed: 0.0</cmt>
      </trkpt>
      <trkpt lat="33.884845" lon="-84.530996">
        <ele>300</ele>
        <time>2026-04-03T11:52:13Z</time>
        <cmt>speed: 0.1</cmt>
      </trkpt>
      <trkpt lat="33.885015" lon="-84.5308">
        <ele>290</ele>
        <time>2026-04-03T11:54:49Z</time>
        <cmt>speed: 0.4</cmt>
      </trkpt>
      <trkpt lat="33.885066" lon="-84.530675">
        <ele>293</ele>
        <time>2026-04-03T11:57:11Z</time>
        <cmt>speed: 0.0</cmt>
      </trkpt>
      <trkpt lat="33.885118" lon="-84.530575">
        <ele>298</ele>
        <time>2026-04-03T11:59:40Z</time>
        <cmt>speed: 0.0</cmt>
      </trkpt>
      <trkpt lat="33.885159" lon="-84.530653">
        <ele>302</ele>
        <time>2026-04-03T12:02:10Z</time>
        <cmt>speed: 0.0</cmt>
      </trkpt>
      <trkpt lat="33.885361" lon="-84.530747">
        <ele>303</ele>
        <time>2026-04-03T12:04:46Z</time>
        <cmt>speed: 0.8</cmt>
      </trkpt>
      <trkpt lat="33.885592" lon="-84.531035">
        <ele>307</ele>
        <time>2026-04-03T12:07:09Z</time>
        <cmt>speed: 0.1</cmt>
      </trkpt>
      <trkpt lat="33.885073" lon="-84.530669">
        <ele>301</ele>
        <time>2026-04-03T12:09:39Z</time>
        <cmt>speed: 0.5</cmt>
      </trkpt>
      <trkpt lat="33.884918" lon="-84.530457">
        <ele>316</ele>
        <time>2026-04-03T12:12:11Z</time>
        <cmt>speed: 0.0</cmt>
      </trkpt>
      <trkpt lat="33.885022" lon="-84.530772">
        <ele>300</ele>
        <time>2026-04-03T12:14:48Z</time>
        <cmt>speed: 0.3</cmt>
      </trkpt>
      <trkpt lat="33.885057" lon="-84.530858">
        <ele>294</ele>
        <time>2026-04-03T12:17:11Z</time>
        <cmt>speed: 0.1</cmt>
      </trkpt>
      <trkpt lat="33.884978" lon="-84.530861">
        <ele>299</ele>
        <time>2026-04-03T12:19:39Z</time>
        <cmt>speed: 0.0</cmt>
      </trkpt>
      <trkpt lat="33.884968" lon="-84.530924">
        <ele>315</ele>
        <time>2026-04-03T12:22:10Z</time>
        <cmt>speed: 0.0</cmt>
      </trkpt>
      <trkpt lat="33.884979" lon="-84.530965">
        <ele>313</ele>
        <time>2026-04-03T12:24:40Z</time>
        <cmt>speed: 0.1</cmt>
      </trkpt>
      <trkpt lat="33.884744" lon="-84.530752">
        <ele>316</ele>
        <time>2026-04-03T12:27:12Z</time>
        <cmt>speed: 0.2</cmt>
      </trkpt>
      <trkpt lat="33.88473" lon="-84.530725">
        <ele>299</ele>
        <time>2026-04-03T12:29:41Z</time>
        <cmt>speed: 0.0</cmt>
      </trkpt>
      <trkpt lat="33.884833" lon="-84.530741">
        <ele>294</ele>
        <time>2026-04-03T12:32:10Z</time>
        <cmt>speed: 0.0</cmt>
      </trkpt>
      <trkpt lat="33.884724" lon="-84.531084">
        <ele>312</ele>
        <time>2026-04-03T12:34:38Z</time>
        <cmt>speed: 0.0</cmt>
      </trkpt>
      <trkpt lat="33.88459" lon="-84.530931">
        <ele>311</ele>
        <time>2026-04-03T12:37:10Z</time>
        <cmt>speed: 0.0</cmt>
      </trkpt>
      <trkpt lat="33.884727" lon="-84.530953">
        <ele>281</ele>
        <time>2026-04-03T12:39:40Z</time>
        <cmt>speed: 0.0</cmt>
      </trkpt>
      <trkpt lat="33.884614" lon="-84.531036">
        <ele>295</ele>
        <time>2026-04-03T12:44:02Z</time>
        <cmt>speed: 0.0</cmt>
      </trkpt>
      <trkpt lat="33.8847" lon="-84.531039">
        <ele>299</ele>
        <time>2026-04-03T12:46:33Z</time>
        <cmt>speed: 0.0</cmt>
      </trkpt>
      <trkpt lat="33.884669" lon="-84.531053">
        <ele>297</ele>
        <time>2026-04-03T12:49:06Z</time>
        <cmt>speed: 0.0</cmt>
      </trkpt>
      <trkpt lat="33.884725" lon="-84.53116">
        <ele>305</ele>
        <time>2026-04-03T12:51:41Z</time>
        <cmt>speed: 0.3</cmt>
      </trkpt>
      <trkpt lat="33.884725" lon="-84.53116">
        <ele>305</ele>
        <time>2026-04-03T12:54:01Z</time>
      </trkpt>
      <trkpt lat="33.884715" lon="-84.531029">
        <ele>295</ele>
        <time>2026-04-03T12:55:19Z</time>
        <cmt>speed: 0.6</cmt>
      </trkpt>
      <trkpt lat="33.884697" lon="-84.531089">
        <ele>292</ele>
        <time>2026-04-03T12:57:49Z</time>
        <cmt>speed: 0.0</cmt>
      </trkpt>
      <trkpt lat="33.884603" lon="-84.531036">
        <ele>294</ele>
        <time>2026-04-03T13:00:19Z</time>
        <cmt>speed: 0.0</cmt>
      </trkpt>
      <trkpt lat="33.884585" lon="-84.53105">
        <ele>305</ele>
        <time>2026-04-03T13:02:49Z</time>
        <cmt>speed: 0.3</cmt>
      </trkpt>
      <trkpt lat="33.884716" lon="-84.531106">
        <ele>302</ele>
        <time>2026-04-03T13:05:17Z</time>
        <cmt>speed: 0.0</cmt>
      </trkpt>
      <trkpt lat="33.884609" lon="-84.531">
        <ele>305</ele>
        <time>2026-04-03T13:09:52Z</time>
        <cmt>speed: 0.0</cmt>
      </trkpt>
      <trkpt lat="33.884682" lon="-84.531022">
        <ele>293</ele>
        <time>2026-04-03T13:12:34Z</time>
        <cmt>speed: 0.0</cmt>
      </trkpt>
      <trkpt lat="33.884709" lon="-84.531068">
        <ele>301</ele>
        <time>2026-04-03T13:14:54Z</time>
        <cmt>speed: 0.0</cmt>
      </trkpt>
      <trkpt lat="33.884606" lon="-84.531084">
        <ele>299</ele>
        <time>2026-04-03T13:17:22Z</time>
        <cmt>speed: 0.0</cmt>
      </trkpt>
      <trkpt lat="33.884606" lon="-84.531071">
        <ele>292</ele>
        <time>2026-04-03T13:19:52Z</time>
        <cmt>speed: 0.0</cmt>
      </trkpt>
      <trkpt lat="33.884704" lon="-84.531017">
        <ele>257</ele>
        <time>2026-04-03T13:22:23Z</time>
        <cmt>speed: 0.0</cmt>
      </trkpt>
      <trkpt lat="33.884641" lon="-84.531043">
        <ele>286</ele>
        <time>2026-04-03T13:24:53Z</time>
        <cmt>speed: 0.1</cmt>
      </trkpt>
      <trkpt lat="33.884559" lon="-84.530986">
        <ele>305</ele>
        <time>2026-04-03T13:27:24Z</time>
        <cmt>speed: 0.0</cmt>
      </trkpt>
      <trkpt lat="33.884583" lon="-84.531003">
        <ele>292</ele>
        <time>2026-04-03T13:29:51Z</time>
        <cmt>speed: 0.0</cmt>
      </trkpt>
      <trkpt lat="33.88474" lon="-84.531106">
        <ele>274</ele>
        <time>2026-04-03T13:32:24Z</time>
        <cmt>speed: 0.0</cmt>
      </trkpt>
      <trkpt lat="33.884566" lon="-84.53109">
        <ele>298</ele>
        <time>2026-04-03T13:34:53Z</time>
        <cmt>speed: 0.0</cmt>
      </trkpt>
      <trkpt lat="33.884701" lon="-84.53097">
        <ele>298</ele>
        <time>2026-04-03T13:37:21Z</time>
        <cmt>speed: 0.0</cmt>
      </trkpt>
      <trkpt lat="33.884719" lon="-84.5309">
        <ele>297</ele>
        <time>2026-04-03T13:39:54Z</time>
        <cmt>speed: 0.0</cmt>
      </trkpt>
      <trkpt lat="33.88459" lon="-84.530964">
        <ele>294</ele>
        <time>2026-04-03T13:42:24Z</time>
        <cmt>speed: 0.0</cmt>
      </trkpt>
      <trkpt lat="33.88456" lon="-84.531078">
        <ele>289</ele>
        <time>2026-04-03T13:44:51Z</time>
        <cmt>speed: 0.0</cmt>
      </trkpt>
      <trkpt lat="33.884492" lon="-84.531061">
        <ele>278</ele>
        <time>2026-04-03T13:47:22Z</time>
        <cmt>speed: 0.1</cmt>
      </trkpt>
      <trkpt lat="33.884698" lon="-84.530895">
        <ele>327</ele>
        <time>2026-04-03T13:49:54Z</time>
        <cmt>speed: 0.0</cmt>
      </trkpt>
      <trkpt lat="33.884739" lon="-84.530984">
        <ele>331</ele>
        <time>2026-04-03T13:52:25Z</time>
        <cmt>speed: 0.0</cmt>
      </trkpt>
      <trkpt lat="33.884603" lon="-84.531007">
        <ele>244</ele>
        <time>2026-04-03T13:54:54Z</time>
        <cmt>speed: 0.0</cmt>
      </trkpt>
      <trkpt lat="33.884663" lon="-84.531097">
        <ele>304</ele>
        <time>2026-04-03T13:57:22Z</time>
        <cmt>speed: 0.0</cmt>
      </trkpt>
      <trkpt lat="33.884595" lon="-84.530906">
        <ele>291</ele>
        <time>2026-04-03T13:59:53Z</time>
        <cmt>speed: 0.0</cmt>
      </trkpt>
      <trkpt lat="33.884583" lon="-84.531007">
        <ele>265</ele>
        <time>2026-04-03T14:02:25Z</time>
        <cmt>speed: 0.0</cmt>
      </trkpt>
      <trkpt lat="33.88465" lon="-84.530952">
        <ele>304</ele>
        <time>2026-04-03T14:04:54Z</time>
        <cmt>speed: 0.0</cmt>
      </trkpt>
      <trkpt lat="33.884591" lon="-84.530974">
        <ele>286</ele>
        <time>2026-04-03T14:07:24Z</time>
        <cmt>speed: 0.0</cmt>
      </trkpt>
      <trkpt lat="33.884827" lon="-84.531043">
        <ele>295</ele>
        <time>2026-04-03T14:09:52Z</time>
        <cmt>speed: 0.0</cmt>
      </trkpt>
      <trkpt lat="33.884748" lon="-84.531076">
        <ele>296</ele>
        <time>2026-04-03T14:12:21Z</time>
        <cmt>speed: 0.0</cmt>
      </trkpt>
      <trkpt lat="33.884589" lon="-84.530951">
        <ele>286</ele>
        <time>2026-04-03T14:14:55Z</time>
        <cmt>speed: 0.0</cmt>
      </trkpt>
      <trkpt lat="33.884667" lon="-84.531036">
        <ele>296</ele>
        <time>2026-04-03T14:19:36Z</time>
        <cmt>speed: 0.0</cmt>
      </trkpt>
      <trkpt lat="33.88467" lon="-84.531042">
        <ele>289</ele>
        <time>2026-04-03T14:22:04Z</time>
        <cmt>speed: 0.0</cmt>
      </trkpt>
      <trkpt lat="33.884551" lon="-84.530971">
        <ele>268</ele>
        <time>2026-04-03T14:24:38Z</time>
        <cmt>speed: 0.3</cmt>
      </trkpt>
      <trkpt lat="33.884658" lon="-84.531093">
        <ele>293</ele>
        <time>2026-04-03T14:27:05Z</time>
        <cmt>speed: 0.0</cmt>
      </trkpt>
      <trkpt lat="33.884623" lon="-84.531105">
        <ele>298</ele>
        <time>2026-04-03T14:29:34Z</time>
        <cmt>speed: 0.0</cmt>
      </trkpt>
      <trkpt lat="33.8847" lon="-84.530972">
        <ele>290</ele>
        <time>2026-04-03T14:32:09Z</time>
        <cmt>speed: 0.0</cmt>
      </trkpt>
      <trkpt lat="33.884719" lon="-84.531001">
        <ele>299</ele>
        <time>2026-04-03T14:34:35Z</time>
        <cmt>speed: 0.0</cmt>
      </trkpt>
      <trkpt lat="33.884852" lon="-84.530996">
        <ele>309</ele>
        <time>2026-04-03T14:37:07Z</time>
        <cmt>speed: 0.0</cmt>
      </trkpt>
      <trkpt lat="33.884664" lon="-84.531035">
        <ele>293</ele>
        <time>2026-04-03T14:39:34Z</time>
        <cmt>speed: 0.0</cmt>
      </trkpt>
      <trkpt lat="33.884619" lon="-84.531018">
        <ele>284</ele>
        <time>2026-04-03T14:42:04Z</time>
        <cmt>speed: 0.0</cmt>
      </trkpt>
      <trkpt lat="33.884731" lon="-84.53097">
        <ele>321</ele>
        <time>2026-04-03T14:44:35Z</time>
        <cmt>speed: 0.2</cmt>
      </trkpt>
      <trkpt lat="33.884681" lon="-84.531009">
        <ele>296</ele>
        <time>2026-04-03T14:47:05Z</time>
        <cmt>speed: 0.0</cmt>
      </trkpt>
      <trkpt lat="33.884655" lon="-84.531069">
        <ele>302</ele>
        <time>2026-04-03T14:49:36Z</time>
        <cmt>speed: 0.0</cmt>
      </trkpt>
      <trkpt lat="33.884834" lon="-84.530998">
        <ele>313</ele>
        <time>2026-04-03T14:52:04Z</time>
        <cmt>speed: 0.4</cmt>
      </trkpt>
      <trkpt lat="33.884994" lon="-84.530793">
        <ele>316</ele>
        <time>2026-04-03T14:54:38Z</time>
        <cmt>speed: 0.0</cmt>
      </trkpt>
      <trkpt lat="33.884986" lon="-84.530894">
        <ele>315</ele>
        <time>2026-04-03T14:57:04Z</time>
        <cmt>speed: 0.1</cmt>
      </trkpt>
      <trkpt lat="33.885019" lon="-84.530773">
        <ele>311</ele>
        <time>2026-04-03T14:59:35Z</time>
        <cmt>speed: 0.0</cmt>
      </trkpt>
      <trkpt lat="33.884951" lon="-84.530966">
        <ele>330</ele>
        <time>2026-04-03T15:02:04Z</time>
        <cmt>speed: 0.0</cmt>
      </trkpt>
      <trkpt lat="33.88494" lon="-84.530968">
        <ele>317</ele>
        <time>2026-04-03T15:04:33Z</time>
        <cmt>speed: 0.0</cmt>
      </trkpt>
      <trkpt lat="33.885027" lon="-84.531081">
        <ele>316</ele>
        <time>2026-04-03T15:07:04Z</time>
        <cmt>speed: 0.0</cmt>
      </trkpt>
      <trkpt lat="33.885015" lon="-84.530885">
        <ele>291</ele>
        <time>2026-04-03T15:09:35Z</time>
        <cmt>speed: 0.1</cmt>
      </trkpt>
      <trkpt lat="33.884843" lon="-84.531153">
        <ele>307</ele>
        <time>2026-04-03T15:12:04Z</time>
        <cmt>speed: 0.0</cmt>
      </trkpt>
      <trkpt lat="33.88482" lon="-84.530991">
        <ele>294</ele>
        <time>2026-04-03T15:14:35Z</time>
        <cmt>speed: 0.0</cmt>
      </trkpt>
      <trkpt lat="33.8849" lon="-84.53103">
        <ele>297</ele>
        <time>2026-04-03T15:17:04Z</time>
        <cmt>speed: 0.1</cmt>
      </trkpt>
      <trkpt lat="33.884941" lon="-84.530981">
        <ele>299</ele>
        <time>2026-04-03T15:19:36Z</time>
        <cmt>speed: 0.0</cmt>
      </trkpt>
      <trkpt lat="33.884774" lon="-84.531077">
        <ele>280</ele>
        <time>2026-04-03T15:22:06Z</time>
        <cmt>speed: 0.0</cmt>
      </trkpt>
      <trkpt lat="33.884857" lon="-84.531051">
        <ele>282</ele>
        <time>2026-04-03T15:24:35Z</time>
        <cmt>speed: 0.0</cmt>
      </trkpt>
      <trkpt lat="33.884775" lon="-84.530923">
        <ele>306</ele>
        <time>2026-04-03T15:38:15Z</time>
        <cmt>speed: 0.0</cmt>
      </trkpt>
      <trkpt lat="33.884761" lon="-84.530965">
        <ele>311</ele>
        <time>2026-04-03T15:40:46Z</time>
        <cmt>speed: 0.0</cmt>
      </trkpt>
      <trkpt lat="33.884783" lon="-84.531041">
        <ele>310</ele>
        <time>2026-04-03T15:43:13Z</time>
        <cmt>speed: 0.0</cmt>
      </trkpt>
      <trkpt lat="33.884783" lon="-84.531041">
        <ele>310</ele>
        <time>2026-04-03T15:48:14Z</time>
      </trkpt>
      <trkpt lat="33.884709" lon="-84.530849">
        <ele>292</ele>
        <time>2026-04-03T15:52:47Z</time>
        <cmt>speed: 0.0</cmt>
      </trkpt>
      <trkpt lat="33.884814" lon="-84.530911">
        <ele>290</ele>
        <time>2026-04-03T15:55:18Z</time>
        <cmt>speed: 0.3</cmt>
      </trkpt>
      <trkpt lat="33.884814" lon="-84.530911">
        <ele>290</ele>
        <time>2026-04-03T15:58:14Z</time>
      </trkpt>
      <trkpt lat="33.88479" lon="-84.53106">
        <ele>309</ele>
        <time>2026-04-03T15:59:54Z</time>
        <cmt>speed: 0.0</cmt>
      </trkpt>
      <trkpt lat="33.884905" lon="-84.530931">
        <ele>264</ele>
        <time>2026-04-03T16:03:01Z</time>
        <cmt>speed: 1.0</cmt>
      </trkpt>
      <trkpt lat="33.884662" lon="-84.531064">
        <ele>319</ele>
        <time>2026-04-03T16:05:06Z</time>
        <cmt>speed: 0.7</cmt>
      </trkpt>
      <trkpt lat="33.884662" lon="-84.531064">
        <ele>319</ele>
        <time>2026-04-03T16:08:14Z</time>
      </trkpt>
      <trkpt lat="33.884932" lon="-84.531014">
        <ele>320</ele>
        <time>2026-04-03T16:08:29Z</time>
        <cmt>speed: 0.1</cmt>
      </trkpt>
      <trkpt lat="33.8848" lon="-84.530831">
        <ele>303</ele>
        <time>2026-04-03T16:10:56Z</time>
        <cmt>speed: 0.0</cmt>
      </trkpt>
      <trkpt lat="33.884908" lon="-84.530796">
        <ele>317</ele>
        <time>2026-04-03T16:13:26Z</time>
        <cmt>speed: 0.0</cmt>
      </trkpt>
      <trkpt lat="33.884816" lon="-84.53108">
        <ele>299</ele>
        <time>2026-04-03T16:15:57Z</time>
        <cmt>speed: 0.0</cmt>
      </trkpt>
      <trkpt lat="33.884808" lon="-84.53132">
        <ele>254</ele>
        <time>2026-04-03T16:18:56Z</time>
        <cmt>speed: 0.8</cmt>
      </trkpt>
      <trkpt lat="33.88489" lon="-84.530908">
        <ele>317</ele>
        <time>2026-04-03T16:21:08Z</time>
        <cmt>speed: 0.0</cmt>
      </trkpt>
      <trkpt lat="33.885114" lon="-84.531182">
        <ele>339</ele>
        <time>2026-04-03T16:23:41Z</time>
        <cmt>speed: 0.3</cmt>
      </trkpt>
      <trkpt lat="33.885114" lon="-84.531182">
        <ele>339</ele>
        <time>2026-04-03T16:28:54Z</time>
      </trkpt>
      <trkpt lat="33.884937" lon="-84.53095">
        <ele>310</ele>
        <time>2026-04-03T16:37:56Z</time>
        <cmt>speed: 0.4</cmt>
      </trkpt>
      <trkpt lat="33.884702" lon="-84.53107">
        <ele>304</ele>
        <time>2026-04-03T16:40:32Z</time>
        <cmt>speed: 0.2</cmt>
      </trkpt>
      <trkpt lat="33.884791" lon="-84.530823">
        <ele>323</ele>
        <time>2026-04-03T17:15:33Z</time>
        <cmt>speed: 0.0</cmt>
      </trkpt>
      <trkpt lat="33.884707" lon="-84.531203">
        <ele>311</ele>
        <time>2026-04-03T17:18:11Z</time>
        <cmt>speed: 1.0</cmt>
      </trkpt>
      <trkpt lat="33.88481" lon="-84.53074">
        <ele>342</ele>
        <time>2026-04-03T17:20:33Z</time>
        <cmt>speed: 0.1</cmt>
      </trkpt>
      <trkpt lat="33.884797" lon="-84.531047">
        <ele>306</ele>
        <time>2026-04-03T17:25:31Z</time>
        <cmt>speed: 0.0</cmt>
      </trkpt>
      <trkpt lat="33.884853" lon="-84.531052">
        <ele>308</ele>
        <time>2026-04-03T17:28:02Z</time>
        <cmt>speed: 0.0</cmt>
      </trkpt>
      <trkpt lat="33.884853" lon="-84.531052">
        <ele>308</ele>
        <time>2026-04-03T17:30:32Z</time>
      </trkpt>
      <trkpt lat="33.884806" lon="-84.531001">
        <ele>294</ele>
        <time>2026-04-03T17:33:29Z</time>
        <cmt>speed: 0.3</cmt>
      </trkpt>
      <trkpt lat="33.884844" lon="-84.530926">
        <ele>312</ele>
        <time>2026-04-03T17:38:36Z</time>
        <cmt>speed: 0.2</cmt>
      </trkpt>
      <trkpt lat="33.884762" lon="-84.531087">
        <ele>310</ele>
        <time>2026-04-03T17:41:06Z</time>
        <cmt>speed: 0.0</cmt>
      </trkpt>
      <trkpt lat="33.884823" lon="-84.531029">
        <ele>319</ele>
        <time>2026-04-03T18:32:16Z</time>
        <cmt>speed: 0.1</cmt>
      </trkpt>
      <trkpt lat="33.884869" lon="-84.530961">
        <ele>304</ele>
        <time>2026-04-03T18:34:33Z</time>
        <cmt>speed: 0.7</cmt>
      </trkpt>
      <trkpt lat="33.884868" lon="-84.530997">
        <ele>323</ele>
        <time>2026-04-03T18:40:10Z</time>
        <cmt>speed: 0.0</cmt>
      </trkpt>
      <trkpt lat="33.884768" lon="-84.530909">
        <ele>328</ele>
        <time>2026-04-03T18:43:26Z</time>
        <cmt>speed: 0.1</cmt>
      </trkpt>
      <trkpt lat="33.884746" lon="-84.530539">
        <ele>335</ele>
        <time>2026-04-03T18:45:52Z</time>
        <cmt>speed: 0.4</cmt>
      </trkpt>
      <trkpt lat="33.884932" lon="-84.531085">
        <ele>321</ele>
        <time>2026-04-03T18:48:22Z</time>
        <cmt>speed: 0.0</cmt>
      </trkpt>
      <trkpt lat="33.885046" lon="-84.530822">
        <ele>300</ele>
        <time>2026-04-03T18:50:57Z</time>
        <cmt>speed: 0.1</cmt>
      </trkpt>
      <trkpt lat="33.885033" lon="-84.530851">
        <ele>324</ele>
        <time>2026-04-03T18:53:22Z</time>
        <cmt>speed: 0.0</cmt>
      </trkpt>
      <trkpt lat="33.884978" lon="-84.530887">
        <ele>315</ele>
        <time>2026-04-03T18:55:51Z</time>
        <cmt>speed: 0.0</cmt>
      </trkpt>
      <trkpt lat="33.885009" lon="-84.530899">
        <ele>295</ele>
        <time>2026-04-03T18:58:21Z</time>
        <cmt>speed: 0.0</cmt>
      </trkpt>
      <trkpt lat="33.88496" lon="-84.530847">
        <ele>307</ele>
        <time>2026-04-03T19:00:51Z</time>
        <cmt>speed: 0.0</cmt>
      </trkpt>
      <trkpt lat="33.884938" lon="-84.530867">
        <ele>301</ele>
        <time>2026-04-03T19:03:21Z</time>
        <cmt>speed: 0.0</cmt>
      </trkpt>
      <trkpt lat="33.884993" lon="-84.530881">
        <ele>305</ele>
        <time>2026-04-03T19:05:51Z</time>
        <cmt>speed: 0.0</cmt>
      </trkpt>
      <trkpt lat="33.884753" lon="-84.531132">
        <ele>354</ele>
        <time>2026-04-03T19:08:25Z</time>
        <cmt>speed: 0.3</cmt>
      </trkpt>
      <trkpt lat="33.884873" lon="-84.530895">
        <ele>315</ele>
        <time>2026-04-03T19:13:11Z</time>
        <cmt>speed: 0.3</cmt>
      </trkpt>
      <trkpt lat="33.884933" lon="-84.530883">
        <ele>321</ele>
        <time>2026-04-03T19:15:41Z</time>
        <cmt>speed: 0.0</cmt>
      </trkpt>
      <trkpt lat="33.884932" lon="-84.530888">
        <ele>315</ele>
        <time>2026-04-03T19:18:11Z</time>
        <cmt>speed: 0.0</cmt>
      </trkpt>
      <trkpt lat="33.884856" lon="-84.530894">
        <ele>296</ele>
        <time>2026-04-03T19:20:40Z</time>
        <cmt>speed: 0.0</cmt>
      </trkpt>
      <trkpt lat="33.884832" lon="-84.530886">
        <ele>308</ele>
        <time>2026-04-03T19:23:10Z</time>
        <cmt>speed: 0.0</cmt>
      </trkpt>
      <trkpt lat="33.88479" lon="-84.530915">
        <ele>293</ele>
        <time>2026-04-03T19:25:54Z</time>
        <cmt>speed: 0.0</cmt>
      </trkpt>
      <trkpt lat="33.884765" lon="-84.530827">
        <ele>315</ele>
        <time>2026-04-03T19:28:27Z</time>
        <cmt>speed: 0.4</cmt>
      </trkpt>
      <trkpt lat="33.88477" lon="-84.530809">
        <ele>313</ele>
        <time>2026-04-03T19:30:56Z</time>
        <cmt>speed: 0.1</cmt>
      </trkpt>
      <trkpt lat="33.884742" lon="-84.530806">
        <ele>337</ele>
        <time>2026-04-03T19:33:27Z</time>
        <cmt>speed: 0.0</cmt>
      </trkpt>
      <trkpt lat="33.884797" lon="-84.530883">
        <ele>322</ele>
        <time>2026-04-03T19:35:56Z</time>
        <cmt>speed: 0.1</cmt>
      </trkpt>
      <trkpt lat="33.884874" lon="-84.531011">
        <ele>276</ele>
        <time>2026-04-03T19:38:30Z</time>
        <cmt>speed: 0.1</cmt>
      </trkpt>
      <trkpt lat="33.884769" lon="-84.530904">
        <ele>288</ele>
        <time>2026-04-03T19:40:55Z</time>
        <cmt>speed: 0.1</cmt>
      </trkpt>
      <trkpt lat="33.884853" lon="-84.530952">
        <ele>304</ele>
        <time>2026-04-03T19:43:26Z</time>
        <cmt>speed: 0.0</cmt>
      </trkpt>
      <trkpt lat="33.884704" lon="-84.531047">
        <ele>320</ele>
        <time>2026-04-03T19:46:00Z</time>
        <cmt>speed: 0.1</cmt>
      </trkpt>
      <trkpt lat="33.884873" lon="-84.53104">
        <ele>308</ele>
        <time>2026-04-03T19:48:27Z</time>
        <cmt>speed: 0.0</cmt>
      </trkpt>
      <trkpt lat="33.884844" lon="-84.531032">
        <ele>323</ele>
        <time>2026-04-03T19:50:59Z</time>
        <cmt>speed: 0.0</cmt>
      </trkpt>
      <trkpt lat="33.884864" lon="-84.530982">
        <ele>327</ele>
        <time>2026-04-03T19:53:43Z</time>
        <cmt>speed: 0.0</cmt>
      </trkpt>
      <trkpt lat="33.884743" lon="-84.530947">
        <ele>335</ele>
        <time>2026-04-03T19:56:14Z</time>
        <cmt>speed: 0.0</cmt>
      </trkpt>
      <trkpt lat="33.884869" lon="-84.530826">
        <ele>337</ele>
        <time>2026-04-03T19:58:44Z</time>
        <cmt>speed: 0.0</cmt>
      </trkpt>
      <trkpt lat="33.884768" lon="-84.530947">
        <ele>328</ele>
        <time>2026-04-03T20:01:15Z</time>
        <cmt>speed: 0.0</cmt>
      </trkpt>
      <trkpt lat="33.884746" lon="-84.530817">
        <ele>326</ele>
        <time>2026-04-03T20:03:42Z</time>
        <cmt>speed: 0.0</cmt>
      </trkpt>
      <trkpt lat="33.884806" lon="-84.531068">
        <ele>343</ele>
        <time>2026-04-03T20:06:11Z</time>
        <cmt>speed: 0.0</cmt>
      </trkpt>
      <trkpt lat="33.884772" lon="-84.531009">
        <ele>306</ele>
        <time>2026-04-03T20:08:41Z</time>
        <cmt>speed: 0.0</cmt>
      </trkpt>
      <trkpt lat="33.884758" lon="-84.530864">
        <ele>326</ele>
        <time>2026-04-03T20:11:12Z</time>
        <cmt>speed: 0.2</cmt>
      </trkpt>
      <trkpt lat="33.884962" lon="-84.530695">
        <ele>293</ele>
        <time>2026-04-03T20:13:39Z</time>
        <cmt>speed: 0.4</cmt>
      </trkpt>
      <trkpt lat="33.885003" lon="-84.530685">
        <ele>327</ele>
        <time>2026-04-03T20:16:13Z</time>
        <cmt>speed: 0.0</cmt>
      </trkpt>
      <trkpt lat="33.884953" lon="-84.530926">
        <ele>313</ele>
        <time>2026-04-03T20:18:41Z</time>
        <cmt>speed: 0.0</cmt>
      </trkpt>
      <trkpt lat="33.88501" lon="-84.53097">
        <ele>302</ele>
        <time>2026-04-03T20:21:12Z</time>
        <cmt>speed: 0.1</cmt>
      </trkpt>
      <trkpt lat="33.885034" lon="-84.53099">
        <ele>307</ele>
        <time>2026-04-03T20:23:40Z</time>
        <cmt>speed: 0.1</cmt>
      </trkpt>
      <trkpt lat="33.885059" lon="-84.530848">
        <ele>312</ele>
        <time>2026-04-03T20:26:15Z</time>
        <cmt>speed: 0.5</cmt>
      </trkpt>
      <trkpt lat="33.884915" lon="-84.530465">
        <ele>353</ele>
        <time>2026-04-03T20:29:19Z</time>
        <cmt>speed: 0.5</cmt>
      </trkpt>
      <trkpt lat="33.884924" lon="-84.531165">
        <ele>309</ele>
        <time>2026-04-03T20:31:18Z</time>
        <cmt>speed: 0.0</cmt>
      </trkpt>
      <trkpt lat="33.884959" lon="-84.530585">
        <ele>339</ele>
        <time>2026-04-03T20:33:43Z</time>
        <cmt>speed: 0.0</cmt>
      </trkpt>
      <trkpt lat="33.88515" lon="-84.530275">
        <ele>293</ele>
        <time>2026-04-03T20:36:11Z</time>
        <cmt>speed: 0.0</cmt>
      </trkpt>
      <trkpt lat="33.884992" lon="-84.530624">
        <ele>310</ele>
        <time>2026-04-03T20:38:42Z</time>
        <cmt>speed: 0.3</cmt>
      </trkpt>
      <trkpt lat="33.884711" lon="-84.53117">
        <ele>294</ele>
        <time>2026-04-03T20:41:12Z</time>
        <cmt>speed: 0.0</cmt>
      </trkpt>
      <trkpt lat="33.884519" lon="-84.530961">
        <ele>301</ele>
        <time>2026-04-03T20:43:41Z</time>
        <cmt>speed: 0.0</cmt>
      </trkpt>
      <trkpt lat="33.884476" lon="-84.530971">
        <ele>313</ele>
        <time>2026-04-03T20:46:15Z</time>
        <cmt>speed: 0.0</cmt>
      </trkpt>
      <trkpt lat="33.884621" lon="-84.531013">
        <ele>298</ele>
        <time>2026-04-03T20:48:47Z</time>
        <cmt>speed: 0.0</cmt>
      </trkpt>
      <trkpt lat="33.884578" lon="-84.530952">
        <ele>322</ele>
        <time>2026-04-03T20:51:16Z</time>
        <cmt>speed: 0.0</cmt>
      </trkpt>
      <trkpt lat="33.884693" lon="-84.531152">
        <ele>289</ele>
        <time>2026-04-03T20:53:47Z</time>
        <cmt>speed: 0.0</cmt>
      </trkpt>
      <trkpt lat="33.88466" lon="-84.53105">
        <ele>306</ele>
        <time>2026-04-03T20:56:17Z</time>
        <cmt>speed: 0.0</cmt>
      </trkpt>
      <trkpt lat="33.884616" lon="-84.531079">
        <ele>307</ele>
        <time>2026-04-03T20:58:46Z</time>
        <cmt>speed: 0.0</cmt>
      </trkpt>
      <trkpt lat="33.884461" lon="-84.53118">
        <ele>338</ele>
        <time>2026-04-03T21:01:17Z</time>
        <cmt>speed: 0.0</cmt>
      </trkpt>
      <trkpt lat="33.884643" lon="-84.531178">
        <ele>313</ele>
        <time>2026-04-03T21:04:25Z</time>
        <cmt>speed: 0.3</cmt>
      </trkpt>
      <trkpt lat="33.884525" lon="-84.531031">
        <ele>336</ele>
        <time>2026-04-03T21:06:52Z</time>
        <cmt>speed: 0.7</cmt>
      </trkpt>
      <trkpt lat="33.884595" lon="-84.531049">
        <ele>296</ele>
        <time>2026-04-03T21:09:21Z</time>
        <cmt>speed: 0.0</cmt>
      </trkpt>
      <trkpt lat="33.884699" lon="-84.531143">
        <ele>312</ele>
        <time>2026-04-03T21:11:51Z</time>
        <cmt>speed: 0.1</cmt>
      </trkpt>
      <trkpt lat="33.884552" lon="-84.53089">
        <ele>329</ele>
        <time>2026-04-03T21:14:25Z</time>
        <cmt>speed: 0.0</cmt>
      </trkpt>
      <trkpt lat="33.884277" lon="-84.530802">
        <ele>323</ele>
        <time>2026-04-03T21:16:51Z</time>
        <cmt>speed: 0.2</cmt>
      </trkpt>
      <trkpt lat="33.883982" lon="-84.530964">
        <ele>319</ele>
        <time>2026-04-03T21:19:23Z</time>
        <cmt>speed: 0.1</cmt>
      </trkpt>
      <trkpt lat="33.884095" lon="-84.530318">
        <ele>364</ele>
        <time>2026-04-03T21:21:52Z</time>
        <cmt>speed: 0.0</cmt>
      </trkpt>
      <trkpt lat="33.884107" lon="-84.530844">
        <ele>324</ele>
        <time>2026-04-03T21:24:21Z</time>
        <cmt>speed: 0.2</cmt>
      </trkpt>
      <trkpt lat="33.884292" lon="-84.530919">
        <ele>297</ele>
        <time>2026-04-03T21:26:52Z</time>
        <cmt>speed: 0.0</cmt>
      </trkpt>
      <trkpt lat="33.884239" lon="-84.531092">
        <ele>314</ele>
        <time>2026-04-03T21:29:23Z</time>
        <cmt>speed: 0.8</cmt>
      </trkpt>
      <trkpt lat="33.884504" lon="-84.530796">
        <ele>290</ele>
        <time>2026-04-03T21:31:51Z</time>
        <cmt>speed: 0.9</cmt>
      </trkpt>
      <trkpt lat="33.885029" lon="-84.530899">
        <ele>306</ele>
        <time>2026-04-03T21:34:23Z</time>
        <cmt>speed: 0.2</cmt>
      </trkpt>
      <trkpt lat="33.884999" lon="-84.530771">
        <ele>286</ele>
        <time>2026-04-03T21:36:52Z</time>
        <cmt>speed: 0.3</cmt>
      </trkpt>
      <trkpt lat="33.885005" lon="-84.530738">
        <ele>306</ele>
        <time>2026-04-03T21:39:22Z</time>
        <cmt>speed: 0.2</cmt>
      </trkpt>
      <trkpt lat="33.884922" lon="-84.530628">
        <ele>290</ele>
        <time>2026-04-03T21:41:51Z</time>
        <cmt>speed: 0.0</cmt>
      </trkpt>
      <trkpt lat="33.884832" lon="-84.530408">
        <ele>352</ele>
        <time>2026-04-03T21:44:22Z</time>
        <cmt>speed: 0.1</cmt>
      </trkpt>
      <trkpt lat="33.885002" lon="-84.53096">
        <ele>316</ele>
        <time>2026-04-03T21:46:53Z</time>
        <cmt>speed: 0.2</cmt>
      </trkpt>
      <trkpt lat="33.884988" lon="-84.530861">
        <ele>272</ele>
        <time>2026-04-03T21:52:19Z</time>
        <cmt>speed: 0.4</cmt>
      </trkpt>
      <trkpt lat="33.885161" lon="-84.531177">
        <ele>266</ele>
        <time>2026-04-03T21:54:48Z</time>
        <cmt>speed: 1.2</cmt>
      </trkpt>
      <trkpt lat="33.884928" lon="-84.530974">
        <ele>332</ele>
        <time>2026-04-03T21:56:52Z</time>
        <cmt>speed: 0.0</cmt>
      </trkpt>
      <trkpt lat="33.885039" lon="-84.53096">
        <ele>277</ele>
        <time>2026-04-03T21:59:22Z</time>
        <cmt>speed: 0.0</cmt>
      </trkpt>
      <trkpt lat="33.885038" lon="-84.530752">
        <ele>269</ele>
        <time>2026-04-03T22:01:54Z</time>
        <cmt>speed: 0.4</cmt>
      </trkpt>
      <trkpt lat="33.885055" lon="-84.530671">
        <ele>270</ele>
        <time>2026-04-03T22:04:24Z</time>
        <cmt>speed: 0.0</cmt>
      </trkpt>
      <trkpt lat="33.885045" lon="-84.530746">
        <ele>304</ele>
        <time>2026-04-03T22:06:54Z</time>
        <cmt>speed: 0.5</cmt>
      </trkpt>
      <trkpt lat="33.884993" lon="-84.530806">
        <ele>307</ele>
        <time>2026-04-03T22:09:23Z</time>
        <cmt>speed: 0.0</cmt>
      </trkpt>
      <trkpt lat="33.885032" lon="-84.530888">
        <ele>303</ele>
        <time>2026-04-03T22:11:51Z</time>
        <cmt>speed: 0.1</cmt>
      </trkpt>
      <trkpt lat="33.885022" lon="-84.530681">
        <ele>303</ele>
        <time>2026-04-03T22:14:24Z</time>
        <cmt>speed: 0.9</cmt>
      </trkpt>
      <trkpt lat="33.885059" lon="-84.530698">
        <ele>314</ele>
        <time>2026-04-03T22:16:50Z</time>
        <cmt>speed: 0.0</cmt>
      </trkpt>
      <trkpt lat="33.884985" lon="-84.530725">
        <ele>314</ele>
        <time>2026-04-03T22:19:19Z</time>
        <cmt>speed: 0.0</cmt>
      </trkpt>
      <trkpt lat="33.885076" lon="-84.530489">
        <ele>347</ele>
        <time>2026-04-03T22:21:51Z</time>
        <cmt>speed: 0.0</cmt>
      </trkpt>
      <trkpt lat="33.885022" lon="-84.530734">
        <ele>311</ele>
        <time>2026-04-03T22:24:22Z</time>
        <cmt>speed: 0.3</cmt>
      </trkpt>
      <trkpt lat="33.884968" lon="-84.53069">
        <ele>314</ele>
        <time>2026-04-03T22:26:50Z</time>
        <cmt>speed: 0.0</cmt>
      </trkpt>
      <trkpt lat="33.884995" lon="-84.530661">
        <ele>296</ele>
        <time>2026-04-03T22:29:23Z</time>
        <cmt>speed: 0.0</cmt>
      </trkpt>
      <trkpt lat="33.885072" lon="-84.530493">
        <ele>353</ele>
        <time>2026-04-03T22:31:54Z</time>
        <cmt>speed: 0.0</cmt>
      </trkpt>
      <trkpt lat="33.884936" lon="-84.530686">
        <ele>298</ele>
        <time>2026-04-03T22:34:23Z</time>
        <cmt>speed: 0.2</cmt>
      </trkpt>
      <trkpt lat="33.885154" lon="-84.530577">
        <ele>315</ele>
        <time>2026-04-03T22:36:52Z</time>
        <cmt>speed: 0.0</cmt>
      </trkpt>
      <trkpt lat="33.885359" lon="-84.530627">
        <ele>269</ele>
        <time>2026-04-03T22:39:19Z</time>
        <cmt>speed: 0.0</cmt>
      </trkpt>
      <trkpt lat="33.885722" lon="-84.530437">
        <ele>334</ele>
        <time>2026-04-03T22:41:52Z</time>
        <cmt>speed: 0.2</cmt>
      </trkpt>
      <trkpt lat="33.885649" lon="-84.530457">
        <ele>313</ele>
        <time>2026-04-03T22:44:25Z</time>
        <cmt>speed: 0.0</cmt>
      </trkpt>
      <trkpt lat="33.885517" lon="-84.530421">
        <ele>308</ele>
        <time>2026-04-03T22:46:56Z</time>
        <cmt>speed: 0.0</cmt>
      </trkpt>
      <trkpt lat="33.885614" lon="-84.530326">
        <ele>307</ele>
        <time>2026-04-03T22:50:17Z</time>
        <cmt>speed: 0.1</cmt>
      </trkpt>
      <trkpt lat="33.88564" lon="-84.530351">
        <ele>310</ele>
        <time>2026-04-03T22:52:58Z</time>
        <cmt>speed: 0.3</cmt>
      </trkpt>
      <trkpt lat="33.88564" lon="-84.530351">
        <ele>310</ele>
        <time>2026-04-03T22:56:54Z</time>
      </trkpt>
      <trkpt lat="33.885536" lon="-84.530282">
        <ele>308</ele>
        <time>2026-04-03T22:58:26Z</time>
        <cmt>speed: 0.0</cmt>
      </trkpt>
      <trkpt lat="33.88548" lon="-84.530401">
        <ele>306</ele>
        <time>2026-04-03T23:00:49Z</time>
        <cmt>speed: 1.1</cmt>
      </trkpt>
      <trkpt lat="33.885643" lon="-84.530549">
        <ele>335</ele>
        <time>2026-04-03T23:03:16Z</time>
        <cmt>speed: 0.1</cmt>
      </trkpt>
      <trkpt lat="33.885643" lon="-84.530549">
        <ele>335</ele>
        <time>2026-04-03T23:06:54Z</time>
      </trkpt>
      <trkpt lat="33.885566" lon="-84.5304">
        <ele>316</ele>
        <time>2026-04-03T23:09:46Z</time>
        <cmt>speed: 0.1</cmt>
      </trkpt>
      <trkpt lat="33.88554" lon="-84.530406">
        <ele>313</ele>
        <time>2026-04-03T23:12:18Z</time>
        <cmt>speed: 0.8</cmt>
      </trkpt>
      <trkpt lat="33.88554" lon="-84.530406">
        <ele>313</ele>
        <time>2026-04-03T23:16:54Z</time>
      </trkpt>
      <trkpt lat="33.885603" lon="-84.530433">
        <ele>316</ele>
        <time>2026-04-03T23:17:38Z</time>
        <cmt>speed: 0.0</cmt>
      </trkpt>
      <trkpt lat="33.885611" lon="-84.530585">
        <ele>330</ele>
        <time>2026-04-03T23:20:07Z</time>
        <cmt>speed: 0.4</cmt>
      </trkpt>
      <trkpt lat="33.885506" lon="-84.530428">
        <ele>316</ele>
        <time>2026-04-03T23:22:39Z</time>
        <cmt>speed: 0.5</cmt>
      </trkpt>
      <trkpt lat="33.885563" lon="-84.530374">
        <ele>330</ele>
        <time>2026-04-03T23:25:10Z</time>
        <cmt>speed: 0.3</cmt>
      </trkpt>
      <trkpt lat="33.885569" lon="-84.530438">
        <ele>326</ele>
        <time>2026-04-03T23:27:44Z</time>
        <cmt>speed: 0.3</cmt>
      </trkpt>
      <trkpt lat="33.885593" lon="-84.530533">
        <ele>342</ele>
        <time>2026-04-03T23:30:08Z</time>
        <cmt>speed: 0.4</cmt>
      </trkpt>
      <trkpt lat="33.885629" lon="-84.530457">
        <ele>341</ele>
        <time>2026-04-03T23:32:40Z</time>
        <cmt>speed: 0.2</cmt>
      </trkpt>
      <trkpt lat="33.885551" lon="-84.53057">
        <ele>320</ele>
        <time>2026-04-03T23:35:08Z</time>
        <cmt>speed: 0.0</cmt>
      </trkpt>
      <trkpt lat="33.885537" lon="-84.530447">
        <ele>320</ele>
        <time>2026-04-03T23:37:36Z</time>
        <cmt>speed: 0.0</cmt>
      </trkpt>
      <trkpt lat="33.885642" lon="-84.530463">
        <ele>325</ele>
        <time>2026-04-03T23:40:06Z</time>
        <cmt>speed: 0.0</cmt>
      </trkpt>
      <trkpt lat="33.885516" lon="-84.530504">
        <ele>329</ele>
        <time>2026-04-03T23:43:08Z</time>
        <cmt>speed: 0.1</cmt>
      </trkpt>
      <trkpt lat="33.885303" lon="-84.530462">
        <ele>302</ele>
        <time>2026-04-03T23:45:38Z</time>
        <cmt>speed: 0.5</cmt>
      </trkpt>
      <trkpt lat="33.885023" lon="-84.53088">
        <ele>310</ele>
        <time>2026-04-03T23:48:09Z</time>
        <cmt>speed: 0.0</cmt>
      </trkpt>
      <trkpt lat="33.884946" lon="-84.5307">
        <ele>323</ele>
        <time>2026-04-03T23:50:40Z</time>
        <cmt>speed: 0.1</cmt>
      </trkpt>
      <trkpt lat="33.885032" lon="-84.530921">
        <ele>294</ele>
        <time>2026-04-03T23:53:08Z</time>
        <cmt>speed: 0.0</cmt>
      </trkpt>
      <trkpt lat="33.884964" lon="-84.530972">
        <ele>317</ele>
        <time>2026-04-03T23:55:38Z</time>
        <cmt>speed: 0.0</cmt>
      </trkpt>
      <trkpt lat="33.884868" lon="-84.53132">
        <ele>331</ele>
        <time>2026-04-03T23:58:12Z</time>
        <cmt>speed: 0.1</cmt>
      </trkpt>
      <trkpt lat="33.884897" lon="-84.531192">
        <ele>349</ele>
        <time>2026-04-04T00:00:42Z</time>
        <cmt>speed: 0.0</cmt>
      </trkpt>
      <trkpt lat="33.884702" lon="-84.531137">
        <ele>351</ele>
        <time>2026-04-04T00:03:19Z</time>
        <cmt>speed: 0.3</cmt>
      </trkpt>
      <trkpt lat="33.884905" lon="-84.531258">
        <ele>347</ele>
        <time>2026-04-04T00:05:46Z</time>
        <cmt>speed: 0.4</cmt>
      </trkpt>
      <trkpt lat="33.884945" lon="-84.531043">
        <ele>315</ele>
        <time>2026-04-04T00:08:10Z</time>
        <cmt>speed: 0.0</cmt>
      </trkpt>
      <trkpt lat="33.884965" lon="-84.530805">
        <ele>298</ele>
        <time>2026-04-04T00:10:36Z</time>
        <cmt>speed: 0.0</cmt>
      </trkpt>
      <trkpt lat="33.884966" lon="-84.530923">
        <ele>313</ele>
        <time>2026-04-04T00:13:06Z</time>
        <cmt>speed: 0.1</cmt>
      </trkpt>
      <trkpt lat="33.884964" lon="-84.530391">
        <ele>322</ele>
        <time>2026-04-04T00:15:37Z</time>
        <cmt>speed: 0.0</cmt>
      </trkpt>
      <trkpt lat="33.885088" lon="-84.530618">
        <ele>310</ele>
        <time>2026-04-04T00:18:08Z</time>
        <cmt>speed: 0.0</cmt>
      </trkpt>
      <trkpt lat="33.885096" lon="-84.530542">
        <ele>324</ele>
        <time>2026-04-04T00:20:37Z</time>
        <cmt>speed: 0.0</cmt>
      </trkpt>
      <trkpt lat="33.885069" lon="-84.530541">
        <ele>322</ele>
        <time>2026-04-04T00:23:08Z</time>
        <cmt>speed: 0.0</cmt>
      </trkpt>
      <trkpt lat="33.884969" lon="-84.530556">
        <ele>307</ele>
        <time>2026-04-04T00:25:36Z</time>
        <cmt>speed: 0.5</cmt>
      </trkpt>
      <trkpt lat="33.884783" lon="-84.531123">
        <ele>347</ele>
        <time>2026-04-04T00:28:07Z</time>
        <cmt>speed: 0.0</cmt>
      </trkpt>
      <trkpt lat="33.88482" lon="-84.530903">
        <ele>300</ele>
        <time>2026-04-04T00:30:38Z</time>
        <cmt>speed: 0.0</cmt>
      </trkpt>
      <trkpt lat="33.884745" lon="-84.531046">
        <ele>286</ele>
        <time>2026-04-04T00:33:07Z</time>
        <cmt>speed: 0.1</cmt>
      </trkpt>
      <trkpt lat="33.884415" lon="-84.530939">
        <ele>287</ele>
        <time>2026-04-04T00:35:37Z</time>
        <cmt>speed: 0.6</cmt>
      </trkpt>
      <trkpt lat="33.884149" lon="-84.53147">
        <ele>318</ele>
        <time>2026-04-04T00:38:07Z</time>
        <cmt>speed: 0.0</cmt>
      </trkpt>
      <trkpt lat="33.88445" lon="-84.531174">
        <ele>296</ele>
        <time>2026-04-04T00:40:36Z</time>
        <cmt>speed: 0.6</cmt>
      </trkpt>
      <trkpt lat="33.88458" lon="-84.531173">
        <ele>293</ele>
        <time>2026-04-04T00:43:06Z</time>
        <cmt>speed: 0.0</cmt>
      </trkpt>
      <trkpt lat="33.88456" lon="-84.531161">
        <ele>287</ele>
        <time>2026-04-04T00:45:39Z</time>
        <cmt>speed: 0.7</cmt>
      </trkpt>
      <trkpt lat="33.88462" lon="-84.53102">
        <ele>312</ele>
        <time>2026-04-04T00:48:07Z</time>
        <cmt>speed: 0.0</cmt>
      </trkpt>
      <trkpt lat="33.88465" lon="-84.531018">
        <ele>317</ele>
        <time>2026-04-04T00:50:37Z</time>
        <cmt>speed: 0.4</cmt>
      </trkpt>
      <trkpt lat="33.884807" lon="-84.530523">
        <ele>293</ele>
        <time>2026-04-04T00:53:07Z</time>
        <cmt>speed: 0.6</cmt>
      </trkpt>
      <trkpt lat="33.884687" lon="-84.530315">
        <ele>300</ele>
        <time>2026-04-04T00:55:38Z</time>
        <cmt>speed: 0.0</cmt>
      </trkpt>
      <trkpt lat="33.884751" lon="-84.53004">
        <ele>311</ele>
        <time>2026-04-04T00:58:08Z</time>
        <cmt>speed: 0.7</cmt>
      </trkpt>
      <trkpt lat="33.88484" lon="-84.530049">
        <ele>305</ele>
        <time>2026-04-04T01:00:38Z</time>
        <cmt>speed: 0.0</cmt>
      </trkpt>
      <trkpt lat="33.884878" lon="-84.530155">
        <ele>311</ele>
        <time>2026-04-04T01:03:09Z</time>
        <cmt>speed: 0.1</cmt>
      </trkpt>
      <trkpt lat="33.884922" lon="-84.530038">
        <ele>309</ele>
        <time>2026-04-04T01:05:37Z</time>
        <cmt>speed: 0.6</cmt>
      </trkpt>
      <trkpt lat="33.884828" lon="-84.529847">
        <ele>301</ele>
        <time>2026-04-04T01:08:08Z</time>
        <cmt>speed: 0.0</cmt>
      </trkpt>
      <trkpt lat="33.884452" lon="-84.529774">
        <ele>341</ele>
        <time>2026-04-04T01:10:39Z</time>
        <cmt>speed: 0.0</cmt>
      </trkpt>
      <trkpt lat="33.884515" lon="-84.53009">
        <ele>341</ele>
        <time>2026-04-04T01:13:06Z</time>
        <cmt>speed: 0.0</cmt>
      </trkpt>
      <trkpt lat="33.884612" lon="-84.5297">
        <ele>300</ele>
        <time>2026-04-04T01:15:36Z</time>
        <cmt>speed: 0.7</cmt>
      </trkpt>
      <trkpt lat="33.884313" lon="-84.529599">
        <ele>316</ele>
        <time>2026-04-04T01:18:09Z</time>
        <cmt>speed: 0.0</cmt>
      </trkpt>
      <trkpt lat="33.884154" lon="-84.529825">
        <ele>304</ele>
        <time>2026-04-04T01:20:38Z</time>
        <cmt>speed: 0.0</cmt>
      </trkpt>
      <trkpt lat="33.88409" lon="-84.52962">
        <ele>306</ele>
        <time>2026-04-04T01:23:08Z</time>
        <cmt>speed: 0.1</cmt>
      </trkpt>
      <trkpt lat="33.884187" lon="-84.529615">
        <ele>321</ele>
        <time>2026-04-04T01:25:37Z</time>
        <cmt>speed: 0.0</cmt>
      </trkpt>
      <trkpt lat="33.884008" lon="-84.529632">
        <ele>267</ele>
        <time>2026-04-04T01:28:08Z</time>
        <cmt>speed: 0.0</cmt>
      </trkpt>
      <trkpt lat="33.884098" lon="-84.52977">
        <ele>307</ele>
        <time>2026-04-04T01:30:38Z</time>
        <cmt>speed: 0.0</cmt>
      </trkpt>
      <trkpt lat="33.884018" lon="-84.529742">
        <ele>311</ele>
        <time>2026-04-04T01:33:07Z</time>
        <cmt>speed: 0.0</cmt>
      </trkpt>
      <trkpt lat="33.88428" lon="-84.529648">
        <ele>292</ele>
        <time>2026-04-04T01:35:39Z</time>
        <cmt>speed: 0.1</cmt>
      </trkpt>
      <trkpt lat="33.884211" lon="-84.52953">
        <ele>306</ele>
        <time>2026-04-04T01:38:10Z</time>
        <cmt>speed: 0.0</cmt>
      </trkpt>
      <trkpt lat="33.884439" lon="-84.529442">
        <ele>353</ele>
        <time>2026-04-04T01:40:38Z</time>
        <cmt>speed: 0.0</cmt>
      </trkpt>
      <trkpt lat="33.884333" lon="-84.529194">
        <ele>337</ele>
        <time>2026-04-04T01:43:08Z</time>
        <cmt>speed: 0.6</cmt>
      </trkpt>
      <trkpt lat="33.884381" lon="-84.528637">
        <ele>313</ele>
        <time>2026-04-04T01:45:39Z</time>
        <cmt>speed: 0.2</cmt>
      </trkpt>
      <trkpt lat="33.884081" lon="-84.528571">
        <ele>305</ele>
        <time>2026-04-04T01:48:08Z</time>
        <cmt>speed: 0.1</cmt>
      </trkpt>
      <trkpt lat="33.884061" lon="-84.52855">
        <ele>302</ele>
        <time>2026-04-04T01:50:39Z</time>
        <cmt>speed: 0.0</cmt>
      </trkpt>
      <trkpt lat="33.884024" lon="-84.52824">
        <ele>298</ele>
        <time>2026-04-04T01:53:12Z</time>
        <cmt>speed: 0.1</cmt>
      </trkpt>
      <trkpt lat="33.884285" lon="-84.52833">
        <ele>293</ele>
        <time>2026-04-04T01:55:38Z</time>
        <cmt>speed: 0.0</cmt>
      </trkpt>
      <trkpt lat="33.884478" lon="-84.528398">
        <ele>310</ele>
        <time>2026-04-04T01:58:08Z</time>
        <cmt>speed: 0.1</cmt>
      </trkpt>
      <trkpt lat="33.884339" lon="-84.528454">
        <ele>303</ele>
        <time>2026-04-04T02:00:40Z</time>
        <cmt>speed: 0.1</cmt>
      </trkpt>
      <trkpt lat="33.884289" lon="-84.528784">
        <ele>313</ele>
        <time>2026-04-04T02:03:08Z</time>
        <cmt>speed: 0.1</cmt>
      </trkpt>
      <trkpt lat="33.884245" lon="-84.528678">
        <ele>315</ele>
        <time>2026-04-04T02:04:25Z</time>
        <cmt>speed: 0.3</cmt>
      </trkpt>
      <trkpt lat="33.884306" lon="-84.528755">
        <ele>315</ele>
        <time>2026-04-04T02:04:29Z</time>
        <cmt>speed: 1.7</cmt>
      </trkpt>
      <trkpt lat="33.884327" lon="-84.528747">
        <ele>314</ele>
        <time>2026-04-04T02:04:33Z</time>
        <cmt>speed: 0.1</cmt>
      </trkpt>
      <trkpt lat="33.884357" lon="-84.528746">
        <ele>315</ele>
        <time>2026-04-04T02:04:37Z</time>
        <cmt>speed: 0.6</cmt>
      </trkpt>
      <trkpt lat="33.884372" lon="-84.528778">
        <ele>314</ele>
        <time>2026-04-04T02:04:41Z</time>
        <cmt>speed: 0.7</cmt>
      </trkpt>
      <trkpt lat="33.884379" lon="-84.528825">
        <ele>310</ele>
        <time>2026-04-04T02:04:45Z</time>
        <cmt>speed: 0.5</cmt>
      </trkpt>
      <trkpt lat="33.88437" lon="-84.528872">
        <ele>307</ele>
        <time>2026-04-04T02:04:49Z</time>
        <cmt>speed: 0.2</cmt>
      </trkpt>
      <trkpt lat="33.884371" lon="-84.528902">
        <ele>306</ele>
        <time>2026-04-04T02:04:53Z</time>
        <cmt>speed: 0.5</cmt>
      </trkpt>
      <trkpt lat="33.884367" lon="-84.528934">
        <ele>304</ele>
        <time>2026-04-04T02:04:57Z</time>
        <cmt>speed: 0.5</cmt>
      </trkpt>
      <trkpt lat="33.884363" lon="-84.528964">
        <ele>305</ele>
        <time>2026-04-04T02:05:01Z</time>
        <cmt>speed: 0.8</cmt>
      </trkpt>
      <trkpt lat="33.884366" lon="-84.528992">
        <ele>304</ele>
        <time>2026-04-04T02:05:05Z</time>
        <cmt>speed: 0.3</cmt>
      </trkpt>
      <trkpt lat="33.884365" lon="-84.529022">
        <ele>301</ele>
        <time>2026-04-04T02:05:09Z</time>
        <cmt>speed: 0.6</cmt>
      </trkpt>
      <trkpt lat="33.884365" lon="-84.529048">
        <ele>300</ele>
        <time>2026-04-04T02:05:13Z</time>
        <cmt>speed: 0.7</cmt>
      </trkpt>
      <trkpt lat="33.884369" lon="-84.529062">
        <ele>300</ele>
        <time>2026-04-04T02:05:17Z</time>
        <cmt>speed: 0.0</cmt>
      </trkpt>
      <trkpt lat="33.884375" lon="-84.529077">
        <ele>299</ele>
        <time>2026-04-04T02:05:21Z</time>
        <cmt>speed: 0.6</cmt>
      </trkpt>
      <trkpt lat="33.884394" lon="-84.529098">
        <ele>298</ele>
        <time>2026-04-04T02:05:25Z</time>
        <cmt>speed: 0.5</cmt>
      </trkpt>
      <trkpt lat="33.884421" lon="-84.529102">
        <ele>298</ele>
        <time>2026-04-04T02:05:29Z</time>
        <cmt>speed: 0.8</cmt>
      </trkpt>
      <trkpt lat="33.884461" lon="-84.529112">
        <ele>299</ele>
        <time>2026-04-04T02:05:33Z</time>
        <cmt>speed: 0.9</cmt>
      </trkpt>
      <trkpt lat="33.884505" lon="-84.529126">
        <ele>300</ele>
        <time>2026-04-04T02:05:37Z</time>
        <cmt>speed: 1.3</cmt>
      </trkpt>
      <trkpt lat="33.884513" lon="-84.529171">
        <ele>300</ele>
        <time>2026-04-04T02:05:41Z</time>
        <cmt>speed: 1.2</cmt>
      </trkpt>
      <trkpt lat="33.884514" lon="-84.529229">
        <ele>300</ele>
        <time>2026-04-04T02:05:45Z</time>
        <cmt>speed: 1.4</cmt>
      </trkpt>
      <trkpt lat="33.884515" lon="-84.529276">
        <ele>301</ele>
        <time>2026-04-04T02:05:49Z</time>
        <cmt>speed: 0.8</cmt>
      </trkpt>
      <trkpt lat="33.884517" lon="-84.529297">
        <ele>300</ele>
        <time>2026-04-04T02:05:53Z</time>
        <cmt>speed: 0.0</cmt>
      </trkpt>
      <trkpt lat="33.884517" lon="-84.529315">
        <ele>300</ele>
        <time>2026-04-04T02:05:57Z</time>
        <cmt>speed: 1.7</cmt>
      </trkpt>
      <trkpt lat="33.884527" lon="-84.529397">
        <ele>300</ele>
        <time>2026-04-04T02:06:01Z</time>
        <cmt>speed: 1.7</cmt>
      </trkpt>
      <trkpt lat="33.884556" lon="-84.529471">
        <ele>299</ele>
        <time>2026-04-04T02:06:05Z</time>
        <cmt>speed: 1.8</cmt>
      </trkpt>
      <trkpt lat="33.884576" lon="-84.529554">
        <ele>298</ele>
        <time>2026-04-04T02:06:09Z</time>
        <cmt>speed: 2.0</cmt>
      </trkpt>
      <trkpt lat="33.884578" lon="-84.529644">
        <ele>299</ele>
        <time>2026-04-04T02:06:13Z</time>
        <cmt>speed: 2.0</cmt>
      </trkpt>
      <trkpt lat="33.884576" lon="-84.529727">
        <ele>298</ele>
        <time>2026-04-04T02:06:17Z</time>
        <cmt>speed: 1.8</cmt>
      </trkpt>
      <trkpt lat="33.884587" lon="-84.529784">
        <ele>299</ele>
        <time>2026-04-04T02:06:21Z</time>
        <cmt>speed: 0.4</cmt>
      </trkpt>
      <trkpt lat="33.8846" lon="-84.529811">
        <ele>299</ele>
        <time>2026-04-04T02:06:25Z</time>
        <cmt>speed: 0.5</cmt>
      </trkpt>
      <trkpt lat="33.884598" lon="-84.529841">
        <ele>299</ele>
        <time>2026-04-04T02:06:29Z</time>
        <cmt>speed: 0.9</cmt>
      </trkpt>
      <trkpt lat="33.884596" lon="-84.529882">
        <ele>299</ele>
        <time>2026-04-04T02:06:33Z</time>
        <cmt>speed: 0.9</cmt>
      </trkpt>
      <trkpt lat="33.884596" lon="-84.529927">
        <ele>299</ele>
        <time>2026-04-04T02:06:37Z</time>
        <cmt>speed: 0.9</cmt>
      </trkpt>
      <trkpt lat="33.884594" lon="-84.529972">
        <ele>300</ele>
        <time>2026-04-04T02:06:41Z</time>
        <cmt>speed: 1.0</cmt>
      </trkpt>
      <trkpt lat="33.884588" lon="-84.530017">
        <ele>300</ele>
        <time>2026-04-04T02:06:45Z</time>
        <cmt>speed: 1.0</cmt>
      </trkpt>
      <trkpt lat="33.884585" lon="-84.530058">
        <ele>300</ele>
        <time>2026-04-04T02:06:49Z</time>
        <cmt>speed: 0.9</cmt>
      </trkpt>
      <trkpt lat="33.884596" lon="-84.530089">
        <ele>299</ele>
        <time>2026-04-04T02:06:53Z</time>
        <cmt>speed: 0.7</cmt>
      </trkpt>
      <trkpt lat="33.884625" lon="-84.530091">
        <ele>299</ele>
        <time>2026-04-04T02:06:57Z</time>
        <cmt>speed: 0.7</cmt>
      </trkpt>
      <trkpt lat="33.884634" lon="-84.530094">
        <ele>299</ele>
        <time>2026-04-04T02:07:01Z</time>
        <cmt>speed: 0.8</cmt>
      </trkpt>
      <trkpt lat="33.884662" lon="-84.530096">
        <ele>300</ele>
        <time>2026-04-04T02:07:05Z</time>
        <cmt>speed: 0.6</cmt>
      </trkpt>
      <trkpt lat="33.884679" lon="-84.530093">
        <ele>300</ele>
        <time>2026-04-04T02:07:09Z</time>
        <cmt>speed: 0.7</cmt>
      </trkpt>
      <trkpt lat="33.884707" lon="-84.530105">
        <ele>301</ele>
        <time>2026-04-04T02:07:13Z</time>
        <cmt>speed: 0.8</cmt>
      </trkpt>
      <trkpt lat="33.884715" lon="-84.530134">
        <ele>301</ele>
        <time>2026-04-04T02:07:17Z</time>
        <cmt>speed: 1.0</cmt>
      </trkpt>
      <trkpt lat="33.884717" lon="-84.530163">
        <ele>300</ele>
        <time>2026-04-04T02:07:21Z</time>
        <cmt>speed: 0.6</cmt>
      </trkpt>
      <trkpt lat="33.884713" lon="-84.530192">
        <ele>300</ele>
        <time>2026-04-04T02:07:25Z</time>
        <cmt>speed: 0.5</cmt>
      </trkpt>
      <trkpt lat="33.884705" lon="-84.530217">
        <ele>301</ele>
        <time>2026-04-04T02:07:29Z</time>
        <cmt>speed: 0.4</cmt>
      </trkpt>
      <trkpt lat="33.884703" lon="-84.530243">
        <ele>301</ele>
        <time>2026-04-04T02:07:33Z</time>
        <cmt>speed: 0.4</cmt>
      </trkpt>
      <trkpt lat="33.884692" lon="-84.530266">
        <ele>304</ele>
        <time>2026-04-04T02:07:37Z</time>
        <cmt>speed: 0.5</cmt>
      </trkpt>
      <trkpt lat="33.884706" lon="-84.530294">
        <ele>303</ele>
        <time>2026-04-04T02:07:41Z</time>
        <cmt>speed: 0.5</cmt>
      </trkpt>
      <trkpt lat="33.884717" lon="-84.530299">
        <ele>302</ele>
        <time>2026-04-04T02:07:45Z</time>
        <cmt>speed: 0.0</cmt>
      </trkpt>
      <trkpt lat="33.884726" lon="-84.530304">
        <ele>302</ele>
        <time>2026-04-04T02:07:49Z</time>
        <cmt>speed: 0.7</cmt>
      </trkpt>
      <trkpt lat="33.884754" lon="-84.530314">
        <ele>302</ele>
        <time>2026-04-04T02:07:53Z</time>
        <cmt>speed: 0.8</cmt>
      </trkpt>
      <trkpt lat="33.884773" lon="-84.530344">
        <ele>302</ele>
        <time>2026-04-04T02:07:57Z</time>
        <cmt>speed: 0.5</cmt>
      </trkpt>
      <trkpt lat="33.884789" lon="-84.530374">
        <ele>304</ele>
        <time>2026-04-04T02:08:01Z</time>
        <cmt>speed: 0.8</cmt>
      </trkpt>
      <trkpt lat="33.884796" lon="-84.530406">
        <ele>305</ele>
        <time>2026-04-04T02:08:05Z</time>
        <cmt>speed: 0.7</cmt>
      </trkpt>
      <trkpt lat="33.884802" lon="-84.530442">
        <ele>305</ele>
        <time>2026-04-04T02:08:09Z</time>
        <cmt>speed: 0.8</cmt>
      </trkpt>
      <trkpt lat="33.884822" lon="-84.53047">
        <ele>306</ele>
        <time>2026-04-04T02:08:13Z</time>
        <cmt>speed: 0.7</cmt>
      </trkpt>
      <trkpt lat="33.884848" lon="-84.530498">
        <ele>308</ele>
        <time>2026-04-04T02:08:17Z</time>
        <cmt>speed: 0.9</cmt>
      </trkpt>
      <trkpt lat="33.884878" lon="-84.530522">
        <ele>308</ele>
        <time>2026-04-04T02:08:21Z</time>
        <cmt>speed: 0.8</cmt>
      </trkpt>
      <trkpt lat="33.884901" lon="-84.530539">
        <ele>307</ele>
        <time>2026-04-04T02:08:25Z</time>
        <cmt>speed: 0.5</cmt>
      </trkpt>
      <trkpt lat="33.884923" lon="-84.530553">
        <ele>307</ele>
        <time>2026-04-04T02:08:29Z</time>
        <cmt>speed: 1.0</cmt>
      </trkpt>
      <trkpt lat="33.884946" lon="-84.530555">
        <ele>306</ele>
        <time>2026-04-04T02:08:33Z</time>
        <cmt>speed: 0.8</cmt>
      </trkpt>
      <trkpt lat="33.884969" lon="-84.530571">
        <ele>306</ele>
        <time>2026-04-04T02:08:37Z</time>
        <cmt>speed: 0.3</cmt>
      </trkpt>
      <trkpt lat="33.884976" lon="-84.530587">
        <ele>305</ele>
        <time>2026-04-04T02:08:41Z</time>
        <cmt>speed: 0.6</cmt>
      </trkpt>
      <trkpt lat="33.884981" lon="-84.530606">
        <ele>305</ele>
        <time>2026-04-04T02:08:45Z</time>
        <cmt>speed: 0.3</cmt>
      </trkpt>
      <trkpt lat="33.884982" lon="-84.530627">
        <ele>303</ele>
        <time>2026-04-04T02:08:49Z</time>
        <cmt>speed: 0.1</cmt>
      </trkpt>
      <trkpt lat="33.884996" lon="-84.530643">
        <ele>304</ele>
        <time>2026-04-04T02:08:53Z</time>
        <cmt>speed: 0.6</cmt>
      </trkpt>
      <trkpt lat="33.885002" lon="-84.530659">
        <ele>302</ele>
        <time>2026-04-04T02:08:57Z</time>
        <cmt>speed: 0.8</cmt>
      </trkpt>
      <trkpt lat="33.885007" lon="-84.530685">
        <ele>301</ele>
        <time>2026-04-04T02:09:01Z</time>
        <cmt>speed: 0.5</cmt>
      </trkpt>
      <trkpt lat="33.885013" lon="-84.530694">
        <ele>300</ele>
        <time>2026-04-04T02:09:05Z</time>
        <cmt>speed: 0.1</cmt>
      </trkpt>
      <trkpt lat="33.885024" lon="-84.530695">
        <ele>301</ele>
        <time>2026-04-04T02:09:09Z</time>
        <cmt>speed: 0.1</cmt>
      </trkpt>
      <trkpt lat="33.885023" lon="-84.530697">
        <ele>299</ele>
        <time>2026-04-04T02:09:13Z</time>
        <cmt>speed: 0.2</cmt>
      </trkpt>
      <trkpt lat="33.885025" lon="-84.530696">
        <ele>299</ele>
        <time>2026-04-04T02:09:17Z</time>
        <cmt>speed: 0.2</cmt>
      </trkpt>
      <trkpt lat="33.885029" lon="-84.530702">
        <ele>299</ele>
        <time>2026-04-04T02:09:21Z</time>
        <cmt>speed: 0.3</cmt>
      </trkpt>
      <trkpt lat="33.885026" lon="-84.530708">
        <ele>299</ele>
        <time>2026-04-04T02:09:25Z</time>
        <cmt>speed: 0.1</cmt>
      </trkpt>
      <trkpt lat="33.885025" lon="-84.530719">
        <ele>299</ele>
        <time>2026-04-04T02:09:29Z</time>
        <cmt>speed: 0.6</cmt>
      </trkpt>
      <trkpt lat="33.885024" lon="-84.530732">
        <ele>301</ele>
        <time>2026-04-04T02:09:33Z</time>
        <cmt>speed: 0.3</cmt>
      </trkpt>
      <trkpt lat="33.885024" lon="-84.530745">
        <ele>301</ele>
        <time>2026-04-04T02:09:37Z</time>
        <cmt>speed: 0.4</cmt>
      </trkpt>
      <trkpt lat="33.885024" lon="-84.530756">
        <ele>300</ele>
        <time>2026-04-04T02:09:41Z</time>
        <cmt>speed: 0.2</cmt>
      </trkpt>
      <trkpt lat="33.885034" lon="-84.53078">
        <ele>300</ele>
        <time>2026-04-04T02:09:45Z</time>
        <cmt>speed: 0.3</cmt>
      </trkpt>
      <trkpt lat="33.885039" lon="-84.530784">
        <ele>299</ele>
        <time>2026-04-04T02:09:49Z</time>
        <cmt>speed: 0.3</cmt>
      </trkpt>
      <trkpt lat="33.885031" lon="-84.530793">
        <ele>300</ele>
        <time>2026-04-04T02:09:53Z</time>
        <cmt>speed: 0.4</cmt>
      </trkpt>
      <trkpt lat="33.885031" lon="-84.530791">
        <ele>300</ele>
        <time>2026-04-04T02:09:57Z</time>
        <cmt>speed: 0.8</cmt>
      </trkpt>
      <trkpt lat="33.88503" lon="-84.530791">
        <ele>299</ele>
        <time>2026-04-04T02:10:01Z</time>
        <cmt>speed: 0.3</cmt>
      </trkpt>
      <trkpt lat="33.885032" lon="-84.530782">
        <ele>302</ele>
        <time>2026-04-04T02:10:06Z</time>
        <cmt>speed: 0.1</cmt>
      </trkpt>
      <trkpt lat="33.885006" lon="-84.530768">
        <ele>312</ele>
        <time>2026-04-04T02:12:42Z</time>
        <cmt>speed: 0.0</cmt>
      </trkpt>
      <trkpt lat="33.884973" lon="-84.530732">
        <ele>307</ele>
        <time>2026-04-04T02:15:13Z</time>
        <cmt>speed: 0.0</cmt>
      </trkpt>
      <trkpt lat="33.884969" lon="-84.530831">
        <ele>314</ele>
        <time>2026-04-04T02:17:41Z</time>
        <cmt>speed: 0.0</cmt>
      </trkpt>
      <trkpt lat="33.884958" lon="-84.530722">
        <ele>299</ele>
        <time>2026-04-04T02:20:14Z</time>
        <cmt>speed: 0.1</cmt>
      </trkpt>
      <trkpt lat="33.884995" lon="-84.530849">
        <ele>301</ele>
        <time>2026-04-04T02:22:43Z</time>
        <cmt>speed: 0.0</cmt>
      </trkpt>
      <trkpt lat="33.884838" lon="-84.530812">
        <ele>299</ele>
        <time>2026-04-04T02:25:10Z</time>
        <cmt>speed: 0.1</cmt>
      </trkpt>
      <trkpt lat="33.884944" lon="-84.530778">
        <ele>285</ele>
        <time>2026-04-04T02:27:53Z</time>
        <cmt>speed: 0.0</cmt>
      </trkpt>
      <trkpt lat="33.88501" lon="-84.530824">
        <ele>313</ele>
        <time>2026-04-04T02:30:14Z</time>
        <cmt>speed: 0.1</cmt>
      </trkpt>
      <trkpt lat="33.884965" lon="-84.530699">
        <ele>310</ele>
        <time>2026-04-04T02:32:41Z</time>
        <cmt>speed: 0.1</cmt>
      </trkpt>
      <trkpt lat="33.884982" lon="-84.53067">
        <ele>309</ele>
        <time>2026-04-04T02:35:18Z</time>
        <cmt>speed: 0.0</cmt>
      </trkpt>
      <trkpt lat="33.884969" lon="-84.530909">
        <ele>296</ele>
        <time>2026-04-04T02:37:43Z</time>
        <cmt>speed: 0.4</cmt>
      </trkpt>
      <trkpt lat="33.88496" lon="-84.530747">
        <ele>298</ele>
        <time>2026-04-04T02:40:12Z</time>
        <cmt>speed: 0.1</cmt>
      </trkpt>
      <trkpt lat="33.884966" lon="-84.530812">
        <ele>299</ele>
        <time>2026-04-04T02:42:43Z</time>
        <cmt>speed: 0.0</cmt>
      </trkpt>
      <trkpt lat="33.884966" lon="-84.530812">
        <ele>299</ele>
        <time>2026-04-04T02:45:15Z</time>
      </trkpt>
      <trkpt lat="33.885001" lon="-84.530851">
        <ele>295</ele>
        <time>2026-04-04T02:47:10Z</time>
        <cmt>speed: 0.0</cmt>
      </trkpt>
      <trkpt lat="33.885038" lon="-84.530748">
        <ele>298</ele>
        <time>2026-04-04T02:49:11Z</time>
        <cmt>speed: 0.0</cmt>
      </trkpt>
      <trkpt lat="33.88499" lon="-84.530802">
        <ele>295</ele>
        <time>2026-04-04T02:51:40Z</time>
        <cmt>speed: 1.5</cmt>
      </trkpt>
      <trkpt lat="33.88488" lon="-84.530685">
        <ele>309</ele>
        <time>2026-04-04T02:54:14Z</time>
        <cmt>speed: 0.3</cmt>
      </trkpt>
      <trkpt lat="33.88488" lon="-84.530825">
        <ele>299</ele>
        <time>2026-04-04T02:56:43Z</time>
        <cmt>speed: 0.1</cmt>
      </trkpt>
      <trkpt lat="33.884996" lon="-84.530758">
        <ele>268</ele>
        <time>2026-04-04T02:58:53Z</time>
        <cmt>speed: 0.0</cmt>
      </trkpt>
      <trkpt lat="33.884896" lon="-84.530674">
        <ele>298</ele>
        <time>2026-04-04T02:59:14Z</time>
        <cmt>speed: 0.4</cmt>
      </trkpt>
      <trkpt lat="33.884935" lon="-84.53071">
        <ele>311</ele>
        <time>2026-04-04T03:02:03Z</time>
        <cmt>speed: 0.5</cmt>
      </trkpt>
      <trkpt lat="33.884935" lon="-84.53071">
        <ele>311</ele>
        <time>2026-04-04T03:06:40Z</time>
      </trkpt>
      <trkpt lat="33.884894" lon="-84.530736">
        <ele>302</ele>
        <time>2026-04-04T03:08:25Z</time>
        <cmt>speed: 0.0</cmt>
      </trkpt>
      <trkpt lat="33.884928" lon="-84.530866">
        <ele>282</ele>
        <time>2026-04-04T03:11:00Z</time>
        <cmt>speed: 0.3</cmt>
      </trkpt>
      <trkpt lat="33.884928" lon="-84.530866">
        <ele>282</ele>
        <time>2026-04-04T03:16:40Z</time>
      </trkpt>
      <trkpt lat="33.884945" lon="-84.530702">
        <ele>303</ele>
        <time>2026-04-04T03:27:32Z</time>
        <cmt>speed: 0.1</cmt>
      </trkpt>
      <trkpt lat="33.884945" lon="-84.530804">
        <ele>300</ele>
        <time>2026-04-04T03:30:02Z</time>
        <cmt>speed: 0.4</cmt>
      </trkpt>
      <trkpt lat="33.884945" lon="-84.530804">
        <ele>300</ele>
        <time>2026-04-04T03:32:06Z</time>
      </trkpt>
      <trkpt lat="33.884977" lon="-84.530642">
        <ele>320</ele>
        <time>2026-04-04T03:33:47Z</time>
        <cmt>speed: 0.1</cmt>
      </trkpt>
      <trkpt lat="33.884977" lon="-84.530642">
        <ele>320</ele>
        <time>2026-04-04T03:42:06Z</time>
      </trkpt>
      <trkpt lat="33.884934" lon="-84.530733">
        <ele>318</ele>
        <time>2026-04-04T03:54:47Z</time>
        <cmt>speed: 0.0</cmt>
      </trkpt>
      <trkpt lat="33.884892" lon="-84.530687">
        <ele>320</ele>
        <time>2026-04-04T03:56:53Z</time>
        <cmt>speed: 0.0</cmt>
      </trkpt>
      <trkpt lat="33.884892" lon="-84.530687">
        <ele>320</ele>
        <time>2026-04-04T04:04:44Z</time>
      </trkpt>
      <trkpt lat="33.884922" lon="-84.530736">
        <ele>297</ele>
        <time>2026-04-04T04:21:05Z</time>
        <cmt>speed: 0.0</cmt>
      </trkpt>
      <trkpt lat="33.884939" lon="-84.530756">
        <ele>280</ele>
        <time>2026-04-04T04:30:25Z</time>
        <cmt>speed: 0.0</cmt>
      </trkpt>
      <trkpt lat="33.884926" lon="-84.530747">
        <ele>310</ele>
        <time>2026-04-04T04:32:56Z</time>
        <cmt>speed: 0.3</cmt>
      </trkpt>
      <trkpt lat="33.884957" lon="-84.53077">
        <ele>302</ele>
        <time>2026-04-04T04:39:26Z</time>
        <cmt>speed: 0.0</cmt>
      </trkpt>
      <trkpt lat="33.88495" lon="-84.530766">
        <ele>310</ele>
        <time>2026-04-04T04:58:05Z</time>
        <cmt>speed: 0.0</cmt>
      </trkpt>
      <trkpt lat="33.884945" lon="-84.53073">
        <ele>323</ele>
        <time>2026-04-04T05:00:35Z</time>
        <cmt>speed: 0.0</cmt>
      </trkpt>
      <trkpt lat="33.884957" lon="-84.530737">
        <ele>299</ele>
        <time>2026-04-04T05:03:04Z</time>
        <cmt>speed: 0.0</cmt>
      </trkpt>
      <trkpt lat="33.885021" lon="-84.530743">
        <ele>291</ele>
        <time>2026-04-04T05:06:54Z</time>
        <cmt>speed: 0.0</cmt>
      </trkpt>
      <trkpt lat="33.884987" lon="-84.53072">
        <ele>294</ele>
        <time>2026-04-04T05:14:50Z</time>
        <cmt>speed: 0.1</cmt>
      </trkpt>
      <trkpt lat="33.88497" lon="-84.530877">
        <ele>291</ele>
        <time>2026-04-04T05:17:25Z</time>
        <cmt>speed: 0.2</cmt>
      </trkpt>
      <trkpt lat="33.88497" lon="-84.530877">
        <ele>291</ele>
        <time>2026-04-04T05:18:02Z</time>
      </trkpt>
      <trkpt lat="33.884943" lon="-84.530664">
        <ele>300</ele>
        <time>2026-04-04T05:19:57Z</time>
        <cmt>speed: 0.1</cmt>
      </trkpt>
      <trkpt lat="33.884943" lon="-84.530664">
        <ele>300</ele>
        <time>2026-04-04T05:28:02Z</time>
      </trkpt>
      <trkpt lat="33.884915" lon="-84.530679">
        <ele>309</ele>
        <time>2026-04-04T05:30:28Z</time>
        <cmt>speed: 0.4</cmt>
      </trkpt>
      <trkpt lat="33.884915" lon="-84.530679">
        <ele>309</ele>
        <time>2026-04-04T05:38:02Z</time>
      </trkpt>
      <trkpt lat="33.884801" lon="-84.530708">
        <ele>331</ele>
        <time>2026-04-04T05:39:36Z</time>
        <cmt>speed: 0.0</cmt>
      </trkpt>
      <trkpt lat="33.884922" lon="-84.53072">
        <ele>302</ele>
        <time>2026-04-04T05:41:52Z</time>
        <cmt>speed: 0.3</cmt>
      </trkpt>
      <trkpt lat="33.884922" lon="-84.53072">
        <ele>302</ele>
        <time>2026-04-04T05:48:02Z</time>
      </trkpt>
      <trkpt lat="33.884959" lon="-84.530718">
        <ele>324</ele>
        <time>2026-04-04T06:00:16Z</time>
        <cmt>speed: 0.5</cmt>
      </trkpt>
      <trkpt lat="33.884885" lon="-84.530642">
        <ele>319</ele>
        <time>2026-04-04T06:02:45Z</time>
        <cmt>speed: 0.1</cmt>
      </trkpt>
      <trkpt lat="33.884951" lon="-84.530747">
        <ele>287</ele>
        <time>2026-04-04T06:14:44Z</time>
        <cmt>speed: 0.0</cmt>
      </trkpt>
      <trkpt lat="33.884934" lon="-84.53063">
        <ele>300</ele>
        <time>2026-04-04T06:19:50Z</time>
        <cmt>speed: 0.0</cmt>
      </trkpt>
      <trkpt lat="33.884913" lon="-84.530526">
        <ele>309</ele>
        <time>2026-04-04T06:23:14Z</time>
        <cmt>speed: 0.3</cmt>
      </trkpt>
      <trkpt lat="33.884913" lon="-84.530526">
        <ele>309</ele>
        <time>2026-04-04T06:30:32Z</time>
      </trkpt>
      <trkpt lat="33.884731" lon="-84.530839">
        <ele>274</ele>
        <time>2026-04-04T06:32:13Z</time>
        <cmt>speed: 0.4</cmt>
      </trkpt>
      <trkpt lat="33.884731" lon="-84.530839">
        <ele>274</ele>
        <time>2026-04-04T06:40:32Z</time>
      </trkpt>
      <trkpt lat="33.88497" lon="-84.530706">
        <ele>305</ele>
        <time>2026-04-04T06:57:54Z</time>
        <cmt>speed: 0.3</cmt>
      </trkpt>
      <trkpt lat="33.884962" lon="-84.530619">
        <ele>349</ele>
        <time>2026-04-04T07:00:54Z</time>
        <cmt>speed: 2.3</cmt>
      </trkpt>
      <trkpt lat="33.884918" lon="-84.530772">
        <ele>301</ele>
        <time>2026-04-04T07:02:59Z</time>
        <cmt>speed: 0.1</cmt>
      </trkpt>
      <trkpt lat="33.884932" lon="-84.530616">
        <ele>305</ele>
        <time>2026-04-04T07:05:38Z</time>
        <cmt>speed: 0.1</cmt>
      </trkpt>
      <trkpt lat="33.884932" lon="-84.530616">
        <ele>305</ele>
        <time>2026-04-04T07:07:51Z</time>
      </trkpt>
      <trkpt lat="33.884947" lon="-84.530732">
        <ele>297</ele>
        <time>2026-04-04T07:09:39Z</time>
        <cmt>speed: 0.1</cmt>
      </trkpt>
      <trkpt lat="33.885007" lon="-84.530806">
        <ele>274</ele>
        <time>2026-04-04T07:16:36Z</time>
        <cmt>speed: 0.5</cmt>
      </trkpt>
      <trkpt lat="33.884855" lon="-84.530819">
        <ele>299</ele>
        <time>2026-04-04T07:19:55Z</time>
        <cmt>speed: 0.0</cmt>
      </trkpt>
      <trkpt lat="33.884719" lon="-84.530791">
        <ele>316</ele>
        <time>2026-04-04T07:26:10Z</time>
        <cmt>speed: 0.6</cmt>
      </trkpt>
      <trkpt lat="33.884932" lon="-84.530714">
        <ele>309</ele>
        <time>2026-04-04T07:28:26Z</time>
        <cmt>speed: 0.4</cmt>
      </trkpt>
      <trkpt lat="33.884914" lon="-84.530793">
        <ele>302</ele>
        <time>2026-04-04T07:37:48Z</time>
        <cmt>speed: 0.3</cmt>
      </trkpt>
      <trkpt lat="33.884902" lon="-84.530715">
        <ele>291</ele>
        <time>2026-04-04T07:53:10Z</time>
        <cmt>speed: 0.0</cmt>
      </trkpt>
      <trkpt lat="33.885076" lon="-84.530797">
        <ele>306</ele>
        <time>2026-04-04T07:55:39Z</time>
        <cmt>speed: 0.0</cmt>
      </trkpt>
      <trkpt lat="33.885076" lon="-84.530797">
        <ele>306</ele>
        <time>2026-04-04T07:58:23Z</time>
      </trkpt>
      <trkpt lat="33.885076" lon="-84.530797">
        <ele>306</ele>
        <time>2026-04-04T08:58:23Z</time>
      </trkpt>
      <trkpt lat="33.885076" lon="-84.530797">
        <ele>306</ele>
        <time>2026-04-04T09:58:23Z</time>
      </trkpt>
      <trkpt lat="33.884996" lon="-84.530743">
        <ele>311</ele>
        <time>2026-04-04T10:33:52Z</time>
        <cmt>speed: 0.2</cmt>
      </trkpt>
      <trkpt lat="33.884988" lon="-84.53077">
        <ele>270</ele>
        <time>2026-04-04T10:34:17Z</time>
        <cmt>speed: 0.0</cmt>
      </trkpt>
      <trkpt lat="33.885067" lon="-84.530797">
        <ele>317</ele>
        <time>2026-04-04T10:47:10Z</time>
        <cmt>speed: 0.0</cmt>
      </trkpt>
      <trkpt lat="33.88498" lon="-84.530768">
        <ele>268</ele>
        <time>2026-04-04T10:47:28Z</time>
        <cmt>speed: 0.0</cmt>
      </trkpt>
      <trkpt lat="33.88498" lon="-84.530768">
        <ele>268</ele>
        <time>2026-04-04T10:47:28Z</time>
        <cmt>speed: 0.0</cmt>
      </trkpt>
      <trkpt lat="33.88498" lon="-84.530768">
        <ele>268</ele>
        <time>2026-04-04T10:47:28Z</time>
        <cmt>speed: 0.0</cmt>
      </trkpt>
      <trkpt lat="33.88502" lon="-84.530823">
        <ele>300</ele>
        <time>2026-04-04T10:49:38Z</time>
        <cmt>speed: 0.0</cmt>
      </trkpt>
      <trkpt lat="33.88502" lon="-84.530823">
        <ele>300</ele>
        <time>2026-04-04T10:50:53Z</time>
      </trkpt>
      <trkpt lat="33.885019" lon="-84.530799">
        <ele>308</ele>
        <time>2026-04-04T10:59:33Z</time>
        <cmt>speed: 1.2</cmt>
      </trkpt>
      <trkpt lat="33.884867" lon="-84.530927">
        <ele>314</ele>
        <time>2026-04-04T11:02:01Z</time>
        <cmt>speed: 0.0</cmt>
      </trkpt>
      <trkpt lat="33.884758" lon="-84.530892">
        <ele>274</ele>
        <time>2026-04-04T11:04:33Z</time>
        <cmt>speed: 0.0</cmt>
      </trkpt>
      <trkpt lat="33.884967" lon="-84.530528">
        <ele>332</ele>
        <time>2026-04-04T11:06:58Z</time>
        <cmt>speed: 0.1</cmt>
      </trkpt>
      <trkpt lat="33.885196" lon="-84.530945">
        <ele>297</ele>
        <time>2026-04-04T11:09:29Z</time>
        <cmt>speed: 0.0</cmt>
      </trkpt>
      <trkpt lat="33.884829" lon="-84.530577">
        <ele>319</ele>
        <time>2026-04-04T11:11:58Z</time>
        <cmt>speed: 0.0</cmt>
      </trkpt>
      <trkpt lat="33.885172" lon="-84.530478">
        <ele>271</ele>
        <time>2026-04-04T11:14:30Z</time>
        <cmt>speed: 0.1</cmt>
      </trkpt>
      <trkpt lat="33.884981" lon="-84.530021">
        <ele>333</ele>
        <time>2026-04-04T11:17:11Z</time>
        <cmt>speed: 0.1</cmt>
      </trkpt>
      <trkpt lat="33.885254" lon="-84.530726">
        <ele>298</ele>
        <time>2026-04-04T11:19:30Z</time>
        <cmt>speed: 0.3</cmt>
      </trkpt>
      <trkpt lat="33.885517" lon="-84.530724">
        <ele>309</ele>
        <time>2026-04-04T11:21:58Z</time>
        <cmt>speed: 1.1</cmt>
      </trkpt>
      <trkpt lat="33.88559" lon="-84.530738">
        <ele>265</ele>
        <time>2026-04-04T11:24:33Z</time>
        <cmt>speed: 0.1</cmt>
      </trkpt>
      <trkpt lat="33.885786" lon="-84.530899">
        <ele>298</ele>
        <time>2026-04-04T11:27:01Z</time>
        <cmt>speed: 0.0</cmt>
      </trkpt>
      <trkpt lat="33.885469" lon="-84.531254">
        <ele>328</ele>
        <time>2026-04-04T11:29:30Z</time>
        <cmt>speed: 0.5</cmt>
      </trkpt>
      <trkpt lat="33.885525" lon="-84.531038">
        <ele>306</ele>
        <time>2026-04-04T11:31:58Z</time>
        <cmt>speed: 0.1</cmt>
      </trkpt>
      <trkpt lat="33.885101" lon="-84.530522">
        <ele>312</ele>
        <time>2026-04-04T11:34:29Z</time>
        <cmt>speed: 0.8</cmt>
      </trkpt>
      <trkpt lat="33.884961" lon="-84.530813">
        <ele>307</ele>
        <time>2026-04-04T11:37:00Z</time>
        <cmt>speed: 0.0</cmt>
      </trkpt>
      <trkpt lat="33.884978" lon="-84.530812">
        <ele>302</ele>
        <time>2026-04-04T11:39:32Z</time>
        <cmt>speed: 0.2</cmt>
      </trkpt>
      <trkpt lat="33.884749" lon="-84.530863">
        <ele>309</ele>
        <time>2026-04-04T11:42:03Z</time>
        <cmt>speed: 0.0</cmt>
      </trkpt>
      <trkpt lat="33.884815" lon="-84.530914">
        <ele>306</ele>
        <time>2026-04-04T11:44:30Z</time>
        <cmt>speed: 0.0</cmt>
      </trkpt>
      <trkpt lat="33.884773" lon="-84.530934">
        <ele>314</ele>
        <time>2026-04-04T11:47:00Z</time>
        <cmt>speed: 0.0</cmt>
      </trkpt>
      <trkpt lat="33.88479" lon="-84.530984">
        <ele>316</ele>
        <time>2026-04-04T11:49:32Z</time>
        <cmt>speed: 0.0</cmt>
      </trkpt>
      <trkpt lat="33.884915" lon="-84.531054">
        <ele>283</ele>
        <time>2026-04-04T11:52:01Z</time>
        <cmt>speed: 0.0</cmt>
      </trkpt>
      <trkpt lat="33.884728" lon="-84.531065">
        <ele>294</ele>
        <time>2026-04-04T11:54:33Z</time>
        <cmt>speed: 0.0</cmt>
      </trkpt>
      <trkpt lat="33.884984" lon="-84.531082">
        <ele>286</ele>
        <time>2026-04-04T11:57:00Z</time>
        <cmt>speed: 0.0</cmt>
      </trkpt>
      <trkpt lat="33.884943" lon="-84.53097">
        <ele>308</ele>
        <time>2026-04-04T11:59:30Z</time>
        <cmt>speed: 0.0</cmt>
      </trkpt>
      <trkpt lat="33.88502" lon="-84.531035">
        <ele>285</ele>
        <time>2026-04-04T12:02:01Z</time>
        <cmt>speed: 0.1</cmt>
      </trkpt>
      <trkpt lat="33.884978" lon="-84.531192">
        <ele>290</ele>
        <time>2026-04-04T12:04:37Z</time>
        <cmt>speed: 0.7</cmt>
      </trkpt>
      <trkpt lat="33.885024" lon="-84.531157">
        <ele>285</ele>
        <time>2026-04-04T12:07:00Z</time>
        <cmt>speed: 0.0</cmt>
      </trkpt>
      <trkpt lat="33.88493" lon="-84.53107">
        <ele>261</ele>
        <time>2026-04-04T12:10:05Z</time>
        <cmt>speed: 0.8</cmt>
      </trkpt>
      <trkpt lat="33.885159" lon="-84.530973">
        <ele>279</ele>
        <time>2026-04-04T12:12:36Z</time>
        <cmt>speed: 0.1</cmt>
      </trkpt>
      <trkpt lat="33.884953" lon="-84.530806">
        <ele>306</ele>
        <time>2026-04-04T12:15:07Z</time>
        <cmt>speed: 0.4</cmt>
      </trkpt>
      <trkpt lat="33.884953" lon="-84.530806">
        <ele>306</ele>
        <time>2026-04-04T12:17:05Z</time>
      </trkpt>
      <trkpt lat="33.884928" lon="-84.531054">
        <ele>278</ele>
        <time>2026-04-04T12:17:42Z</time>
        <cmt>speed: 0.1</cmt>
      </trkpt>
      <trkpt lat="33.884981" lon="-84.531063">
        <ele>288</ele>
        <time>2026-04-04T12:20:10Z</time>
        <cmt>speed: 0.0</cmt>
      </trkpt>
      <trkpt lat="33.885004" lon="-84.531008">
        <ele>314</ele>
        <time>2026-04-04T12:22:43Z</time>
        <cmt>speed: 0.0</cmt>
      </trkpt>
      <trkpt lat="33.885011" lon="-84.531076">
        <ele>291</ele>
        <time>2026-04-04T12:25:18Z</time>
        <cmt>speed: 0.7</cmt>
      </trkpt>
      <trkpt lat="33.88508" lon="-84.530996">
        <ele>337</ele>
        <time>2026-04-04T12:27:43Z</time>
        <cmt>speed: 0.0</cmt>
      </trkpt>
      <trkpt lat="33.884923" lon="-84.531046">
        <ele>291</ele>
        <time>2026-04-04T12:30:13Z</time>
        <cmt>speed: 0.1</cmt>
      </trkpt>
      <trkpt lat="33.885142" lon="-84.531056">
        <ele>326</ele>
        <time>2026-04-04T12:32:42Z</time>
        <cmt>speed: 0.0</cmt>
      </trkpt>
      <trkpt lat="33.884903" lon="-84.531058">
        <ele>277</ele>
        <time>2026-04-04T12:35:12Z</time>
        <cmt>speed: 0.0</cmt>
      </trkpt>
      <trkpt lat="33.884892" lon="-84.531007">
        <ele>296</ele>
        <time>2026-04-04T12:37:44Z</time>
        <cmt>speed: 0.0</cmt>
      </trkpt>
      <trkpt lat="33.884871" lon="-84.531116">
        <ele>293</ele>
        <time>2026-04-04T12:40:11Z</time>
        <cmt>speed: 0.0</cmt>
      </trkpt>
      <trkpt lat="33.88489" lon="-84.530984">
        <ele>303</ele>
        <time>2026-04-04T12:42:43Z</time>
        <cmt>speed: 0.0</cmt>
      </trkpt>
      <trkpt lat="33.88489" lon="-84.531062">
        <ele>303</ele>
        <time>2026-04-04T12:45:12Z</time>
        <cmt>speed: 0.0</cmt>
      </trkpt>
      <trkpt lat="33.884815" lon="-84.531125">
        <ele>328</ele>
        <time>2026-04-04T12:47:43Z</time>
        <cmt>speed: 0.0</cmt>
      </trkpt>
      <trkpt lat="33.884993" lon="-84.531008">
        <ele>308</ele>
        <time>2026-04-04T12:50:12Z</time>
        <cmt>speed: 0.0</cmt>
      </trkpt>
      <trkpt lat="33.885019" lon="-84.531027">
        <ele>282</ele>
        <time>2026-04-04T12:52:44Z</time>
        <cmt>speed: 0.2</cmt>
      </trkpt>
      <trkpt lat="33.884832" lon="-84.530924">
        <ele>313</ele>
        <time>2026-04-04T12:55:11Z</time>
        <cmt>speed: 0.0</cmt>
      </trkpt>
      <trkpt lat="33.884843" lon="-84.531062">
        <ele>341</ele>
        <time>2026-04-04T12:57:45Z</time>
        <cmt>speed: 0.0</cmt>
      </trkpt>
      <trkpt lat="33.88501" lon="-84.531074">
        <ele>311</ele>
        <time>2026-04-04T13:00:12Z</time>
        <cmt>speed: 0.0</cmt>
      </trkpt>
      <trkpt lat="33.884877" lon="-84.531007">
        <ele>275</ele>
        <time>2026-04-04T13:02:42Z</time>
        <cmt>speed: 0.0</cmt>
      </trkpt>
      <trkpt lat="33.885023" lon="-84.530991">
        <ele>305</ele>
        <time>2026-04-04T13:05:13Z</time>
        <cmt>speed: 0.1</cmt>
      </trkpt>
      <trkpt lat="33.884971" lon="-84.531054">
        <ele>288</ele>
        <time>2026-04-04T13:07:44Z</time>
        <cmt>speed: 0.0</cmt>
      </trkpt>
      <trkpt lat="33.884992" lon="-84.531017">
        <ele>336</ele>
        <time>2026-04-04T13:14:19Z</time>
        <cmt>speed: 0.0</cmt>
      </trkpt>
      <trkpt lat="33.885012" lon="-84.530809">
        <ele>300</ele>
        <time>2026-04-04T13:16:47Z</time>
        <cmt>speed: 0.1</cmt>
      </trkpt>
      <trkpt lat="33.884957" lon="-84.530687">
        <ele>295</ele>
        <time>2026-04-04T13:19:16Z</time>
        <cmt>speed: 0.0</cmt>
      </trkpt>
      <trkpt lat="33.885029" lon="-84.530705">
        <ele>316</ele>
        <time>2026-04-04T13:21:49Z</time>
        <cmt>speed: 0.0</cmt>
      </trkpt>
      <trkpt lat="33.884938" lon="-84.530217">
        <ele>260</ele>
        <time>2026-04-04T13:24:17Z</time>
        <cmt>speed: 0.0</cmt>
      </trkpt>
      <trkpt lat="33.885124" lon="-84.530529">
        <ele>296</ele>
        <time>2026-04-04T13:26:45Z</time>
        <cmt>speed: 0.6</cmt>
      </trkpt>
      <trkpt lat="33.885356" lon="-84.530781">
        <ele>344</ele>
        <time>2026-04-04T13:29:16Z</time>
        <cmt>speed: 0.0</cmt>
      </trkpt>
      <trkpt lat="33.885287" lon="-84.530465">
        <ele>291</ele>
        <time>2026-04-04T13:31:49Z</time>
        <cmt>speed: 0.7</cmt>
      </trkpt>
      <trkpt lat="33.885033" lon="-84.53076">
        <ele>302</ele>
        <time>2026-04-04T13:34:16Z</time>
        <cmt>speed: 0.0</cmt>
      </trkpt>
      <trkpt lat="33.885006" lon="-84.530809">
        <ele>294</ele>
        <time>2026-04-04T13:36:47Z</time>
        <cmt>speed: 0.0</cmt>
      </trkpt>
      <trkpt lat="33.884912" lon="-84.531026">
        <ele>329</ele>
        <time>2026-04-04T13:39:18Z</time>
        <cmt>speed: 0.0</cmt>
      </trkpt>
      <trkpt lat="33.884418" lon="-84.531134">
        <ele>339</ele>
        <time>2026-04-04T13:41:50Z</time>
        <cmt>speed: 0.2</cmt>
      </trkpt>
      <trkpt lat="33.884727" lon="-84.530968">
        <ele>283</ele>
        <time>2026-04-04T13:44:21Z</time>
        <cmt>speed: 0.0</cmt>
      </trkpt>
      <trkpt lat="33.884709" lon="-84.531098">
        <ele>331</ele>
        <time>2026-04-04T13:46:48Z</time>
        <cmt>speed: 0.0</cmt>
      </trkpt>
      <trkpt lat="33.884715" lon="-84.530984">
        <ele>314</ele>
        <time>2026-04-04T13:49:18Z</time>
        <cmt>speed: 0.3</cmt>
      </trkpt>
      <trkpt lat="33.884837" lon="-84.531102">
        <ele>344</ele>
        <time>2026-04-04T13:51:52Z</time>
        <cmt>speed: 0.0</cmt>
      </trkpt>
      <trkpt lat="33.884614" lon="-84.530979">
        <ele>312</ele>
        <time>2026-04-04T13:54:18Z</time>
        <cmt>speed: 0.0</cmt>
      </trkpt>
      <trkpt lat="33.884643" lon="-84.530923">
        <ele>268</ele>
        <time>2026-04-04T13:56:48Z</time>
        <cmt>speed: 0.0</cmt>
      </trkpt>
      <trkpt lat="33.88456" lon="-84.530972">
        <ele>297</ele>
        <time>2026-04-04T13:59:18Z</time>
        <cmt>speed: 0.0</cmt>
      </trkpt>
      <trkpt lat="33.884663" lon="-84.530926">
        <ele>301</ele>
        <time>2026-04-04T14:08:26Z</time>
        <cmt>speed: 0.0</cmt>
      </trkpt>
      <trkpt lat="33.884597" lon="-84.530938">
        <ele>302</ele>
        <time>2026-04-04T14:10:55Z</time>
        <cmt>speed: 0.0</cmt>
      </trkpt>
      <trkpt lat="33.884717" lon="-84.530814">
        <ele>305</ele>
        <time>2026-04-04T14:13:26Z</time>
        <cmt>speed: 0.0</cmt>
      </trkpt>
      <trkpt lat="33.88457" lon="-84.530939">
        <ele>302</ele>
        <time>2026-04-04T14:15:57Z</time>
        <cmt>speed: 0.0</cmt>
      </trkpt>
      <trkpt lat="33.884817" lon="-84.530949">
        <ele>309</ele>
        <time>2026-04-04T14:18:27Z</time>
        <cmt>speed: 0.2</cmt>
      </trkpt>
      <trkpt lat="33.885017" lon="-84.530776">
        <ele>296</ele>
        <time>2026-04-04T14:20:58Z</time>
        <cmt>speed: 0.4</cmt>
      </trkpt>
      <trkpt lat="33.884799" lon="-84.530809">
        <ele>307</ele>
        <time>2026-04-04T14:23:26Z</time>
        <cmt>speed: 0.0</cmt>
      </trkpt>
      <trkpt lat="33.884775" lon="-84.530897">
        <ele>298</ele>
        <time>2026-04-04T14:25:56Z</time>
        <cmt>speed: 0.0</cmt>
      </trkpt>
      <trkpt lat="33.884811" lon="-84.530877">
        <ele>314</ele>
        <time>2026-04-04T14:28:26Z</time>
        <cmt>speed: 0.0</cmt>
      </trkpt>
      <trkpt lat="33.885036" lon="-84.530709">
        <ele>322</ele>
        <time>2026-04-04T14:30:57Z</time>
        <cmt>speed: 0.0</cmt>
      </trkpt>
      <trkpt lat="33.884806" lon="-84.530884">
        <ele>290</ele>
        <time>2026-04-04T14:33:26Z</time>
        <cmt>speed: 0.0</cmt>
      </trkpt>
      <trkpt lat="33.884931" lon="-84.530888">
        <ele>307</ele>
        <time>2026-04-04T14:35:55Z</time>
        <cmt>speed: 0.2</cmt>
      </trkpt>
      <trkpt lat="33.88474" lon="-84.530747">
        <ele>291</ele>
        <time>2026-04-04T14:38:27Z</time>
        <cmt>speed: 0.0</cmt>
      </trkpt>
      <trkpt lat="33.884764" lon="-84.530852">
        <ele>302</ele>
        <time>2026-04-04T14:40:57Z</time>
        <cmt>speed: 0.0</cmt>
      </trkpt>
      <trkpt lat="33.884811" lon="-84.530824">
        <ele>328</ele>
        <time>2026-04-04T14:43:27Z</time>
        <cmt>speed: 0.0</cmt>
      </trkpt>
      <trkpt lat="33.884718" lon="-84.530866">
        <ele>289</ele>
        <time>2026-04-04T14:45:55Z</time>
        <cmt>speed: 0.0</cmt>
      </trkpt>
      <trkpt lat="33.884613" lon="-84.53094">
        <ele>299</ele>
        <time>2026-04-04T14:48:26Z</time>
        <cmt>speed: 0.0</cmt>
      </trkpt>
      <trkpt lat="33.884626" lon="-84.531008">
        <ele>292</ele>
        <time>2026-04-04T14:50:54Z</time>
        <cmt>speed: 0.0</cmt>
      </trkpt>
      <trkpt lat="33.884625" lon="-84.531032">
        <ele>291</ele>
        <time>2026-04-04T14:53:26Z</time>
        <cmt>speed: 0.0</cmt>
      </trkpt>
      <trkpt lat="33.884625" lon="-84.531032">
        <ele>291</ele>
        <time>2026-04-04T15:00:53Z</time>
      </trkpt>
      <trkpt lat="33.884586" lon="-84.53108">
        <ele>297</ele>
        <time>2026-04-04T15:01:11Z</time>
        <cmt>speed: 0.0</cmt>
      </trkpt>
      <trkpt lat="33.884681" lon="-84.531002">
        <ele>297</ele>
        <time>2026-04-04T15:03:38Z</time>
        <cmt>speed: 0.0</cmt>
      </trkpt>
      <trkpt lat="33.884636" lon="-84.531007">
        <ele>298</ele>
        <time>2026-04-04T15:06:11Z</time>
        <cmt>speed: 0.0</cmt>
      </trkpt>
      <trkpt lat="33.884544" lon="-84.531001">
        <ele>320</ele>
        <time>2026-04-04T15:08:41Z</time>
        <cmt>speed: 0.0</cmt>
      </trkpt>
      <trkpt lat="33.884543" lon="-84.531119">
        <ele>318</ele>
        <time>2026-04-04T15:11:09Z</time>
        <cmt>speed: 0.0</cmt>
      </trkpt>
      <trkpt lat="33.884669" lon="-84.530937">
        <ele>307</ele>
        <time>2026-04-04T15:13:37Z</time>
        <cmt>speed: 0.0</cmt>
      </trkpt>
      <trkpt lat="33.884622" lon="-84.530923">
        <ele>303</ele>
        <time>2026-04-04T15:16:08Z</time>
        <cmt>speed: 0.0</cmt>
      </trkpt>
      <trkpt lat="33.884689" lon="-84.531041">
        <ele>298</ele>
        <time>2026-04-04T15:18:38Z</time>
        <cmt>speed: 0.0</cmt>
      </trkpt>
      <trkpt lat="33.884684" lon="-84.53108">
        <ele>309</ele>
        <time>2026-04-04T15:21:10Z</time>
        <cmt>speed: 0.0</cmt>
      </trkpt>
      <trkpt lat="33.884649" lon="-84.53098">
        <ele>291</ele>
        <time>2026-04-04T15:23:38Z</time>
        <cmt>speed: 0.0</cmt>
      </trkpt>
      <trkpt lat="33.884506" lon="-84.530937">
        <ele>309</ele>
        <time>2026-04-04T15:26:09Z</time>
        <cmt>speed: 0.0</cmt>
      </trkpt>
      <trkpt lat="33.88468" lon="-84.531019">
        <ele>293</ele>
        <time>2026-04-04T15:28:40Z</time>
        <cmt>speed: 0.0</cmt>
      </trkpt>
      <trkpt lat="33.884542" lon="-84.530882">
        <ele>300</ele>
        <time>2026-04-04T15:31:09Z</time>
        <cmt>speed: 0.0</cmt>
      </trkpt>
      <trkpt lat="33.88454" lon="-84.530975">
        <ele>286</ele>
        <time>2026-04-04T15:33:40Z</time>
        <cmt>speed: 0.0</cmt>
      </trkpt>
      <trkpt lat="33.884509" lon="-84.530965">
        <ele>289</ele>
        <time>2026-04-04T15:36:09Z</time>
        <cmt>speed: 0.0</cmt>
      </trkpt>
      <trkpt lat="33.884407" lon="-84.530922">
        <ele>280</ele>
        <time>2026-04-04T15:38:39Z</time>
        <cmt>speed: 0.0</cmt>
      </trkpt>
      <trkpt lat="33.884585" lon="-84.531052">
        <ele>263</ele>
        <time>2026-04-04T15:41:10Z</time>
        <cmt>speed: 0.0</cmt>
      </trkpt>
      <trkpt lat="33.884499" lon="-84.530912">
        <ele>300</ele>
        <time>2026-04-04T15:43:39Z</time>
        <cmt>speed: 0.0</cmt>
      </trkpt>
      <trkpt lat="33.88447" lon="-84.530843">
        <ele>294</ele>
        <time>2026-04-04T15:46:09Z</time>
        <cmt>speed: 0.0</cmt>
      </trkpt>
      <trkpt lat="33.884527" lon="-84.530948">
        <ele>285</ele>
        <time>2026-04-04T15:48:39Z</time>
        <cmt>speed: 0.0</cmt>
      </trkpt>
      <trkpt lat="33.884811" lon="-84.530829">
        <ele>301</ele>
        <time>2026-04-04T15:51:08Z</time>
        <cmt>speed: 0.3</cmt>
      </trkpt>
      <trkpt lat="33.884966" lon="-84.530797">
        <ele>294</ele>
        <time>2026-04-04T15:53:41Z</time>
        <cmt>speed: 0.2</cmt>
      </trkpt>
      <trkpt lat="33.884787" lon="-84.530945">
        <ele>305</ele>
        <time>2026-04-04T15:56:09Z</time>
        <cmt>speed: 0.0</cmt>
      </trkpt>
      <trkpt lat="33.88491" lon="-84.530991">
        <ele>297</ele>
        <time>2026-04-04T15:58:39Z</time>
        <cmt>speed: 0.3</cmt>
      </trkpt>
      <trkpt lat="33.885147" lon="-84.531043">
        <ele>314</ele>
        <time>2026-04-04T16:01:12Z</time>
        <cmt>speed: 0.1</cmt>
      </trkpt>
      <trkpt lat="33.885178" lon="-84.53096">
        <ele>320</ele>
        <time>2026-04-04T16:03:41Z</time>
        <cmt>speed: 0.2</cmt>
      </trkpt>
      <trkpt lat="33.885189" lon="-84.530774">
        <ele>333</ele>
        <time>2026-04-04T16:06:11Z</time>
        <cmt>speed: 0.0</cmt>
      </trkpt>
      <trkpt lat="33.884855" lon="-84.530946">
        <ele>296</ele>
        <time>2026-04-04T16:08:41Z</time>
        <cmt>speed: 0.1</cmt>
      </trkpt>
      <trkpt lat="33.885019" lon="-84.530977">
        <ele>301</ele>
        <time>2026-04-04T16:11:09Z</time>
        <cmt>speed: 0.1</cmt>
      </trkpt>
      <trkpt lat="33.884906" lon="-84.530898">
        <ele>315</ele>
        <time>2026-04-04T16:13:40Z</time>
        <cmt>speed: 0.1</cmt>
      </trkpt>
      <trkpt lat="33.884986" lon="-84.531005">
        <ele>289</ele>
        <time>2026-04-04T16:16:09Z</time>
        <cmt>speed: 0.2</cmt>
      </trkpt>
      <trkpt lat="33.884846" lon="-84.531205">
        <ele>281</ele>
        <time>2026-04-04T16:18:46Z</time>
        <cmt>speed: 0.1</cmt>
      </trkpt>
      <trkpt lat="33.885128" lon="-84.530827">
        <ele>315</ele>
        <time>2026-04-04T16:21:16Z</time>
        <cmt>speed: 0.0</cmt>
      </trkpt>
      <trkpt lat="33.884896" lon="-84.531169">
        <ele>299</ele>
        <time>2026-04-04T16:23:42Z</time>
        <cmt>speed: 0.1</cmt>
      </trkpt>
      <trkpt lat="33.885015" lon="-84.531136">
        <ele>284</ele>
        <time>2026-04-04T16:26:13Z</time>
        <cmt>speed: 0.2</cmt>
      </trkpt>
      <trkpt lat="33.88501" lon="-84.531023">
        <ele>294</ele>
        <time>2026-04-04T16:28:42Z</time>
        <cmt>speed: 0.1</cmt>
      </trkpt>
      <trkpt lat="33.884954" lon="-84.531136">
        <ele>295</ele>
        <time>2026-04-04T16:31:14Z</time>
        <cmt>speed: 0.1</cmt>
      </trkpt>
      <trkpt lat="33.884989" lon="-84.530935">
        <ele>327</ele>
        <time>2026-04-04T16:35:34Z</time>
        <cmt>speed: 0.2</cmt>
      </trkpt>
      <trkpt lat="33.884971" lon="-84.531035">
        <ele>311</ele>
        <time>2026-04-04T16:38:03Z</time>
        <cmt>speed: 0.2</cmt>
      </trkpt>
      <trkpt lat="33.884971" lon="-84.531035">
        <ele>311</ele>
        <time>2026-04-04T16:41:12Z</time>
      </trkpt>
      <trkpt lat="33.885026" lon="-84.530982">
        <ele>300</ele>
        <time>2026-04-04T16:51:44Z</time>
        <cmt>speed: 0.0</cmt>
      </trkpt>
      <trkpt lat="33.884906" lon="-84.531137">
        <ele>273</ele>
        <time>2026-04-04T16:54:21Z</time>
        <cmt>speed: 0.6</cmt>
      </trkpt>
      <trkpt lat="33.885014" lon="-84.530996">
        <ele>293</ele>
        <time>2026-04-04T16:56:47Z</time>
        <cmt>speed: 0.0</cmt>
      </trkpt>
      <trkpt lat="33.884939" lon="-84.530897">
        <ele>307</ele>
        <time>2026-04-04T17:00:43Z</time>
        <cmt>speed: 0.2</cmt>
      </trkpt>
      <trkpt lat="33.885026" lon="-84.531084">
        <ele>285</ele>
        <time>2026-04-04T17:03:07Z</time>
        <cmt>speed: 0.0</cmt>
      </trkpt>
      <trkpt lat="33.884963" lon="-84.531002">
        <ele>307</ele>
        <time>2026-04-04T17:05:38Z</time>
        <cmt>speed: 0.0</cmt>
      </trkpt>
      <trkpt lat="33.885005" lon="-84.531111">
        <ele>287</ele>
        <time>2026-04-04T17:08:16Z</time>
        <cmt>speed: 0.8</cmt>
      </trkpt>
      <trkpt lat="33.885019" lon="-84.531056">
        <ele>276</ele>
        <time>2026-04-04T17:10:38Z</time>
        <cmt>speed: 0.0</cmt>
      </trkpt>
      <trkpt lat="33.884769" lon="-84.530972">
        <ele>273</ele>
        <time>2026-04-04T17:13:18Z</time>
        <cmt>speed: 1.0</cmt>
      </trkpt>
      <trkpt lat="33.884769" lon="-84.530972">
        <ele>273</ele>
        <time>2026-04-04T17:16:30Z</time>
      </trkpt>
      <trkpt lat="33.885037" lon="-84.530944">
        <ele>316</ele>
        <time>2026-04-04T17:20:07Z</time>
        <cmt>speed: 0.0</cmt>
      </trkpt>
      <trkpt lat="33.884999" lon="-84.530859">
        <ele>291</ele>
        <time>2026-04-04T17:22:46Z</time>
        <cmt>speed: 1.2</cmt>
      </trkpt>
      <trkpt lat="33.884946" lon="-84.531089">
        <ele>266</ele>
        <time>2026-04-04T17:25:56Z</time>
        <cmt>speed: 0.3</cmt>
      </trkpt>
      <trkpt lat="33.885003" lon="-84.531141">
        <ele>318</ele>
        <time>2026-04-04T17:30:43Z</time>
        <cmt>speed: 0.0</cmt>
      </trkpt>
      <trkpt lat="33.884962" lon="-84.531066">
        <ele>308</ele>
        <time>2026-04-04T17:33:21Z</time>
        <cmt>speed: 0.1</cmt>
      </trkpt>
      <trkpt lat="33.884962" lon="-84.531066">
        <ele>308</ele>
        <time>2026-04-04T17:36:30Z</time>
      </trkpt>
      <trkpt lat="33.885049" lon="-84.531168">
        <ele>255</ele>
        <time>2026-04-04T17:46:12Z</time>
        <cmt>speed: 0.1</cmt>
      </trkpt>
      <trkpt lat="33.884971" lon="-84.53107">
        <ele>282</ele>
        <time>2026-04-04T17:49:08Z</time>
        <cmt>speed: 0.3</cmt>
      </trkpt>
      <trkpt lat="33.885026" lon="-84.531225">
        <ele>255</ele>
        <time>2026-04-04T17:51:32Z</time>
        <cmt>speed: 0.0</cmt>
      </trkpt>
      <trkpt lat="33.885017" lon="-84.530931">
        <ele>323</ele>
        <time>2026-04-04T17:54:05Z</time>
        <cmt>speed: 0.1</cmt>
      </trkpt>
      <trkpt lat="33.884954" lon="-84.530916">
        <ele>310</ele>
        <time>2026-04-04T17:56:38Z</time>
        <cmt>speed: 0.2</cmt>
      </trkpt>
      <trkpt lat="33.884969" lon="-84.531081">
        <ele>310</ele>
        <time>2026-04-04T17:59:06Z</time>
        <cmt>speed: 0.0</cmt>
      </trkpt>
      <trkpt lat="33.884969" lon="-84.531081">
        <ele>310</ele>
        <time>2026-04-04T18:06:34Z</time>
      </trkpt>
      <trkpt lat="33.885002" lon="-84.531072">
        <ele>303</ele>
        <time>2026-04-04T18:06:57Z</time>
        <cmt>speed: 0.0</cmt>
      </trkpt>
      <trkpt lat="33.884938" lon="-84.530995">
        <ele>303</ele>
        <time>2026-04-04T18:09:33Z</time>
        <cmt>speed: 0.2</cmt>
      </trkpt>
      <trkpt lat="33.885125" lon="-84.531069">
        <ele>257</ele>
        <time>2026-04-04T18:14:42Z</time>
        <cmt>speed: 0.6</cmt>
      </trkpt>
      <trkpt lat="33.884991" lon="-84.531054">
        <ele>294</ele>
        <time>2026-04-04T18:17:14Z</time>
        <cmt>speed: 0.0</cmt>
      </trkpt>
      <trkpt lat="33.884974" lon="-84.530813">
        <ele>311</ele>
        <time>2026-04-04T18:19:45Z</time>
        <cmt>speed: 0.0</cmt>
      </trkpt>
      <trkpt lat="33.885141" lon="-84.531089">
        <ele>276</ele>
        <time>2026-04-04T18:22:14Z</time>
        <cmt>speed: 0.0</cmt>
      </trkpt>
      <trkpt lat="33.884973" lon="-84.530976">
        <ele>295</ele>
        <time>2026-04-04T18:24:51Z</time>
        <cmt>speed: 0.0</cmt>
      </trkpt>
      <trkpt lat="33.884996" lon="-84.530965">
        <ele>317</ele>
        <time>2026-04-04T18:27:21Z</time>
        <cmt>speed: 0.0</cmt>
      </trkpt>
      <trkpt lat="33.885028" lon="-84.530868">
        <ele>292</ele>
        <time>2026-04-04T18:29:59Z</time>
        <cmt>speed: 0.1</cmt>
      </trkpt>
      <trkpt lat="33.88493" lon="-84.530982">
        <ele>327</ele>
        <time>2026-04-04T18:32:20Z</time>
        <cmt>speed: 0.1</cmt>
      </trkpt>
      <trkpt lat="33.884907" lon="-84.530848">
        <ele>306</ele>
        <time>2026-04-04T18:34:55Z</time>
        <cmt>speed: 0.3</cmt>
      </trkpt>
      <trkpt lat="33.884921" lon="-84.530864">
        <ele>295</ele>
        <time>2026-04-04T18:37:25Z</time>
        <cmt>speed: 0.1</cmt>
      </trkpt>
      <trkpt lat="33.884866" lon="-84.530868">
        <ele>300</ele>
        <time>2026-04-04T18:39:54Z</time>
        <cmt>speed: 0.7</cmt>
      </trkpt>
      <trkpt lat="33.884867" lon="-84.531031">
        <ele>304</ele>
        <time>2026-04-04T18:42:21Z</time>
        <cmt>speed: 0.0</cmt>
      </trkpt>
      <trkpt lat="33.88488" lon="-84.530929">
        <ele>317</ele>
        <time>2026-04-04T18:44:51Z</time>
        <cmt>speed: 0.1</cmt>
      </trkpt>
      <trkpt lat="33.884892" lon="-84.530842">
        <ele>335</ele>
        <time>2026-04-04T18:47:20Z</time>
        <cmt>speed: 0.0</cmt>
      </trkpt>
      <trkpt lat="33.884943" lon="-84.530857">
        <ele>322</ele>
        <time>2026-04-04T18:49:50Z</time>
        <cmt>speed: 0.3</cmt>
      </trkpt>
      <trkpt lat="33.884999" lon="-84.5309">
        <ele>308</ele>
        <time>2026-04-04T18:52:19Z</time>
        <cmt>speed: 0.0</cmt>
      </trkpt>
      <trkpt lat="33.884957" lon="-84.530922">
        <ele>291</ele>
        <time>2026-04-04T18:54:50Z</time>
        <cmt>speed: 0.0</cmt>
      </trkpt>
      <trkpt lat="33.884874" lon="-84.530968">
        <ele>320</ele>
        <time>2026-04-04T18:57:32Z</time>
        <cmt>speed: 0.5</cmt>
      </trkpt>
      <trkpt lat="33.884777" lon="-84.53085">
        <ele>314</ele>
        <time>2026-04-04T18:59:52Z</time>
        <cmt>speed: 0.0</cmt>
      </trkpt>
      <trkpt lat="33.88481" lon="-84.531004">
        <ele>306</ele>
        <time>2026-04-04T19:02:23Z</time>
        <cmt>speed: 0.0</cmt>
      </trkpt>
      <trkpt lat="33.88485" lon="-84.53092">
        <ele>301</ele>
        <time>2026-04-04T19:04:53Z</time>
        <cmt>speed: 0.0</cmt>
      </trkpt>
      <trkpt lat="33.88485" lon="-84.53092">
        <ele>301</ele>
        <time>2026-04-04T19:07:28Z</time>
      </trkpt>
      <trkpt lat="33.884592" lon="-84.530839">
        <ele>317</ele>
        <time>2026-04-04T19:19:46Z</time>
        <cmt>speed: 0.0</cmt>
      </trkpt>
      <trkpt lat="33.884848" lon="-84.53103">
        <ele>306</ele>
        <time>2026-04-04T19:22:18Z</time>
        <cmt>speed: 0.1</cmt>
      </trkpt>
      <trkpt lat="33.884947" lon="-84.530742">
        <ele>316</ele>
        <time>2026-04-04T19:24:51Z</time>
        <cmt>speed: 0.7</cmt>
      </trkpt>
      <trkpt lat="33.884783" lon="-84.531063">
        <ele>289</ele>
        <time>2026-04-04T19:27:26Z</time>
        <cmt>speed: 0.2</cmt>
      </trkpt>
      <trkpt lat="33.884783" lon="-84.531063">
        <ele>289</ele>
        <time>2026-04-04T19:27:30Z</time>
      </trkpt>
      <trkpt lat="33.884801" lon="-84.5309">
        <ele>339</ele>
        <time>2026-04-04T19:35:45Z</time>
        <cmt>speed: 0.3</cmt>
      </trkpt>
      <trkpt lat="33.884914" lon="-84.530954">
        <ele>322</ele>
        <time>2026-04-04T19:38:14Z</time>
        <cmt>speed: 0.0</cmt>
      </trkpt>
      <trkpt lat="33.88491" lon="-84.530959">
        <ele>313</ele>
        <time>2026-04-04T19:54:41Z</time>
        <cmt>speed: 0.3</cmt>
      </trkpt>
      <trkpt lat="33.884891" lon="-84.530746">
        <ele>336</ele>
        <time>2026-04-04T19:57:16Z</time>
        <cmt>speed: 0.2</cmt>
      </trkpt>
      <trkpt lat="33.884866" lon="-84.530893">
        <ele>332</ele>
        <time>2026-04-04T19:59:41Z</time>
        <cmt>speed: 0.2</cmt>
      </trkpt>
      <trkpt lat="33.884794" lon="-84.530984">
        <ele>288</ele>
        <time>2026-04-04T20:04:43Z</time>
        <cmt>speed: 0.1</cmt>
      </trkpt>
      <trkpt lat="33.884824" lon="-84.531072">
        <ele>300</ele>
        <time>2026-04-04T20:11:08Z</time>
        <cmt>speed: 0.0</cmt>
      </trkpt>
      <trkpt lat="33.884878" lon="-84.530757">
        <ele>354</ele>
        <time>2026-04-04T20:13:37Z</time>
        <cmt>speed: 0.0</cmt>
      </trkpt>
      <trkpt lat="33.884845" lon="-84.531024">
        <ele>347</ele>
        <time>2026-04-04T20:16:18Z</time>
        <cmt>speed: 0.8</cmt>
      </trkpt>
      <trkpt lat="33.884845" lon="-84.530944">
        <ele>309</ele>
        <time>2026-04-04T20:18:59Z</time>
        <cmt>speed: 0.2</cmt>
      </trkpt>
      <trkpt lat="33.884822" lon="-84.530991">
        <ele>295</ele>
        <time>2026-04-04T20:22:19Z</time>
        <cmt>speed: 0.0</cmt>
      </trkpt>
      <trkpt lat="33.884804" lon="-84.530925">
        <ele>309</ele>
        <time>2026-04-04T20:24:52Z</time>
        <cmt>speed: 0.0</cmt>
      </trkpt>
      <trkpt lat="33.884852" lon="-84.530983">
        <ele>299</ele>
        <time>2026-04-04T20:27:25Z</time>
        <cmt>speed: 0.3</cmt>
      </trkpt>
      <trkpt lat="33.884844" lon="-84.531013">
        <ele>307</ele>
        <time>2026-04-04T20:36:14Z</time>
        <cmt>speed: 0.0</cmt>
      </trkpt>
      <trkpt lat="33.88494" lon="-84.531125">
        <ele>305</ele>
        <time>2026-04-04T20:38:55Z</time>
        <cmt>speed: 0.3</cmt>
      </trkpt>
      <trkpt lat="33.884989" lon="-84.531001">
        <ele>306</ele>
        <time>2026-04-04T20:41:14Z</time>
        <cmt>speed: 0.0</cmt>
      </trkpt>
      <trkpt lat="33.884804" lon="-84.531005">
        <ele>293</ele>
        <time>2026-04-04T20:44:00Z</time>
        <cmt>speed: 0.0</cmt>
      </trkpt>
      <trkpt lat="33.88479" lon="-84.53098">
        <ele>297</ele>
        <time>2026-04-04T20:46:59Z</time>
        <cmt>speed: 0.0</cmt>
      </trkpt>
      <trkpt lat="33.884882" lon="-84.53093">
        <ele>309</ele>
        <time>2026-04-04T20:49:33Z</time>
        <cmt>speed: 0.0</cmt>
      </trkpt>
      <trkpt lat="33.884818" lon="-84.530887">
        <ele>279</ele>
        <time>2026-04-04T21:01:02Z</time>
        <cmt>speed: 0.1</cmt>
      </trkpt>
      <trkpt lat="33.884845" lon="-84.5309">
        <ele>338</ele>
        <time>2026-04-04T21:03:35Z</time>
        <cmt>speed: 0.5</cmt>
      </trkpt>
      <trkpt lat="33.884832" lon="-84.530866">
        <ele>328</ele>
        <time>2026-04-04T21:06:04Z</time>
        <cmt>speed: 0.6</cmt>
      </trkpt>
      <trkpt lat="33.884832" lon="-84.530866">
        <ele>328</ele>
        <time>2026-04-04T21:10:58Z</time>
      </trkpt>
      <trkpt lat="33.884871" lon="-84.530988">
        <ele>312</ele>
        <time>2026-04-04T21:11:23Z</time>
        <cmt>speed: 0.1</cmt>
      </trkpt>
      <trkpt lat="33.884808" lon="-84.531043">
        <ele>333</ele>
        <time>2026-04-04T21:14:02Z</time>
        <cmt>speed: 0.0</cmt>
      </trkpt>
      <trkpt lat="33.884759" lon="-84.530827">
        <ele>345</ele>
        <time>2026-04-04T21:28:30Z</time>
        <cmt>speed: 0.0</cmt>
      </trkpt>
      <trkpt lat="33.884676" lon="-84.530721">
        <ele>356</ele>
        <time>2026-04-04T21:30:57Z</time>
        <cmt>speed: 0.0</cmt>
      </trkpt>
      <trkpt lat="33.88482" lon="-84.531023">
        <ele>304</ele>
        <time>2026-04-04T21:33:31Z</time>
        <cmt>speed: 0.3</cmt>
      </trkpt>
      <trkpt lat="33.884893" lon="-84.530943">
        <ele>304</ele>
        <time>2026-04-04T21:36:00Z</time>
        <cmt>speed: 0.8</cmt>
      </trkpt>
      <trkpt lat="33.884787" lon="-84.53113">
        <ele>282</ele>
        <time>2026-04-04T21:38:32Z</time>
        <cmt>speed: 0.4</cmt>
      </trkpt>
      <trkpt lat="33.884787" lon="-84.53113">
        <ele>282</ele>
        <time>2026-04-04T21:45:56Z</time>
      </trkpt>
      <trkpt lat="33.88483" lon="-84.530959">
        <ele>301</ele>
        <time>2026-04-04T22:01:20Z</time>
        <cmt>speed: 0.1</cmt>
      </trkpt>
      <trkpt lat="33.884972" lon="-84.531024">
        <ele>284</ele>
        <time>2026-04-04T22:07:35Z</time>
        <cmt>speed: 0.2</cmt>
      </trkpt>
      <trkpt lat="33.884972" lon="-84.531024">
        <ele>284</ele>
        <time>2026-04-04T22:11:16Z</time>
      </trkpt>
      <trkpt lat="33.884964" lon="-84.531043">
        <ele>292</ele>
        <time>2026-04-04T22:15:50Z</time>
        <cmt>speed: 0.3</cmt>
      </trkpt>
      <trkpt lat="33.884964" lon="-84.531043">
        <ele>292</ele>
        <time>2026-04-04T22:21:16Z</time>
      </trkpt>
      <trkpt lat="33.884818" lon="-84.530939">
        <ele>297</ele>
        <time>2026-04-04T22:28:12Z</time>
        <cmt>speed: 0.3</cmt>
      </trkpt>
      <trkpt lat="33.88487" lon="-84.530979">
        <ele>309</ele>
        <time>2026-04-04T22:30:46Z</time>
        <cmt>speed: 0.0</cmt>
      </trkpt>
      <trkpt lat="33.884809" lon="-84.530946">
        <ele>287</ele>
        <time>2026-04-04T22:33:10Z</time>
        <cmt>speed: 0.0</cmt>
      </trkpt>
      <trkpt lat="33.884914" lon="-84.530956">
        <ele>311</ele>
        <time>2026-04-04T22:35:40Z</time>
        <cmt>speed: 0.0</cmt>
      </trkpt>
      <trkpt lat="33.884911" lon="-84.530936">
        <ele>309</ele>
        <time>2026-04-04T22:38:08Z</time>
        <cmt>speed: 0.0</cmt>
      </trkpt>
      <trkpt lat="33.884874" lon="-84.53089">
        <ele>294</ele>
        <time>2026-04-04T22:40:40Z</time>
        <cmt>speed: 0.0</cmt>
      </trkpt>
      <trkpt lat="33.884874" lon="-84.53089">
        <ele>294</ele>
        <time>2026-04-04T22:41:16Z</time>
      </trkpt>
      <trkpt lat="33.884923" lon="-84.531107">
        <ele>316</ele>
        <time>2026-04-04T22:43:11Z</time>
        <cmt>speed: 0.1</cmt>
      </trkpt>
      <trkpt lat="33.884968" lon="-84.530733">
        <ele>304</ele>
        <time>2026-04-04T22:45:41Z</time>
        <cmt>speed: 0.0</cmt>
      </trkpt>
      <trkpt lat="33.884972" lon="-84.530828">
        <ele>299</ele>
        <time>2026-04-04T22:48:10Z</time>
        <cmt>speed: 0.0</cmt>
      </trkpt>
      <trkpt lat="33.885081" lon="-84.530827">
        <ele>314</ele>
        <time>2026-04-04T22:50:41Z</time>
        <cmt>speed: 0.0</cmt>
      </trkpt>
      <trkpt lat="33.884976" lon="-84.530796">
        <ele>302</ele>
        <time>2026-04-04T22:53:13Z</time>
        <cmt>speed: 0.1</cmt>
      </trkpt>
      <trkpt lat="33.884882" lon="-84.530813">
        <ele>313</ele>
        <time>2026-04-04T22:55:43Z</time>
        <cmt>speed: 0.0</cmt>
      </trkpt>
      <trkpt lat="33.885143" lon="-84.530853">
        <ele>294</ele>
        <time>2026-04-04T22:58:09Z</time>
        <cmt>speed: 0.0</cmt>
      </trkpt>
      <trkpt lat="33.884918" lon="-84.530828">
        <ele>315</ele>
        <time>2026-04-04T23:00:40Z</time>
        <cmt>speed: 0.0</cmt>
      </trkpt>
      <trkpt lat="33.885002" lon="-84.531026">
        <ele>323</ele>
        <time>2026-04-04T23:03:08Z</time>
        <cmt>speed: 0.0</cmt>
      </trkpt>
      <trkpt lat="33.885013" lon="-84.530815">
        <ele>306</ele>
        <time>2026-04-04T23:05:40Z</time>
        <cmt>speed: 0.0</cmt>
      </trkpt>
      <trkpt lat="33.884949" lon="-84.530705">
        <ele>312</ele>
        <time>2026-04-04T23:08:09Z</time>
        <cmt>speed: 0.4</cmt>
      </trkpt>
      <trkpt lat="33.884913" lon="-84.530854">
        <ele>305</ele>
        <time>2026-04-04T23:10:44Z</time>
        <cmt>speed: 0.2</cmt>
      </trkpt>
      <trkpt lat="33.884813" lon="-84.530817">
        <ele>309</ele>
        <time>2026-04-04T23:13:12Z</time>
        <cmt>speed: 0.2</cmt>
      </trkpt>
      <trkpt lat="33.884923" lon="-84.530874">
        <ele>302</ele>
        <time>2026-04-04T23:15:38Z</time>
        <cmt>speed: 0.1</cmt>
      </trkpt>
      <trkpt lat="33.885058" lon="-84.530735">
        <ele>329</ele>
        <time>2026-04-04T23:18:08Z</time>
        <cmt>speed: 0.0</cmt>
      </trkpt>
      <trkpt lat="33.885024" lon="-84.530736">
        <ele>290</ele>
        <time>2026-04-04T23:20:40Z</time>
        <cmt>speed: 0.0</cmt>
      </trkpt>
      <trkpt lat="33.885068" lon="-84.530785">
        <ele>305</ele>
        <time>2026-04-04T23:23:10Z</time>
        <cmt>speed: 0.0</cmt>
      </trkpt>
      <trkpt lat="33.884975" lon="-84.530811">
        <ele>299</ele>
        <time>2026-04-04T23:25:40Z</time>
        <cmt>speed: 0.0</cmt>
      </trkpt>
      <trkpt lat="33.88498" lon="-84.530781">
        <ele>297</ele>
        <time>2026-04-04T23:28:10Z</time>
        <cmt>speed: 0.0</cmt>
      </trkpt>
      <trkpt lat="33.884972" lon="-84.530865">
        <ele>309</ele>
        <time>2026-04-04T23:30:40Z</time>
        <cmt>speed: 0.1</cmt>
      </trkpt>
      <trkpt lat="33.885055" lon="-84.530847">
        <ele>306</ele>
        <time>2026-04-04T23:33:10Z</time>
        <cmt>speed: 0.0</cmt>
      </trkpt>
      <trkpt lat="33.885166" lon="-84.530773">
        <ele>362</ele>
        <time>2026-04-04T23:35:41Z</time>
        <cmt>speed: 0.0</cmt>
      </trkpt>
      <trkpt lat="33.884896" lon="-84.530904">
        <ele>298</ele>
        <time>2026-04-04T23:38:10Z</time>
        <cmt>speed: 0.0</cmt>
      </trkpt>
      <trkpt lat="33.885039" lon="-84.530793">
        <ele>302</ele>
        <time>2026-04-04T23:40:39Z</time>
        <cmt>speed: 0.1</cmt>
      </trkpt>
      <trkpt lat="33.885005" lon="-84.53085">
        <ele>317</ele>
        <time>2026-04-04T23:43:12Z</time>
        <cmt>speed: 0.0</cmt>
      </trkpt>
      <trkpt lat="33.885065" lon="-84.530848">
        <ele>296</ele>
        <time>2026-04-04T23:45:41Z</time>
        <cmt>speed: 0.0</cmt>
      </trkpt>
      <trkpt lat="33.885003" lon="-84.530788">
        <ele>313</ele>
        <time>2026-04-04T23:48:12Z</time>
        <cmt>speed: 0.2</cmt>
      </trkpt>
      <trkpt lat="33.884948" lon="-84.530738">
        <ele>306</ele>
        <time>2026-04-04T23:50:43Z</time>
        <cmt>speed: 0.3</cmt>
      </trkpt>
      <trkpt lat="33.884959" lon="-84.530788">
        <ele>294</ele>
        <time>2026-04-04T23:53:09Z</time>
        <cmt>speed: 0.0</cmt>
      </trkpt>
      <trkpt lat="33.884984" lon="-84.530683">
        <ele>304</ele>
        <time>2026-04-04T23:55:45Z</time>
        <cmt>speed: 0.2</cmt>
      </trkpt>
      <trkpt lat="33.885039" lon="-84.530849">
        <ele>287</ele>
        <time>2026-04-04T23:58:10Z</time>
        <cmt>speed: 0.0</cmt>
      </trkpt>
      <trkpt lat="33.885065" lon="-84.530728">
        <ele>312</ele>
        <time>2026-04-05T00:00:41Z</time>
        <cmt>speed: 0.0</cmt>
      </trkpt>
      <trkpt lat="33.885" lon="-84.530921">
        <ele>308</ele>
        <time>2026-04-05T00:03:09Z</time>
        <cmt>speed: 0.0</cmt>
      </trkpt>
      <trkpt lat="33.884986" lon="-84.530758">
        <ele>282</ele>
        <time>2026-04-05T00:07:16Z</time>
        <cmt>speed: 0.0</cmt>
      </trkpt>
      <trkpt lat="33.884953" lon="-84.530984">
        <ele>310</ele>
        <time>2026-04-05T00:09:47Z</time>
        <cmt>speed: 0.0</cmt>
      </trkpt>
      <trkpt lat="33.884931" lon="-84.530862">
        <ele>306</ele>
        <time>2026-04-05T00:12:17Z</time>
        <cmt>speed: 0.1</cmt>
      </trkpt>
      <trkpt lat="33.884935" lon="-84.530904">
        <ele>311</ele>
        <time>2026-04-05T00:14:46Z</time>
        <cmt>speed: 0.0</cmt>
      </trkpt>
      <trkpt lat="33.885032" lon="-84.530893">
        <ele>305</ele>
        <time>2026-04-05T00:17:15Z</time>
        <cmt>speed: 0.0</cmt>
      </trkpt>
      <trkpt lat="33.884914" lon="-84.530705">
        <ele>292</ele>
        <time>2026-04-05T00:19:50Z</time>
        <cmt>speed: 0.0</cmt>
      </trkpt>
      <trkpt lat="33.885034" lon="-84.530913">
        <ele>298</ele>
        <time>2026-04-05T00:22:17Z</time>
        <cmt>speed: 0.0</cmt>
      </trkpt>
      <trkpt lat="33.885025" lon="-84.530737">
        <ele>296</ele>
        <time>2026-04-05T00:24:49Z</time>
        <cmt>speed: 0.0</cmt>
      </trkpt>
      <trkpt lat="33.88497" lon="-84.530834">
        <ele>318</ele>
        <time>2026-04-05T00:27:17Z</time>
        <cmt>speed: 0.0</cmt>
      </trkpt>
      <trkpt lat="33.885006" lon="-84.530959">
        <ele>324</ele>
        <time>2026-04-05T00:29:47Z</time>
        <cmt>speed: 0.1</cmt>
      </trkpt>
      <trkpt lat="33.884971" lon="-84.530933">
        <ele>307</ele>
        <time>2026-04-05T00:32:16Z</time>
        <cmt>speed: 0.0</cmt>
      </trkpt>
      <trkpt lat="33.885027" lon="-84.530859">
        <ele>291</ele>
        <time>2026-04-05T00:34:47Z</time>
        <cmt>speed: 0.5</cmt>
      </trkpt>
      <trkpt lat="33.884728" lon="-84.530772">
        <ele>308</ele>
        <time>2026-04-05T00:37:17Z</time>
        <cmt>speed: 0.2</cmt>
      </trkpt>
      <trkpt lat="33.884613" lon="-84.531016">
        <ele>298</ele>
        <time>2026-04-05T00:39:45Z</time>
        <cmt>speed: 0.0</cmt>
      </trkpt>
      <trkpt lat="33.884497" lon="-84.531085">
        <ele>330</ele>
        <time>2026-04-05T00:42:20Z</time>
        <cmt>speed: 0.0</cmt>
      </trkpt>
      <trkpt lat="33.884619" lon="-84.531161">
        <ele>290</ele>
        <time>2026-04-05T00:44:47Z</time>
        <cmt>speed: 0.0</cmt>
      </trkpt>
      <trkpt lat="33.884514" lon="-84.531136">
        <ele>363</ele>
        <time>2026-04-05T00:47:16Z</time>
        <cmt>speed: 0.1</cmt>
      </trkpt>
      <trkpt lat="33.884498" lon="-84.530882">
        <ele>338</ele>
        <time>2026-04-05T00:49:47Z</time>
        <cmt>speed: 0.1</cmt>
      </trkpt>
      <trkpt lat="33.884531" lon="-84.530986">
        <ele>295</ele>
        <time>2026-04-05T00:52:15Z</time>
        <cmt>speed: 0.1</cmt>
      </trkpt>
      <trkpt lat="33.884562" lon="-84.53097">
        <ele>296</ele>
        <time>2026-04-05T00:54:46Z</time>
        <cmt>speed: 0.3</cmt>
      </trkpt>
      <trkpt lat="33.884384" lon="-84.531196">
        <ele>276</ele>
        <time>2026-04-05T00:57:15Z</time>
        <cmt>speed: 0.0</cmt>
      </trkpt>
      <trkpt lat="33.884443" lon="-84.531186">
        <ele>316</ele>
        <time>2026-04-05T00:59:50Z</time>
        <cmt>speed: 0.1</cmt>
      </trkpt>
      <trkpt lat="33.884294" lon="-84.531226">
        <ele>305</ele>
        <time>2026-04-05T01:02:16Z</time>
        <cmt>speed: 0.3</cmt>
      </trkpt>
      <trkpt lat="33.884184" lon="-84.531174">
        <ele>311</ele>
        <time>2026-04-05T01:06:28Z</time>
        <cmt>speed: 0.0</cmt>
      </trkpt>
      <trkpt lat="33.884767" lon="-84.530935">
        <ele>313</ele>
        <time>2026-04-05T01:08:56Z</time>
        <cmt>speed: 1.0</cmt>
      </trkpt>
      <trkpt lat="33.884995" lon="-84.530879">
        <ele>302</ele>
        <time>2026-04-05T01:11:25Z</time>
        <cmt>speed: 0.1</cmt>
      </trkpt>
      <trkpt lat="33.885043" lon="-84.530608">
        <ele>321</ele>
        <time>2026-04-05T01:13:56Z</time>
        <cmt>speed: 0.3</cmt>
      </trkpt>
      <trkpt lat="33.885094" lon="-84.530581">
        <ele>299</ele>
        <time>2026-04-05T01:16:26Z</time>
        <cmt>speed: 0.0</cmt>
      </trkpt>
      <trkpt lat="33.885092" lon="-84.530607">
        <ele>298</ele>
        <time>2026-04-05T01:18:55Z</time>
        <cmt>speed: 0.0</cmt>
      </trkpt>
      <trkpt lat="33.885056" lon="-84.530536">
        <ele>304</ele>
        <time>2026-04-05T01:21:29Z</time>
        <cmt>speed: 0.6</cmt>
      </trkpt>
      <trkpt lat="33.885006" lon="-84.530568">
        <ele>300</ele>
        <time>2026-04-05T01:23:57Z</time>
        <cmt>speed: 0.1</cmt>
      </trkpt>
      <trkpt lat="33.885116" lon="-84.53033">
        <ele>299</ele>
        <time>2026-04-05T01:26:25Z</time>
        <cmt>speed: 0.0</cmt>
      </trkpt>
      <trkpt lat="33.885157" lon="-84.530703">
        <ele>273</ele>
        <time>2026-04-05T01:28:56Z</time>
        <cmt>speed: 0.0</cmt>
      </trkpt>
      <trkpt lat="33.88525" lon="-84.530755">
        <ele>282</ele>
        <time>2026-04-05T01:31:34Z</time>
        <cmt>speed: 0.2</cmt>
      </trkpt>
      <trkpt lat="33.885439" lon="-84.530417">
        <ele>309</ele>
        <time>2026-04-05T01:33:58Z</time>
        <cmt>speed: 0.0</cmt>
      </trkpt>
      <trkpt lat="33.885159" lon="-84.530675">
        <ele>329</ele>
        <time>2026-04-05T01:36:27Z</time>
        <cmt>speed: 0.3</cmt>
      </trkpt>
      <trkpt lat="33.88562" lon="-84.530125">
        <ele>313</ele>
        <time>2026-04-05T01:38:56Z</time>
        <cmt>speed: 0.2</cmt>
      </trkpt>
      <trkpt lat="33.885651" lon="-84.530126">
        <ele>295</ele>
        <time>2026-04-05T01:41:28Z</time>
        <cmt>speed: 0.2</cmt>
      </trkpt>
      <trkpt lat="33.885632" lon="-84.530113">
        <ele>302</ele>
        <time>2026-04-05T01:43:56Z</time>
        <cmt>speed: 0.0</cmt>
      </trkpt>
      <trkpt lat="33.885501" lon="-84.529956">
        <ele>303</ele>
        <time>2026-04-05T01:46:27Z</time>
        <cmt>speed: 0.1</cmt>
      </trkpt>
      <trkpt lat="33.885432" lon="-84.529703">
        <ele>289</ele>
        <time>2026-04-05T01:48:54Z</time>
        <cmt>speed: 0.1</cmt>
      </trkpt>
      <trkpt lat="33.885486" lon="-84.529731">
        <ele>313</ele>
        <time>2026-04-05T01:51:27Z</time>
        <cmt>speed: 0.0</cmt>
      </trkpt>
      <trkpt lat="33.885464" lon="-84.52982">
        <ele>308</ele>
        <time>2026-04-05T01:53:56Z</time>
        <cmt>speed: 0.4</cmt>
      </trkpt>
      <trkpt lat="33.885445" lon="-84.529652">
        <ele>291</ele>
        <time>2026-04-05T01:56:27Z</time>
        <cmt>speed: 0.0</cmt>
      </trkpt>
      <trkpt lat="33.885468" lon="-84.529761">
        <ele>316</ele>
        <time>2026-04-05T01:58:54Z</time>
        <cmt>speed: 0.0</cmt>
      </trkpt>
      <trkpt lat="33.885322" lon="-84.529774">
        <ele>309</ele>
        <time>2026-04-05T02:01:26Z</time>
        <cmt>speed: 0.0</cmt>
      </trkpt>
      <trkpt lat="33.885363" lon="-84.529788">
        <ele>304</ele>
        <time>2026-04-05T02:03:55Z</time>
        <cmt>speed: 0.0</cmt>
      </trkpt>
      <trkpt lat="33.885442" lon="-84.5297">
        <ele>317</ele>
        <time>2026-04-05T02:04:34Z</time>
        <cmt>speed: 0.1</cmt>
      </trkpt>
      <trkpt lat="33.88549" lon="-84.529726">
        <ele>310</ele>
        <time>2026-04-05T02:04:38Z</time>
        <cmt>speed: 0.0</cmt>
      </trkpt>
      <trkpt lat="33.885485" lon="-84.529712">
        <ele>308</ele>
        <time>2026-04-05T02:04:42Z</time>
        <cmt>speed: 0.0</cmt>
      </trkpt>
      <trkpt lat="33.885474" lon="-84.529714">
        <ele>308</ele>
        <time>2026-04-05T02:04:46Z</time>
        <cmt>speed: 0.1</cmt>
      </trkpt>
      <trkpt lat="33.885464" lon="-84.529715">
        <ele>308</ele>
        <time>2026-04-05T02:04:50Z</time>
        <cmt>speed: 0.0</cmt>
      </trkpt>
      <trkpt lat="33.885456" lon="-84.529715">
        <ele>307</ele>
        <time>2026-04-05T02:04:54Z</time>
        <cmt>speed: 0.0</cmt>
      </trkpt>
      <trkpt lat="33.885448" lon="-84.529714">
        <ele>306</ele>
        <time>2026-04-05T02:04:58Z</time>
        <cmt>speed: 0.0</cmt>
      </trkpt>
      <trkpt lat="33.885441" lon="-84.529714">
        <ele>306</ele>
        <time>2026-04-05T02:05:02Z</time>
        <cmt>speed: 0.0</cmt>
      </trkpt>
      <trkpt lat="33.885437" lon="-84.529715">
        <ele>305</ele>
        <time>2026-04-05T02:05:06Z</time>
        <cmt>speed: 0.0</cmt>
      </trkpt>
      <trkpt lat="33.885431" lon="-84.529717">
        <ele>304</ele>
        <time>2026-04-05T02:05:10Z</time>
        <cmt>speed: 0.0</cmt>
      </trkpt>
      <trkpt lat="33.885432" lon="-84.52972">
        <ele>304</ele>
        <time>2026-04-05T02:05:14Z</time>
        <cmt>speed: 0.0</cmt>
      </trkpt>
      <trkpt lat="33.885432" lon="-84.529724">
        <ele>305</ele>
        <time>2026-04-05T02:05:18Z</time>
        <cmt>speed: 0.0</cmt>
      </trkpt>
      <trkpt lat="33.885433" lon="-84.529731">
        <ele>307</ele>
        <time>2026-04-05T02:05:22Z</time>
        <cmt>speed: 0.0</cmt>
      </trkpt>
      <trkpt lat="33.885433" lon="-84.529737">
        <ele>307</ele>
        <time>2026-04-05T02:05:26Z</time>
        <cmt>speed: 0.0</cmt>
      </trkpt>
      <trkpt lat="33.885436" lon="-84.529745">
        <ele>307</ele>
        <time>2026-04-05T02:05:30Z</time>
        <cmt>speed: 0.0</cmt>
      </trkpt>
      <trkpt lat="33.885436" lon="-84.52975">
        <ele>308</ele>
        <time>2026-04-05T02:05:34Z</time>
        <cmt>speed: 0.0</cmt>
      </trkpt>
      <trkpt lat="33.885435" lon="-84.529753">
        <ele>308</ele>
        <time>2026-04-05T02:05:38Z</time>
        <cmt>speed: 0.0</cmt>
      </trkpt>
      <trkpt lat="33.885433" lon="-84.529757">
        <ele>308</ele>
        <time>2026-04-05T02:05:42Z</time>
        <cmt>speed: 0.0</cmt>
      </trkpt>
      <trkpt lat="33.885428" lon="-84.52976">
        <ele>307</ele>
        <time>2026-04-05T02:05:46Z</time>
        <cmt>speed: 0.0</cmt>
      </trkpt>
      <trkpt lat="33.885426" lon="-84.529762">
        <ele>306</ele>
        <time>2026-04-05T02:05:50Z</time>
        <cmt>speed: 0.0</cmt>
      </trkpt>
      <trkpt lat="33.885426" lon="-84.529763">
        <ele>306</ele>
        <time>2026-04-05T02:05:54Z</time>
        <cmt>speed: 0.0</cmt>
      </trkpt>
      <trkpt lat="33.885426" lon="-84.529764">
        <ele>306</ele>
        <time>2026-04-05T02:05:58Z</time>
        <cmt>speed: 0.0</cmt>
      </trkpt>
      <trkpt lat="33.885425" lon="-84.529763">
        <ele>305</ele>
        <time>2026-04-05T02:06:02Z</time>
        <cmt>speed: 0.0</cmt>
      </trkpt>
      <trkpt lat="33.885424" lon="-84.52976">
        <ele>304</ele>
        <time>2026-04-05T02:06:06Z</time>
        <cmt>speed: 0.0</cmt>
      </trkpt>
      <trkpt lat="33.885424" lon="-84.529756">
        <ele>303</ele>
        <time>2026-04-05T02:06:10Z</time>
        <cmt>speed: 0.0</cmt>
      </trkpt>
      <trkpt lat="33.885422" lon="-84.529754">
        <ele>304</ele>
        <time>2026-04-05T02:06:14Z</time>
        <cmt>speed: 0.0</cmt>
      </trkpt>
      <trkpt lat="33.88542" lon="-84.529749">
        <ele>304</ele>
        <time>2026-04-05T02:06:18Z</time>
        <cmt>speed: 0.0</cmt>
      </trkpt>
      <trkpt lat="33.885419" lon="-84.529745">
        <ele>305</ele>
        <time>2026-04-05T02:06:22Z</time>
        <cmt>speed: 0.0</cmt>
      </trkpt>
      <trkpt lat="33.885414" lon="-84.529742">
        <ele>303</ele>
        <time>2026-04-05T02:06:26Z</time>
        <cmt>speed: 0.0</cmt>
      </trkpt>
      <trkpt lat="33.88541" lon="-84.529737">
        <ele>302</ele>
        <time>2026-04-05T02:06:30Z</time>
        <cmt>speed: 0.0</cmt>
      </trkpt>
      <trkpt lat="33.885407" lon="-84.529733">
        <ele>301</ele>
        <time>2026-04-05T02:06:34Z</time>
        <cmt>speed: 0.0</cmt>
      </trkpt>
      <trkpt lat="33.885406" lon="-84.529729">
        <ele>300</ele>
        <time>2026-04-05T02:06:38Z</time>
        <cmt>speed: 0.0</cmt>
      </trkpt>
      <trkpt lat="33.885407" lon="-84.529726">
        <ele>299</ele>
        <time>2026-04-05T02:06:42Z</time>
        <cmt>speed: 0.0</cmt>
      </trkpt>
      <trkpt lat="33.885407" lon="-84.529723">
        <ele>298</ele>
        <time>2026-04-05T02:06:46Z</time>
        <cmt>speed: 0.0</cmt>
      </trkpt>
      <trkpt lat="33.885404" lon="-84.52972">
        <ele>298</ele>
        <time>2026-04-05T02:06:50Z</time>
        <cmt>speed: 0.0</cmt>
      </trkpt>
      <trkpt lat="33.885402" lon="-84.529715">
        <ele>297</ele>
        <time>2026-04-05T02:06:54Z</time>
        <cmt>speed: 0.0</cmt>
      </trkpt>
      <trkpt lat="33.885402" lon="-84.529712">
        <ele>297</ele>
        <time>2026-04-05T02:06:58Z</time>
        <cmt>speed: 0.0</cmt>
      </trkpt>
      <trkpt lat="33.885402" lon="-84.529713">
        <ele>299</ele>
        <time>2026-04-05T02:07:02Z</time>
        <cmt>speed: 0.0</cmt>
      </trkpt>
      <trkpt lat="33.885404" lon="-84.529714">
        <ele>299</ele>
        <time>2026-04-05T02:07:06Z</time>
        <cmt>speed: 0.0</cmt>
      </trkpt>
      <trkpt lat="33.885406" lon="-84.529717">
        <ele>299</ele>
        <time>2026-04-05T02:07:10Z</time>
        <cmt>speed: 0.0</cmt>
      </trkpt>
      <trkpt lat="33.885408" lon="-84.52972">
        <ele>300</ele>
        <time>2026-04-05T02:07:14Z</time>
        <cmt>speed: 0.0</cmt>
      </trkpt>
      <trkpt lat="33.88541" lon="-84.529724">
        <ele>301</ele>
        <time>2026-04-05T02:07:18Z</time>
        <cmt>speed: 0.0</cmt>
      </trkpt>
      <trkpt lat="33.885411" lon="-84.529726">
        <ele>301</ele>
        <time>2026-04-05T02:07:22Z</time>
        <cmt>speed: 0.0</cmt>
      </trkpt>
      <trkpt lat="33.885412" lon="-84.529727">
        <ele>302</ele>
        <time>2026-04-05T02:07:26Z</time>
        <cmt>speed: 0.0</cmt>
      </trkpt>
      <trkpt lat="33.885414" lon="-84.529728">
        <ele>302</ele>
        <time>2026-04-05T02:07:30Z</time>
        <cmt>speed: 0.0</cmt>
      </trkpt>
      <trkpt lat="33.885416" lon="-84.529729">
        <ele>303</ele>
        <time>2026-04-05T02:07:34Z</time>
        <cmt>speed: 0.0</cmt>
      </trkpt>
      <trkpt lat="33.885419" lon="-84.52973">
        <ele>304</ele>
        <time>2026-04-05T02:07:38Z</time>
        <cmt>speed: 0.0</cmt>
      </trkpt>
      <trkpt lat="33.885418" lon="-84.52973">
        <ele>303</ele>
        <time>2026-04-05T02:07:42Z</time>
        <cmt>speed: 0.0</cmt>
      </trkpt>
      <trkpt lat="33.885418" lon="-84.529732">
        <ele>304</ele>
        <time>2026-04-05T02:07:46Z</time>
        <cmt>speed: 0.0</cmt>
      </trkpt>
      <trkpt lat="33.885415" lon="-84.529735">
        <ele>305</ele>
        <time>2026-04-05T02:07:50Z</time>
        <cmt>speed: 0.0</cmt>
      </trkpt>
      <trkpt lat="33.885409" lon="-84.529735">
        <ele>305</ele>
        <time>2026-04-05T02:07:54Z</time>
        <cmt>speed: 0.0</cmt>
      </trkpt>
      <trkpt lat="33.885406" lon="-84.529735">
        <ele>305</ele>
        <time>2026-04-05T02:07:58Z</time>
        <cmt>speed: 0.0</cmt>
      </trkpt>
      <trkpt lat="33.885403" lon="-84.529734">
        <ele>304</ele>
        <time>2026-04-05T02:08:02Z</time>
        <cmt>speed: 0.0</cmt>
      </trkpt>
      <trkpt lat="33.8854" lon="-84.529732">
        <ele>303</ele>
        <time>2026-04-05T02:08:06Z</time>
        <cmt>speed: 0.0</cmt>
      </trkpt>
      <trkpt lat="33.885399" lon="-84.529731">
        <ele>302</ele>
        <time>2026-04-05T02:08:10Z</time>
        <cmt>speed: 0.0</cmt>
      </trkpt>
      <trkpt lat="33.8854" lon="-84.529733">
        <ele>301</ele>
        <time>2026-04-05T02:08:14Z</time>
        <cmt>speed: 0.0</cmt>
      </trkpt>
      <trkpt lat="33.885402" lon="-84.529736">
        <ele>301</ele>
        <time>2026-04-05T02:08:18Z</time>
        <cmt>speed: 0.0</cmt>
      </trkpt>
      <trkpt lat="33.885403" lon="-84.529739">
        <ele>301</ele>
        <time>2026-04-05T02:08:22Z</time>
        <cmt>speed: 0.0</cmt>
      </trkpt>
      <trkpt lat="33.885404" lon="-84.529742">
        <ele>301</ele>
        <time>2026-04-05T02:08:26Z</time>
        <cmt>speed: 0.0</cmt>
      </trkpt>
      <trkpt lat="33.885406" lon="-84.529744">
        <ele>300</ele>
        <time>2026-04-05T02:08:30Z</time>
        <cmt>speed: 0.0</cmt>
      </trkpt>
      <trkpt lat="33.885404" lon="-84.529744">
        <ele>300</ele>
        <time>2026-04-05T02:08:34Z</time>
        <cmt>speed: 0.0</cmt>
      </trkpt>
      <trkpt lat="33.885403" lon="-84.529745">
        <ele>299</ele>
        <time>2026-04-05T02:08:38Z</time>
        <cmt>speed: 0.0</cmt>
      </trkpt>
      <trkpt lat="33.885401" lon="-84.529745">
        <ele>298</ele>
        <time>2026-04-05T02:08:42Z</time>
        <cmt>speed: 0.0</cmt>
      </trkpt>
      <trkpt lat="33.885399" lon="-84.529746">
        <ele>298</ele>
        <time>2026-04-05T02:08:46Z</time>
        <cmt>speed: 0.0</cmt>
      </trkpt>
      <trkpt lat="33.885393" lon="-84.529743">
        <ele>297</ele>
        <time>2026-04-05T02:08:50Z</time>
        <cmt>speed: 0.0</cmt>
      </trkpt>
      <trkpt lat="33.885388" lon="-84.52974">
        <ele>296</ele>
        <time>2026-04-05T02:08:54Z</time>
        <cmt>speed: 0.0</cmt>
      </trkpt>
      <trkpt lat="33.885394" lon="-84.529741">
        <ele>296</ele>
        <time>2026-04-05T02:08:58Z</time>
        <cmt>speed: 0.0</cmt>
      </trkpt>
      <trkpt lat="33.885405" lon="-84.529744">
        <ele>296</ele>
        <time>2026-04-05T02:09:02Z</time>
        <cmt>speed: 0.1</cmt>
      </trkpt>
      <trkpt lat="33.885414" lon="-84.529744">
        <ele>296</ele>
        <time>2026-04-05T02:09:06Z</time>
        <cmt>speed: 0.0</cmt>
      </trkpt>
      <trkpt lat="33.885426" lon="-84.529747">
        <ele>298</ele>
        <time>2026-04-05T02:09:10Z</time>
        <cmt>speed: 0.0</cmt>
      </trkpt>
      <trkpt lat="33.885442" lon="-84.529753">
        <ele>301</ele>
        <time>2026-04-05T02:09:14Z</time>
        <cmt>speed: 0.0</cmt>
      </trkpt>
      <trkpt lat="33.885442" lon="-84.529751">
        <ele>301</ele>
        <time>2026-04-05T02:09:18Z</time>
        <cmt>speed: 0.0</cmt>
      </trkpt>
      <trkpt lat="33.885444" lon="-84.529753">
        <ele>301</ele>
        <time>2026-04-05T02:09:22Z</time>
        <cmt>speed: 0.0</cmt>
      </trkpt>
      <trkpt lat="33.885446" lon="-84.529754">
        <ele>302</ele>
        <time>2026-04-05T02:09:26Z</time>
        <cmt>speed: 0.0</cmt>
      </trkpt>
      <trkpt lat="33.885471" lon="-84.529803">
        <ele>306</ele>
        <time>2026-04-05T02:09:36Z</time>
        <cmt>speed: 0.0</cmt>
      </trkpt>
      <trkpt lat="33.885253" lon="-84.529706">
        <ele>253</ele>
        <time>2026-04-05T02:12:08Z</time>
        <cmt>speed: 0.0</cmt>
      </trkpt>
      <trkpt lat="33.885395" lon="-84.529779">
        <ele>288</ele>
        <time>2026-04-05T02:14:38Z</time>
        <cmt>speed: 0.0</cmt>
      </trkpt>
      <trkpt lat="33.885501" lon="-84.529654">
        <ele>288</ele>
        <time>2026-04-05T02:17:06Z</time>
        <cmt>speed: 0.0</cmt>
      </trkpt>
      <trkpt lat="33.885419" lon="-84.529737">
        <ele>317</ele>
        <time>2026-04-05T02:19:40Z</time>
        <cmt>speed: 0.0</cmt>
      </trkpt>
      <trkpt lat="33.885429" lon="-84.529726">
        <ele>304</ele>
        <time>2026-04-05T02:22:08Z</time>
        <cmt>speed: 0.0</cmt>
      </trkpt>
      <trkpt lat="33.885429" lon="-84.529726">
        <ele>304</ele>
        <time>2026-04-05T02:24:33Z</time>
      </trkpt>
      <trkpt lat="33.885444" lon="-84.529724">
        <ele>314</ele>
        <time>2026-04-05T02:25:01Z</time>
        <cmt>speed: 0.0</cmt>
      </trkpt>
      <trkpt lat="33.885441" lon="-84.529806">
        <ele>311</ele>
        <time>2026-04-05T02:27:30Z</time>
        <cmt>speed: 0.0</cmt>
      </trkpt>
      <trkpt lat="33.885466" lon="-84.529787">
        <ele>310</ele>
        <time>2026-04-05T02:30:00Z</time>
        <cmt>speed: 0.4</cmt>
      </trkpt>
      <trkpt lat="33.885635" lon="-84.529483">
        <ele>315</ele>
        <time>2026-04-05T02:32:30Z</time>
        <cmt>speed: 0.8</cmt>
      </trkpt>
      <trkpt lat="33.885704" lon="-84.529083">
        <ele>307</ele>
        <time>2026-04-05T02:35:03Z</time>
        <cmt>speed: 0.4</cmt>
      </trkpt>
      <trkpt lat="33.885634" lon="-84.528932">
        <ele>333</ele>
        <time>2026-04-05T02:36:08Z</time>
        <cmt>speed: 0.4</cmt>
      </trkpt>
      <trkpt lat="33.885707" lon="-84.529051">
        <ele>322</ele>
        <time>2026-04-05T02:36:12Z</time>
        <cmt>speed: 0.0</cmt>
      </trkpt>
      <trkpt lat="33.885694" lon="-84.529087">
        <ele>319</ele>
        <time>2026-04-05T02:36:16Z</time>
        <cmt>speed: 0.0</cmt>
      </trkpt>
      <trkpt lat="33.885691" lon="-84.529098">
        <ele>317</ele>
        <time>2026-04-05T02:36:20Z</time>
        <cmt>speed: 0.0</cmt>
      </trkpt>
      <trkpt lat="33.885694" lon="-84.5291">
        <ele>316</ele>
        <time>2026-04-05T02:36:24Z</time>
        <cmt>speed: 0.0</cmt>
      </trkpt>
      <trkpt lat="33.885699" lon="-84.529096">
        <ele>316</ele>
        <time>2026-04-05T02:36:28Z</time>
        <cmt>speed: 0.0</cmt>
      </trkpt>
      <trkpt lat="33.885704" lon="-84.529096">
        <ele>316</ele>
        <time>2026-04-05T02:36:32Z</time>
        <cmt>speed: 0.0</cmt>
      </trkpt>
      <trkpt lat="33.885708" lon="-84.529094">
        <ele>316</ele>
        <time>2026-04-05T02:36:36Z</time>
        <cmt>speed: 0.0</cmt>
      </trkpt>
      <trkpt lat="33.885709" lon="-84.52909">
        <ele>315</ele>
        <time>2026-04-05T02:36:40Z</time>
        <cmt>speed: 0.0</cmt>
      </trkpt>
      <trkpt lat="33.885707" lon="-84.529088">
        <ele>314</ele>
        <time>2026-04-05T02:36:44Z</time>
        <cmt>speed: 0.0</cmt>
      </trkpt>
      <trkpt lat="33.885705" lon="-84.529086">
        <ele>313</ele>
        <time>2026-04-05T02:36:48Z</time>
        <cmt>speed: 0.0</cmt>
      </trkpt>
      <trkpt lat="33.885703" lon="-84.529085">
        <ele>313</ele>
        <time>2026-04-05T02:36:52Z</time>
        <cmt>speed: 0.0</cmt>
      </trkpt>
      <trkpt lat="33.885701" lon="-84.529083">
        <ele>313</ele>
        <time>2026-04-05T02:36:56Z</time>
        <cmt>speed: 0.0</cmt>
      </trkpt>
      <trkpt lat="33.885698" lon="-84.529082">
        <ele>312</ele>
        <time>2026-04-05T02:37:00Z</time>
        <cmt>speed: 0.0</cmt>
      </trkpt>
      <trkpt lat="33.885695" lon="-84.529079">
        <ele>312</ele>
        <time>2026-04-05T02:37:04Z</time>
        <cmt>speed: 0.0</cmt>
      </trkpt>
      <trkpt lat="33.885691" lon="-84.529078">
        <ele>312</ele>
        <time>2026-04-05T02:37:08Z</time>
        <cmt>speed: 0.0</cmt>
      </trkpt>
      <trkpt lat="33.885687" lon="-84.529075">
        <ele>312</ele>
        <time>2026-04-05T02:37:12Z</time>
        <cmt>speed: 0.0</cmt>
      </trkpt>
      <trkpt lat="33.885687" lon="-84.529077">
        <ele>312</ele>
        <time>2026-04-05T02:37:16Z</time>
        <cmt>speed: 0.0</cmt>
      </trkpt>
      <trkpt lat="33.885686" lon="-84.529077">
        <ele>312</ele>
        <time>2026-04-05T02:37:20Z</time>
        <cmt>speed: 0.0</cmt>
      </trkpt>
      <trkpt lat="33.885685" lon="-84.529075">
        <ele>312</ele>
        <time>2026-04-05T02:37:24Z</time>
        <cmt>speed: 0.0</cmt>
      </trkpt>
      <trkpt lat="33.885684" lon="-84.529072">
        <ele>312</ele>
        <time>2026-04-05T02:37:28Z</time>
        <cmt>speed: 0.0</cmt>
      </trkpt>
      <trkpt lat="33.885684" lon="-84.529071">
        <ele>311</ele>
        <time>2026-04-05T02:37:32Z</time>
        <cmt>speed: 0.0</cmt>
      </trkpt>
      <trkpt lat="33.885686" lon="-84.529071">
        <ele>311</ele>
        <time>2026-04-05T02:37:36Z</time>
        <cmt>speed: 0.0</cmt>
      </trkpt>
      <trkpt lat="33.885689" lon="-84.529078">
        <ele>311</ele>
        <time>2026-04-05T02:37:40Z</time>
        <cmt>speed: 0.5</cmt>
      </trkpt>
      <trkpt lat="33.885689" lon="-84.529093">
        <ele>310</ele>
        <time>2026-04-05T02:37:44Z</time>
        <cmt>speed: 0.0</cmt>
      </trkpt>
      <trkpt lat="33.885687" lon="-84.529096">
        <ele>310</ele>
        <time>2026-04-05T02:37:48Z</time>
        <cmt>speed: 0.0</cmt>
      </trkpt>
      <trkpt lat="33.88569" lon="-84.529095">
        <ele>310</ele>
        <time>2026-04-05T02:37:52Z</time>
        <cmt>speed: 0.5</cmt>
      </trkpt>
      <trkpt lat="33.885688" lon="-84.529101">
        <ele>310</ele>
        <time>2026-04-05T02:37:56Z</time>
        <cmt>speed: 0.2</cmt>
      </trkpt>
      <trkpt lat="33.885689" lon="-84.529115">
        <ele>310</ele>
        <time>2026-04-05T02:38:00Z</time>
        <cmt>speed: 0.4</cmt>
      </trkpt>
      <trkpt lat="33.885706" lon="-84.529129">
        <ele>310</ele>
        <time>2026-04-05T02:38:04Z</time>
        <cmt>speed: 0.4</cmt>
      </trkpt>
      <trkpt lat="33.885716" lon="-84.529143">
        <ele>311</ele>
        <time>2026-04-05T02:38:08Z</time>
        <cmt>speed: 0.2</cmt>
      </trkpt>
      <trkpt lat="33.885716" lon="-84.529165">
        <ele>311</ele>
        <time>2026-04-05T02:38:12Z</time>
        <cmt>speed: 0.6</cmt>
      </trkpt>
      <trkpt lat="33.885735" lon="-84.529177">
        <ele>311</ele>
        <time>2026-04-05T02:38:16Z</time>
        <cmt>speed: 0.4</cmt>
      </trkpt>
      <trkpt lat="33.88574" lon="-84.529176">
        <ele>311</ele>
        <time>2026-04-05T02:38:20Z</time>
        <cmt>speed: 0.0</cmt>
      </trkpt>
      <trkpt lat="33.885738" lon="-84.529177">
        <ele>311</ele>
        <time>2026-04-05T02:38:24Z</time>
        <cmt>speed: 0.0</cmt>
      </trkpt>
      <trkpt lat="33.88574" lon="-84.529179">
        <ele>311</ele>
        <time>2026-04-05T02:38:28Z</time>
        <cmt>speed: 0.2</cmt>
      </trkpt>
      <trkpt lat="33.885744" lon="-84.529177">
        <ele>311</ele>
        <time>2026-04-05T02:38:32Z</time>
        <cmt>speed: 0.0</cmt>
      </trkpt>
      <trkpt lat="33.885744" lon="-84.529178">
        <ele>311</ele>
        <time>2026-04-05T02:38:36Z</time>
        <cmt>speed: 0.0</cmt>
      </trkpt>
      <trkpt lat="33.885745" lon="-84.529179">
        <ele>311</ele>
        <time>2026-04-05T02:38:40Z</time>
        <cmt>speed: 0.0</cmt>
      </trkpt>
      <trkpt lat="33.885746" lon="-84.529181">
        <ele>311</ele>
        <time>2026-04-05T02:38:44Z</time>
        <cmt>speed: 0.0</cmt>
      </trkpt>
      <trkpt lat="33.885749" lon="-84.529182">
        <ele>311</ele>
        <time>2026-04-05T02:38:48Z</time>
        <cmt>speed: 0.0</cmt>
      </trkpt>
      <trkpt lat="33.885749" lon="-84.529183">
        <ele>311</ele>
        <time>2026-04-05T02:38:52Z</time>
        <cmt>speed: 0.0</cmt>
      </trkpt>
      <trkpt lat="33.885753" lon="-84.529178">
        <ele>311</ele>
        <time>2026-04-05T02:38:56Z</time>
        <cmt>speed: 0.0</cmt>
      </trkpt>
      <trkpt lat="33.885753" lon="-84.529178">
        <ele>311</ele>
        <time>2026-04-05T02:39:00Z</time>
        <cmt>speed: 0.0</cmt>
      </trkpt>
      <trkpt lat="33.885753" lon="-84.529175">
        <ele>311</ele>
        <time>2026-04-05T02:39:04Z</time>
        <cmt>speed: 0.0</cmt>
      </trkpt>
      <trkpt lat="33.885753" lon="-84.529171">
        <ele>311</ele>
        <time>2026-04-05T02:39:08Z</time>
        <cmt>speed: 0.0</cmt>
      </trkpt>
      <trkpt lat="33.885756" lon="-84.529168">
        <ele>310</ele>
        <time>2026-04-05T02:39:12Z</time>
        <cmt>speed: 0.0</cmt>
      </trkpt>
      <trkpt lat="33.885756" lon="-84.52917">
        <ele>311</ele>
        <time>2026-04-05T02:39:16Z</time>
        <cmt>speed: 0.0</cmt>
      </trkpt>
      <trkpt lat="33.885752" lon="-84.529169">
        <ele>312</ele>
        <time>2026-04-05T02:39:20Z</time>
        <cmt>speed: 0.0</cmt>
      </trkpt>
      <trkpt lat="33.88575" lon="-84.52917">
        <ele>313</ele>
        <time>2026-04-05T02:39:24Z</time>
        <cmt>speed: 0.0</cmt>
      </trkpt>
      <trkpt lat="33.885747" lon="-84.529174">
        <ele>314</ele>
        <time>2026-04-05T02:39:28Z</time>
        <cmt>speed: 0.0</cmt>
      </trkpt>
      <trkpt lat="33.885746" lon="-84.529174">
        <ele>315</ele>
        <time>2026-04-05T02:39:32Z</time>
        <cmt>speed: 0.0</cmt>
      </trkpt>
      <trkpt lat="33.885751" lon="-84.529181">
        <ele>316</ele>
        <time>2026-04-05T02:39:36Z</time>
        <cmt>speed: 0.0</cmt>
      </trkpt>
      <trkpt lat="33.885757" lon="-84.529182">
        <ele>317</ele>
        <time>2026-04-05T02:39:40Z</time>
        <cmt>speed: 0.0</cmt>
      </trkpt>
      <trkpt lat="33.885756" lon="-84.529178">
        <ele>316</ele>
        <time>2026-04-05T02:39:44Z</time>
        <cmt>speed: 0.0</cmt>
      </trkpt>
      <trkpt lat="33.885748" lon="-84.529169">
        <ele>317</ele>
        <time>2026-04-05T02:39:48Z</time>
        <cmt>speed: 0.0</cmt>
      </trkpt>
      <trkpt lat="33.885748" lon="-84.529159">
        <ele>317</ele>
        <time>2026-04-05T02:39:52Z</time>
        <cmt>speed: 0.0</cmt>
      </trkpt>
      <trkpt lat="33.885752" lon="-84.529157">
        <ele>317</ele>
        <time>2026-04-05T02:39:56Z</time>
        <cmt>speed: 0.0</cmt>
      </trkpt>
      <trkpt lat="33.88575" lon="-84.529158">
        <ele>316</ele>
        <time>2026-04-05T02:40:00Z</time>
        <cmt>speed: 0.0</cmt>
      </trkpt>
      <trkpt lat="33.885749" lon="-84.529161">
        <ele>315</ele>
        <time>2026-04-05T02:40:04Z</time>
        <cmt>speed: 0.0</cmt>
      </trkpt>
      <trkpt lat="33.885752" lon="-84.529158">
        <ele>315</ele>
        <time>2026-04-05T02:40:08Z</time>
        <cmt>speed: 0.1</cmt>
      </trkpt>
      <trkpt lat="33.885752" lon="-84.529154">
        <ele>315</ele>
        <time>2026-04-05T02:40:12Z</time>
        <cmt>speed: 0.0</cmt>
      </trkpt>
      <trkpt lat="33.885752" lon="-84.529151">
        <ele>316</ele>
        <time>2026-04-05T02:40:16Z</time>
        <cmt>speed: 0.0</cmt>
      </trkpt>
      <trkpt lat="33.885755" lon="-84.529155">
        <ele>317</ele>
        <time>2026-04-05T02:40:20Z</time>
        <cmt>speed: 0.0</cmt>
      </trkpt>
      <trkpt lat="33.885757" lon="-84.52916">
        <ele>319</ele>
        <time>2026-04-05T02:40:24Z</time>
        <cmt>speed: 0.0</cmt>
      </trkpt>
      <trkpt lat="33.885754" lon="-84.529166">
        <ele>321</ele>
        <time>2026-04-05T02:40:28Z</time>
        <cmt>speed: 0.0</cmt>
      </trkpt>
      <trkpt lat="33.885751" lon="-84.529172">
        <ele>321</ele>
        <time>2026-04-05T02:40:32Z</time>
        <cmt>speed: 0.1</cmt>
      </trkpt>
      <trkpt lat="33.885745" lon="-84.529171">
        <ele>320</ele>
        <time>2026-04-05T02:40:36Z</time>
        <cmt>speed: 0.0</cmt>
      </trkpt>
      <trkpt lat="33.885747" lon="-84.529171">
        <ele>319</ele>
        <time>2026-04-05T02:40:40Z</time>
        <cmt>speed: 0.0</cmt>
      </trkpt>
      <trkpt lat="33.88575" lon="-84.529171">
        <ele>318</ele>
        <time>2026-04-05T02:40:44Z</time>
        <cmt>speed: 0.1</cmt>
      </trkpt>
      <trkpt lat="33.885751" lon="-84.529169">
        <ele>317</ele>
        <time>2026-04-05T02:40:48Z</time>
        <cmt>speed: 0.0</cmt>
      </trkpt>
      <trkpt lat="33.885757" lon="-84.529173">
        <ele>315</ele>
        <time>2026-04-05T02:40:52Z</time>
        <cmt>speed: 0.0</cmt>
      </trkpt>
      <trkpt lat="33.885756" lon="-84.529174">
        <ele>316</ele>
        <time>2026-04-05T02:40:56Z</time>
        <cmt>speed: 0.1</cmt>
      </trkpt>
      <trkpt lat="33.885775" lon="-84.529185">
        <ele>314</ele>
        <time>2026-04-05T02:41:01Z</time>
        <cmt>speed: 0.9</cmt>
      </trkpt>
      <trkpt lat="33.885585" lon="-84.529347">
        <ele>313</ele>
        <time>2026-04-05T02:43:36Z</time>
        <cmt>speed: 0.1</cmt>
      </trkpt>
      <trkpt lat="33.885326" lon="-84.52974">
        <ele>303</ele>
        <time>2026-04-05T02:46:06Z</time>
        <cmt>speed: 0.4</cmt>
      </trkpt>
      <trkpt lat="33.885377" lon="-84.530181">
        <ele>297</ele>
        <time>2026-04-05T02:48:37Z</time>
        <cmt>speed: 0.0</cmt>
      </trkpt>
      <trkpt lat="33.885054" lon="-84.530826">
        <ele>294</ele>
        <time>2026-04-05T02:51:11Z</time>
        <cmt>speed: 0.0</cmt>
      </trkpt>
      <trkpt lat="33.885058" lon="-84.530781">
        <ele>303</ele>
        <time>2026-04-05T02:53:42Z</time>
        <cmt>speed: 0.0</cmt>
      </trkpt>
      <trkpt lat="33.88495" lon="-84.530637">
        <ele>300</ele>
        <time>2026-04-05T02:56:07Z</time>
        <cmt>speed: 0.0</cmt>
      </trkpt>
      <trkpt lat="33.884707" lon="-84.530897">
        <ele>289</ele>
        <time>2026-04-05T02:58:36Z</time>
        <cmt>speed: 0.0</cmt>
      </trkpt>
      <trkpt lat="33.884872" lon="-84.530964">
        <ele>288</ele>
        <time>2026-04-05T03:01:04Z</time>
        <cmt>speed: 0.0</cmt>
      </trkpt>
      <trkpt lat="33.884705" lon="-84.531034">
        <ele>309</ele>
        <time>2026-04-05T03:03:36Z</time>
        <cmt>speed: 0.0</cmt>
      </trkpt>
      <trkpt lat="33.884773" lon="-84.530905">
        <ele>303</ele>
        <time>2026-04-05T03:06:06Z</time>
        <cmt>speed: 0.0</cmt>
      </trkpt>
      <trkpt lat="33.884972" lon="-84.530845">
        <ele>283</ele>
        <time>2026-04-05T03:08:38Z</time>
        <cmt>speed: 0.0</cmt>
      </trkpt>
      <trkpt lat="33.885061" lon="-84.530796">
        <ele>300</ele>
        <time>2026-04-05T03:11:12Z</time>
        <cmt>speed: 0.0</cmt>
      </trkpt>
      <trkpt lat="33.885091" lon="-84.530691">
        <ele>297</ele>
        <time>2026-04-05T03:13:35Z</time>
        <cmt>speed: 0.0</cmt>
      </trkpt>
      <trkpt lat="33.885134" lon="-84.530277">
        <ele>306</ele>
        <time>2026-04-05T03:16:07Z</time>
        <cmt>speed: 0.0</cmt>
      </trkpt>
      <trkpt lat="33.88507" lon="-84.530693">
        <ele>308</ele>
        <time>2026-04-05T03:18:36Z</time>
        <cmt>speed: 0.0</cmt>
      </trkpt>
      <trkpt lat="33.885044" lon="-84.530797">
        <ele>295</ele>
        <time>2026-04-05T03:21:08Z</time>
        <cmt>speed: 0.3</cmt>
      </trkpt>
      <trkpt lat="33.884992" lon="-84.530752">
        <ele>306</ele>
        <time>2026-04-05T03:23:37Z</time>
        <cmt>speed: 0.1</cmt>
      </trkpt>
      <trkpt lat="33.885029" lon="-84.530786">
        <ele>313</ele>
        <time>2026-04-05T03:26:12Z</time>
        <cmt>speed: 0.1</cmt>
      </trkpt>
      <trkpt lat="33.884742" lon="-84.530974">
        <ele>317</ele>
        <time>2026-04-05T03:28:37Z</time>
        <cmt>speed: 0.0</cmt>
      </trkpt>
      <trkpt lat="33.884739" lon="-84.531038">
        <ele>329</ele>
        <time>2026-04-05T03:31:07Z</time>
        <cmt>speed: 0.0</cmt>
      </trkpt>
      <trkpt lat="33.88479" lon="-84.530967">
        <ele>327</ele>
        <time>2026-04-05T03:33:37Z</time>
        <cmt>speed: 0.0</cmt>
      </trkpt>
      <trkpt lat="33.884795" lon="-84.530817">
        <ele>293</ele>
        <time>2026-04-05T03:36:05Z</time>
        <cmt>speed: 0.0</cmt>
      </trkpt>
      <trkpt lat="33.884888" lon="-84.531021">
        <ele>313</ele>
        <time>2026-04-05T03:38:37Z</time>
        <cmt>speed: 0.0</cmt>
      </trkpt>
      <trkpt lat="33.884951" lon="-84.530949">
        <ele>324</ele>
        <time>2026-04-05T03:41:06Z</time>
        <cmt>speed: 0.1</cmt>
      </trkpt>
      <trkpt lat="33.884806" lon="-84.530943">
        <ele>303</ele>
        <time>2026-04-05T03:43:37Z</time>
        <cmt>speed: 0.0</cmt>
      </trkpt>
      <trkpt lat="33.884892" lon="-84.530872">
        <ele>304</ele>
        <time>2026-04-05T03:46:05Z</time>
        <cmt>speed: 0.0</cmt>
      </trkpt>
      <trkpt lat="33.884901" lon="-84.530955">
        <ele>336</ele>
        <time>2026-04-05T03:48:37Z</time>
        <cmt>speed: 0.0</cmt>
      </trkpt>
      <trkpt lat="33.884878" lon="-84.530674">
        <ele>310</ele>
        <time>2026-04-05T03:51:06Z</time>
        <cmt>speed: 0.0</cmt>
      </trkpt>
      <trkpt lat="33.885008" lon="-84.530652">
        <ele>307</ele>
        <time>2026-04-05T03:53:36Z</time>
        <cmt>speed: 0.1</cmt>
      </trkpt>
      <trkpt lat="33.88502" lon="-84.530904">
        <ele>322</ele>
        <time>2026-04-05T03:56:21Z</time>
        <cmt>speed: 0.0</cmt>
      </trkpt>
      <trkpt lat="33.88499" lon="-84.530912">
        <ele>335</ele>
        <time>2026-04-05T03:56:25Z</time>
        <cmt>speed: 0.1</cmt>
      </trkpt>
      <trkpt lat="33.884978" lon="-84.530897">
        <ele>343</ele>
        <time>2026-04-05T03:56:29Z</time>
        <cmt>speed: 0.0</cmt>
      </trkpt>
      <trkpt lat="33.884947" lon="-84.530904">
        <ele>354</ele>
        <time>2026-04-05T03:56:33Z</time>
        <cmt>speed: 0.0</cmt>
      </trkpt>
      <trkpt lat="33.884932" lon="-84.530906">
        <ele>357</ele>
        <time>2026-04-05T03:56:37Z</time>
        <cmt>speed: 0.1</cmt>
      </trkpt>
      <trkpt lat="33.884918" lon="-84.530903">
        <ele>361</ele>
        <time>2026-04-05T03:56:41Z</time>
        <cmt>speed: 0.0</cmt>
      </trkpt>
      <trkpt lat="33.884909" lon="-84.530904">
        <ele>361</ele>
        <time>2026-04-05T03:56:45Z</time>
        <cmt>speed: 0.1</cmt>
      </trkpt>
      <trkpt lat="33.884914" lon="-84.530904">
        <ele>359</ele>
        <time>2026-04-05T03:56:49Z</time>
        <cmt>speed: 0.0</cmt>
      </trkpt>
      <trkpt lat="33.884915" lon="-84.530905">
        <ele>359</ele>
        <time>2026-04-05T03:56:53Z</time>
        <cmt>speed: 0.2</cmt>
      </trkpt>
      <trkpt lat="33.884897" lon="-84.530912">
        <ele>359</ele>
        <time>2026-04-05T03:56:57Z</time>
        <cmt>speed: 0.0</cmt>
      </trkpt>
      <trkpt lat="33.884883" lon="-84.530921">
        <ele>360</ele>
        <time>2026-04-05T03:57:01Z</time>
        <cmt>speed: 0.1</cmt>
      </trkpt>
      <trkpt lat="33.88488" lon="-84.53093">
        <ele>360</ele>
        <time>2026-04-05T03:57:05Z</time>
        <cmt>speed: 0.0</cmt>
      </trkpt>
      <trkpt lat="33.88488" lon="-84.530938">
        <ele>357</ele>
        <time>2026-04-05T03:57:09Z</time>
        <cmt>speed: 0.0</cmt>
      </trkpt>
      <trkpt lat="33.884887" lon="-84.530939">
        <ele>355</ele>
        <time>2026-04-05T03:57:13Z</time>
        <cmt>speed: 0.1</cmt>
      </trkpt>
      <trkpt lat="33.884884" lon="-84.530944">
        <ele>353</ele>
        <time>2026-04-05T03:57:17Z</time>
        <cmt>speed: 0.1</cmt>
      </trkpt>
      <trkpt lat="33.884875" lon="-84.530944">
        <ele>355</ele>
        <time>2026-04-05T03:57:21Z</time>
        <cmt>speed: 0.0</cmt>
      </trkpt>
      <trkpt lat="33.884875" lon="-84.53094">
        <ele>354</ele>
        <time>2026-04-05T03:57:25Z</time>
        <cmt>speed: 0.4</cmt>
      </trkpt>
      <trkpt lat="33.884874" lon="-84.530936">
        <ele>353</ele>
        <time>2026-04-05T03:57:29Z</time>
        <cmt>speed: 0.0</cmt>
      </trkpt>
      <trkpt lat="33.884879" lon="-84.53094">
        <ele>348</ele>
        <time>2026-04-05T03:57:33Z</time>
        <cmt>speed: 0.1</cmt>
      </trkpt>
      <trkpt lat="33.885045" lon="-84.530573">
        <ele>319</ele>
        <time>2026-04-05T03:58:37Z</time>
        <cmt>speed: 0.3</cmt>
      </trkpt>
      <trkpt lat="33.885093" lon="-84.530597">
        <ele>303</ele>
        <time>2026-04-05T04:01:06Z</time>
        <cmt>speed: 0.0</cmt>
      </trkpt>
      <trkpt lat="33.885255" lon="-84.530558">
        <ele>305</ele>
        <time>2026-04-05T04:03:35Z</time>
        <cmt>speed: 0.5</cmt>
      </trkpt>
      <trkpt lat="33.885231" lon="-84.530812">
        <ele>304</ele>
        <time>2026-04-05T04:06:10Z</time>
        <cmt>speed: 0.1</cmt>
      </trkpt>
      <trkpt lat="33.885212" lon="-84.531003">
        <ele>304</ele>
        <time>2026-04-05T04:08:36Z</time>
        <cmt>speed: 0.2</cmt>
      </trkpt>
      <trkpt lat="33.885222" lon="-84.531046">
        <ele>311</ele>
        <time>2026-04-05T04:11:07Z</time>
        <cmt>speed: 0.0</cmt>
      </trkpt>
      <trkpt lat="33.885255" lon="-84.531014">
        <ele>302</ele>
        <time>2026-04-05T04:13:42Z</time>
        <cmt>speed: 0.5</cmt>
      </trkpt>
      <trkpt lat="33.885183" lon="-84.531023">
        <ele>309</ele>
        <time>2026-04-05T04:16:06Z</time>
        <cmt>speed: 0.0</cmt>
      </trkpt>
      <trkpt lat="33.884963" lon="-84.530989">
        <ele>319</ele>
        <time>2026-04-05T04:18:38Z</time>
        <cmt>speed: 0.2</cmt>
      </trkpt>
      <trkpt lat="33.884997" lon="-84.531108">
        <ele>323</ele>
        <time>2026-04-05T04:21:07Z</time>
        <cmt>speed: 0.0</cmt>
      </trkpt>
      <trkpt lat="33.885097" lon="-84.531046">
        <ele>291</ele>
        <time>2026-04-05T04:23:37Z</time>
        <cmt>speed: 0.0</cmt>
      </trkpt>
      <trkpt lat="33.885052" lon="-84.531066">
        <ele>300</ele>
        <time>2026-04-05T04:26:06Z</time>
        <cmt>speed: 0.0</cmt>
      </trkpt>
      <trkpt lat="33.88483" lon="-84.53118">
        <ele>308</ele>
        <time>2026-04-05T04:28:35Z</time>
        <cmt>speed: 0.1</cmt>
      </trkpt>
      <trkpt lat="33.884896" lon="-84.531236">
        <ele>302</ele>
        <time>2026-04-05T04:31:06Z</time>
        <cmt>speed: 0.1</cmt>
      </trkpt>
      <trkpt lat="33.88481" lon="-84.5314">
        <ele>298</ele>
        <time>2026-04-05T04:33:35Z</time>
        <cmt>speed: 0.6</cmt>
      </trkpt>
      <trkpt lat="33.884609" lon="-84.531514">
        <ele>298</ele>
        <time>2026-04-05T04:36:06Z</time>
        <cmt>speed: 0.1</cmt>
      </trkpt>
      <trkpt lat="33.884099" lon="-84.531667">
        <ele>291</ele>
        <time>2026-04-05T04:38:34Z</time>
        <cmt>speed: 0.0</cmt>
      </trkpt>
      <trkpt lat="33.883632" lon="-84.53173">
        <ele>257</ele>
        <time>2026-04-05T04:41:07Z</time>
        <cmt>speed: 0.2</cmt>
      </trkpt>
      <trkpt lat="33.883681" lon="-84.531414">
        <ele>320</ele>
        <time>2026-04-05T04:41:49Z</time>
        <cmt>speed: 0.3</cmt>
      </trkpt>
      <trkpt lat="33.883576" lon="-84.531549">
        <ele>307</ele>
        <time>2026-04-05T04:41:53Z</time>
        <cmt>speed: 0.0</cmt>
      </trkpt>
      <trkpt lat="33.883594" lon="-84.531565">
        <ele>307</ele>
        <time>2026-04-05T04:41:57Z</time>
        <cmt>speed: 0.0</cmt>
      </trkpt>
      <trkpt lat="33.883595" lon="-84.531567">
        <ele>304</ele>
        <time>2026-04-05T04:42:01Z</time>
        <cmt>speed: 0.0</cmt>
      </trkpt>
      <trkpt lat="33.883585" lon="-84.531568">
        <ele>305</ele>
        <time>2026-04-05T04:42:05Z</time>
        <cmt>speed: 0.0</cmt>
      </trkpt>
      <trkpt lat="33.88358" lon="-84.53157">
        <ele>306</ele>
        <time>2026-04-05T04:42:09Z</time>
        <cmt>speed: 0.0</cmt>
      </trkpt>
      <trkpt lat="33.883572" lon="-84.531568">
        <ele>307</ele>
        <time>2026-04-05T04:42:13Z</time>
        <cmt>speed: 0.0</cmt>
      </trkpt>
      <trkpt lat="33.883562" lon="-84.531567">
        <ele>305</ele>
        <time>2026-04-05T04:42:17Z</time>
        <cmt>speed: 0.0</cmt>
      </trkpt>
      <trkpt lat="33.883556" lon="-84.531564">
        <ele>304</ele>
        <time>2026-04-05T04:42:21Z</time>
        <cmt>speed: 0.0</cmt>
      </trkpt>
      <trkpt lat="33.883549" lon="-84.531563">
        <ele>303</ele>
        <time>2026-04-05T04:42:25Z</time>
        <cmt>speed: 0.0</cmt>
      </trkpt>
      <trkpt lat="33.883548" lon="-84.531562">
        <ele>304</ele>
        <time>2026-04-05T04:42:29Z</time>
        <cmt>speed: 0.0</cmt>
      </trkpt>
      <trkpt lat="33.883549" lon="-84.531561">
        <ele>305</ele>
        <time>2026-04-05T04:42:33Z</time>
        <cmt>speed: 0.0</cmt>
      </trkpt>
      <trkpt lat="33.883544" lon="-84.531557">
        <ele>306</ele>
        <time>2026-04-05T04:42:37Z</time>
        <cmt>speed: 0.0</cmt>
      </trkpt>
      <trkpt lat="33.883546" lon="-84.531553">
        <ele>306</ele>
        <time>2026-04-05T04:42:41Z</time>
        <cmt>speed: 0.0</cmt>
      </trkpt>
      <trkpt lat="33.883552" lon="-84.531553">
        <ele>305</ele>
        <time>2026-04-05T04:42:45Z</time>
        <cmt>speed: 0.0</cmt>
      </trkpt>
      <trkpt lat="33.883557" lon="-84.531548">
        <ele>305</ele>
        <time>2026-04-05T04:42:49Z</time>
        <cmt>speed: 0.0</cmt>
      </trkpt>
      <trkpt lat="33.883563" lon="-84.531546">
        <ele>305</ele>
        <time>2026-04-05T04:42:53Z</time>
        <cmt>speed: 0.0</cmt>
      </trkpt>
      <trkpt lat="33.883566" lon="-84.531546">
        <ele>305</ele>
        <time>2026-04-05T04:42:57Z</time>
        <cmt>speed: 0.0</cmt>
      </trkpt>
      <trkpt lat="33.883567" lon="-84.531547">
        <ele>305</ele>
        <time>2026-04-05T04:43:01Z</time>
        <cmt>speed: 0.0</cmt>
      </trkpt>
      <trkpt lat="33.883566" lon="-84.531547">
        <ele>306</ele>
        <time>2026-04-05T04:43:05Z</time>
        <cmt>speed: 0.0</cmt>
      </trkpt>
      <trkpt lat="33.883568" lon="-84.531547">
        <ele>306</ele>
        <time>2026-04-05T04:43:09Z</time>
        <cmt>speed: 0.0</cmt>
      </trkpt>
      <trkpt lat="33.883568" lon="-84.531545">
        <ele>306</ele>
        <time>2026-04-05T04:43:13Z</time>
        <cmt>speed: 0.0</cmt>
      </trkpt>
      <trkpt lat="33.883568" lon="-84.531542">
        <ele>307</ele>
        <time>2026-04-05T04:43:17Z</time>
        <cmt>speed: 0.0</cmt>
      </trkpt>
      <trkpt lat="33.883563" lon="-84.531539">
        <ele>307</ele>
        <time>2026-04-05T04:43:21Z</time>
        <cmt>speed: 0.0</cmt>
      </trkpt>
      <trkpt lat="33.88356" lon="-84.531537">
        <ele>307</ele>
        <time>2026-04-05T04:43:25Z</time>
        <cmt>speed: 0.0</cmt>
      </trkpt>
      <trkpt lat="33.883561" lon="-84.531536">
        <ele>307</ele>
        <time>2026-04-05T04:43:29Z</time>
        <cmt>speed: 0.0</cmt>
      </trkpt>
      <trkpt lat="33.883564" lon="-84.531547">
        <ele>307</ele>
        <time>2026-04-05T04:43:33Z</time>
        <cmt>speed: 0.5</cmt>
      </trkpt>
      <trkpt lat="33.883586" lon="-84.531564">
        <ele>304</ele>
        <time>2026-04-05T04:43:37Z</time>
        <cmt>speed: 0.0</cmt>
      </trkpt>
      <trkpt lat="33.883617" lon="-84.531576">
        <ele>301</ele>
        <time>2026-04-05T04:43:41Z</time>
        <cmt>speed: 0.0</cmt>
      </trkpt>
      <trkpt lat="33.883642" lon="-84.531585">
        <ele>300</ele>
        <time>2026-04-05T04:43:45Z</time>
        <cmt>speed: 0.0</cmt>
      </trkpt>
      <trkpt lat="33.883655" lon="-84.53159">
        <ele>299</ele>
        <time>2026-04-05T04:43:49Z</time>
        <cmt>speed: 0.0</cmt>
      </trkpt>
      <trkpt lat="33.883668" lon="-84.531589">
        <ele>298</ele>
        <time>2026-04-05T04:43:53Z</time>
        <cmt>speed: 0.0</cmt>
      </trkpt>
      <trkpt lat="33.883678" lon="-84.531586">
        <ele>297</ele>
        <time>2026-04-05T04:43:57Z</time>
        <cmt>speed: 0.0</cmt>
      </trkpt>
      <trkpt lat="33.883684" lon="-84.531585">
        <ele>296</ele>
        <time>2026-04-05T04:44:01Z</time>
        <cmt>speed: 0.0</cmt>
      </trkpt>
      <trkpt lat="33.883688" lon="-84.531588">
        <ele>295</ele>
        <time>2026-04-05T04:44:05Z</time>
        <cmt>speed: 0.0</cmt>
      </trkpt>
      <trkpt lat="33.883689" lon="-84.53159">
        <ele>294</ele>
        <time>2026-04-05T04:44:09Z</time>
        <cmt>speed: 0.0</cmt>
      </trkpt>
      <trkpt lat="33.88369" lon="-84.531591">
        <ele>294</ele>
        <time>2026-04-05T04:44:13Z</time>
        <cmt>speed: 0.0</cmt>
      </trkpt>
      <trkpt lat="33.88369" lon="-84.531592">
        <ele>295</ele>
        <time>2026-04-05T04:44:17Z</time>
        <cmt>speed: 0.0</cmt>
      </trkpt>
      <trkpt lat="33.883691" lon="-84.531593">
        <ele>295</ele>
        <time>2026-04-05T04:44:21Z</time>
        <cmt>speed: 0.0</cmt>
      </trkpt>
      <trkpt lat="33.883692" lon="-84.531594">
        <ele>295</ele>
        <time>2026-04-05T04:44:25Z</time>
        <cmt>speed: 0.0</cmt>
      </trkpt>
      <trkpt lat="33.883693" lon="-84.531594">
        <ele>295</ele>
        <time>2026-04-05T04:44:29Z</time>
        <cmt>speed: 0.0</cmt>
      </trkpt>
      <trkpt lat="33.883695" lon="-84.531595">
        <ele>295</ele>
        <time>2026-04-05T04:44:33Z</time>
        <cmt>speed: 0.0</cmt>
      </trkpt>
      <trkpt lat="33.883694" lon="-84.531596">
        <ele>295</ele>
        <time>2026-04-05T04:44:37Z</time>
        <cmt>speed: 0.0</cmt>
      </trkpt>
      <trkpt lat="33.883694" lon="-84.531598">
        <ele>294</ele>
        <time>2026-04-05T04:44:41Z</time>
        <cmt>speed: 0.0</cmt>
      </trkpt>
      <trkpt lat="33.883686" lon="-84.531578">
        <ele>294</ele>
        <time>2026-04-05T04:44:45Z</time>
        <cmt>speed: 0.4</cmt>
      </trkpt>
      <trkpt lat="33.883692" lon="-84.531577">
        <ele>295</ele>
        <time>2026-04-05T04:44:49Z</time>
        <cmt>speed: 0.3</cmt>
      </trkpt>
      <trkpt lat="33.883687" lon="-84.531568">
        <ele>295</ele>
        <time>2026-04-05T04:44:53Z</time>
        <cmt>speed: 0.2</cmt>
      </trkpt>
      <trkpt lat="33.883693" lon="-84.531555">
        <ele>295</ele>
        <time>2026-04-05T04:44:57Z</time>
        <cmt>speed: 0.5</cmt>
      </trkpt>
      <trkpt lat="33.883697" lon="-84.531554">
        <ele>296</ele>
        <time>2026-04-05T04:45:01Z</time>
        <cmt>speed: 0.1</cmt>
      </trkpt>
      <trkpt lat="33.88369" lon="-84.531541">
        <ele>295</ele>
        <time>2026-04-05T04:45:05Z</time>
        <cmt>speed: 0.5</cmt>
      </trkpt>
      <trkpt lat="33.883685" lon="-84.531542">
        <ele>293</ele>
        <time>2026-04-05T04:45:09Z</time>
        <cmt>speed: 0.3</cmt>
      </trkpt>
      <trkpt lat="33.883681" lon="-84.531542">
        <ele>294</ele>
        <time>2026-04-05T04:45:13Z</time>
        <cmt>speed: 0.2</cmt>
      </trkpt>
      <trkpt lat="33.883681" lon="-84.531538">
        <ele>294</ele>
        <time>2026-04-05T04:45:17Z</time>
        <cmt>speed: 0.3</cmt>
      </trkpt>
      <trkpt lat="33.883679" lon="-84.531528">
        <ele>294</ele>
        <time>2026-04-05T04:45:21Z</time>
        <cmt>speed: 0.4</cmt>
      </trkpt>
      <trkpt lat="33.883673" lon="-84.531523">
        <ele>295</ele>
        <time>2026-04-05T04:45:25Z</time>
        <cmt>speed: 0.6</cmt>
      </trkpt>
      <trkpt lat="33.883658" lon="-84.531519">
        <ele>294</ele>
        <time>2026-04-05T04:45:29Z</time>
        <cmt>speed: 0.1</cmt>
      </trkpt>
      <trkpt lat="33.883653" lon="-84.531524">
        <ele>294</ele>
        <time>2026-04-05T04:45:33Z</time>
        <cmt>speed: 0.0</cmt>
      </trkpt>
      <trkpt lat="33.88365" lon="-84.531525">
        <ele>295</ele>
        <time>2026-04-05T04:45:37Z</time>
        <cmt>speed: 0.0</cmt>
      </trkpt>
      <trkpt lat="33.883654" lon="-84.531514">
        <ele>296</ele>
        <time>2026-04-05T04:45:41Z</time>
        <cmt>speed: 0.4</cmt>
      </trkpt>
      <trkpt lat="33.883648" lon="-84.531506">
        <ele>297</ele>
        <time>2026-04-05T04:45:45Z</time>
        <cmt>speed: 0.2</cmt>
      </trkpt>
      <trkpt lat="33.883645" lon="-84.531513">
        <ele>297</ele>
        <time>2026-04-05T04:45:49Z</time>
        <cmt>speed: 0.0</cmt>
      </trkpt>
      <trkpt lat="33.883646" lon="-84.53151">
        <ele>297</ele>
        <time>2026-04-05T04:45:53Z</time>
        <cmt>speed: 0.5</cmt>
      </trkpt>
      <trkpt lat="33.883637" lon="-84.531502">
        <ele>296</ele>
        <time>2026-04-05T04:45:57Z</time>
        <cmt>speed: 0.3</cmt>
      </trkpt>
      <trkpt lat="33.883637" lon="-84.531496">
        <ele>295</ele>
        <time>2026-04-05T04:46:01Z</time>
        <cmt>speed: 0.0</cmt>
      </trkpt>
      <trkpt lat="33.883639" lon="-84.531501">
        <ele>296</ele>
        <time>2026-04-05T04:46:05Z</time>
        <cmt>speed: 0.0</cmt>
      </trkpt>
      <trkpt lat="33.883637" lon="-84.531508">
        <ele>297</ele>
        <time>2026-04-05T04:46:09Z</time>
        <cmt>speed: 0.1</cmt>
      </trkpt>
      <trkpt lat="33.88363" lon="-84.531516">
        <ele>298</ele>
        <time>2026-04-05T04:46:13Z</time>
        <cmt>speed: 0.0</cmt>
      </trkpt>
      <trkpt lat="33.883629" lon="-84.531514">
        <ele>299</ele>
        <time>2026-04-05T04:46:17Z</time>
        <cmt>speed: 0.2</cmt>
      </trkpt>
      <trkpt lat="33.883624" lon="-84.531517">
        <ele>298</ele>
        <time>2026-04-05T04:46:21Z</time>
        <cmt>speed: 0.0</cmt>
      </trkpt>
      <trkpt lat="33.883618" lon="-84.531518">
        <ele>298</ele>
        <time>2026-04-05T04:46:25Z</time>
        <cmt>speed: 0.0</cmt>
      </trkpt>
      <trkpt lat="33.883608" lon="-84.531521">
        <ele>297</ele>
        <time>2026-04-05T04:46:29Z</time>
        <cmt>speed: 0.4</cmt>
      </trkpt>
      <trkpt lat="33.883603" lon="-84.531519">
        <ele>297</ele>
        <time>2026-04-05T04:46:33Z</time>
        <cmt>speed: 0.0</cmt>
      </trkpt>
      <trkpt lat="33.883598" lon="-84.531518">
        <ele>297</ele>
        <time>2026-04-05T04:46:37Z</time>
        <cmt>speed: 0.2</cmt>
      </trkpt>
      <trkpt lat="33.883589" lon="-84.531519">
        <ele>298</ele>
        <time>2026-04-05T04:46:41Z</time>
        <cmt>speed: 0.0</cmt>
      </trkpt>
      <trkpt lat="33.883582" lon="-84.531518">
        <ele>298</ele>
        <time>2026-04-05T04:46:47Z</time>
        <cmt>speed: 0.1</cmt>
      </trkpt>
      <trkpt lat="33.883365" lon="-84.531527">
        <ele>326</ele>
        <time>2026-04-05T04:49:22Z</time>
        <cmt>speed: 0.6</cmt>
      </trkpt>
      <trkpt lat="33.883134" lon="-84.531646">
        <ele>343</ele>
        <time>2026-04-05T04:51:51Z</time>
        <cmt>speed: 0.7</cmt>
      </trkpt>
      <trkpt lat="33.883092" lon="-84.531556">
        <ele>304</ele>
        <time>2026-04-05T04:54:19Z</time>
        <cmt>speed: 0.6</cmt>
      </trkpt>
      <trkpt lat="33.882968" lon="-84.531456">
        <ele>316</ele>
        <time>2026-04-05T04:56:50Z</time>
        <cmt>speed: 0.5</cmt>
      </trkpt>
      <trkpt lat="33.882693" lon="-84.531544">
        <ele>303</ele>
        <time>2026-04-05T04:59:19Z</time>
        <cmt>speed: 0.1</cmt>
      </trkpt>
      <trkpt lat="33.88265" lon="-84.531583">
        <ele>317</ele>
        <time>2026-04-05T05:01:52Z</time>
        <cmt>speed: 0.0</cmt>
      </trkpt>
      <trkpt lat="33.882647" lon="-84.531537">
        <ele>313</ele>
        <time>2026-04-05T05:04:21Z</time>
        <cmt>speed: 0.0</cmt>
      </trkpt>
      <trkpt lat="33.882591" lon="-84.53152">
        <ele>302</ele>
        <time>2026-04-05T05:06:50Z</time>
        <cmt>speed: 0.6</cmt>
      </trkpt>
      <trkpt lat="33.882496" lon="-84.531791">
        <ele>309</ele>
        <time>2026-04-05T05:09:21Z</time>
        <cmt>speed: 0.0</cmt>
      </trkpt>
      <trkpt lat="33.882331" lon="-84.53157">
        <ele>293</ele>
        <time>2026-04-05T05:11:51Z</time>
        <cmt>speed: 0.4</cmt>
      </trkpt>
      <trkpt lat="33.882436" lon="-84.531677">
        <ele>320</ele>
        <time>2026-04-05T05:14:20Z</time>
        <cmt>speed: 0.7</cmt>
      </trkpt>
      <trkpt lat="33.882559" lon="-84.531457">
        <ele>303</ele>
        <time>2026-04-05T05:16:52Z</time>
        <cmt>speed: 0.1</cmt>
      </trkpt>
      <trkpt lat="33.882698" lon="-84.531515">
        <ele>315</ele>
        <time>2026-04-05T05:19:21Z</time>
        <cmt>speed: 0.0</cmt>
      </trkpt>
      <trkpt lat="33.882725" lon="-84.531267">
        <ele>305</ele>
        <time>2026-04-05T05:21:51Z</time>
        <cmt>speed: 0.2</cmt>
      </trkpt>
      <trkpt lat="33.882593" lon="-84.531078">
        <ele>329</ele>
        <time>2026-04-05T05:24:21Z</time>
        <cmt>speed: 0.0</cmt>
      </trkpt>
      <trkpt lat="33.882801" lon="-84.531231">
        <ele>317</ele>
        <time>2026-04-05T05:26:00Z</time>
        <cmt>speed: 0.1</cmt>
      </trkpt>
      <trkpt lat="33.882924" lon="-84.531116">
        <ele>316</ele>
        <time>2026-04-05T05:26:51Z</time>
        <cmt>speed: 0.3</cmt>
      </trkpt>
      <trkpt lat="33.882824" lon="-84.531219">
        <ele>298</ele>
        <time>2026-04-05T05:29:22Z</time>
        <cmt>speed: 0.0</cmt>
      </trkpt>
      <trkpt lat="33.882936" lon="-84.531142">
        <ele>308</ele>
        <time>2026-04-05T05:31:52Z</time>
        <cmt>speed: 0.0</cmt>
      </trkpt>
      <trkpt lat="33.883081" lon="-84.53097">
        <ele>307</ele>
        <time>2026-04-05T05:34:21Z</time>
        <cmt>speed: 0.9</cmt>
      </trkpt>
      <trkpt lat="33.883366" lon="-84.530791">
        <ele>310</ele>
        <time>2026-04-05T05:36:52Z</time>
        <cmt>speed: 0.1</cmt>
      </trkpt>
      <trkpt lat="33.883319" lon="-84.530777">
        <ele>297</ele>
        <time>2026-04-05T05:39:28Z</time>
        <cmt>speed: 0.0</cmt>
      </trkpt>
      <trkpt lat="33.883156" lon="-84.530762">
        <ele>305</ele>
        <time>2026-04-05T05:41:54Z</time>
        <cmt>speed: 0.1</cmt>
      </trkpt>
      <trkpt lat="33.883144" lon="-84.530771">
        <ele>313</ele>
        <time>2026-04-05T05:44:23Z</time>
        <cmt>speed: 0.0</cmt>
      </trkpt>
      <trkpt lat="33.883176" lon="-84.530809">
        <ele>304</ele>
        <time>2026-04-05T05:46:53Z</time>
        <cmt>speed: 0.1</cmt>
      </trkpt>
      <trkpt lat="33.883228" lon="-84.530764">
        <ele>321</ele>
        <time>2026-04-05T05:49:23Z</time>
        <cmt>speed: 0.0</cmt>
      </trkpt>
      <trkpt lat="33.883173" lon="-84.530705">
        <ele>321</ele>
        <time>2026-04-05T05:51:58Z</time>
        <cmt>speed: 0.1</cmt>
      </trkpt>
      <trkpt lat="33.883134" lon="-84.53093">
        <ele>307</ele>
        <time>2026-04-05T05:54:22Z</time>
        <cmt>speed: 0.1</cmt>
      </trkpt>
      <trkpt lat="33.88333" lon="-84.531214">
        <ele>303</ele>
        <time>2026-04-05T05:56:49Z</time>
        <cmt>speed: 0.7</cmt>
      </trkpt>
      <trkpt lat="33.883117" lon="-84.531043">
        <ele>326</ele>
        <time>2026-04-05T05:59:22Z</time>
        <cmt>speed: 0.1</cmt>
      </trkpt>
      <trkpt lat="33.883154" lon="-84.531324">
        <ele>309</ele>
        <time>2026-04-05T06:01:52Z</time>
        <cmt>speed: 0.0</cmt>
      </trkpt>
      <trkpt lat="33.883317" lon="-84.531387">
        <ele>304</ele>
        <time>2026-04-05T06:04:21Z</time>
        <cmt>speed: 0.0</cmt>
      </trkpt>
      <trkpt lat="33.883571" lon="-84.531671">
        <ele>297</ele>
        <time>2026-04-05T06:06:51Z</time>
        <cmt>speed: 1.0</cmt>
      </trkpt>
      <trkpt lat="33.883707" lon="-84.532">
        <ele>290</ele>
        <time>2026-04-05T06:09:21Z</time>
        <cmt>speed: 0.1</cmt>
      </trkpt>
      <trkpt lat="33.883607" lon="-84.531896">
        <ele>317</ele>
        <time>2026-04-05T06:11:53Z</time>
        <cmt>speed: 0.1</cmt>
      </trkpt>
      <trkpt lat="33.883843" lon="-84.531714">
        <ele>341</ele>
        <time>2026-04-05T06:14:22Z</time>
        <cmt>speed: 0.4</cmt>
      </trkpt>
      <trkpt lat="33.884464" lon="-84.530975">
        <ele>307</ele>
        <time>2026-04-05T06:16:51Z</time>
        <cmt>speed: 0.6</cmt>
      </trkpt>
      <trkpt lat="33.884923" lon="-84.530932">
        <ele>308</ele>
        <time>2026-04-05T06:19:21Z</time>
        <cmt>speed: 0.4</cmt>
      </trkpt>
      <trkpt lat="33.885014" lon="-84.530723">
        <ele>311</ele>
        <time>2026-04-05T06:21:52Z</time>
        <cmt>speed: 0.0</cmt>
      </trkpt>
      <trkpt lat="33.885014" lon="-84.530723">
        <ele>311</ele>
        <time>2026-04-05T06:30:18Z</time>
      </trkpt>
      <trkpt lat="33.885014" lon="-84.530723">
        <ele>311</ele>
        <time>2026-04-05T07:16:59Z</time>
      </trkpt>
      <trkpt lat="33.885014" lon="-84.530723">
        <ele>311</ele>
        <time>2026-04-05T08:16:59Z</time>
      </trkpt>
      <trkpt lat="33.885014" lon="-84.530723">
        <ele>311</ele>
        <time>2026-04-05T09:16:59Z</time>
      </trkpt>
      <trkpt lat="33.885014" lon="-84.530723">
        <ele>311</ele>
        <time>2026-04-05T10:16:59Z</time>
      </trkpt>
      <trkpt lat="33.885014" lon="-84.530723">
        <ele>311</ele>
        <time>2026-04-05T11:16:59Z</time>
      </trkpt>
      <trkpt lat="33.885014" lon="-84.530723">
        <ele>311</ele>
        <time>2026-04-05T12:16:59Z</time>
      </trkpt>
      <trkpt lat="33.885014" lon="-84.530723">
        <ele>311</ele>
        <time>2026-04-05T13:16:59Z</time>
      </trkpt>
      <trkpt lat="33.885014" lon="-84.530723">
        <ele>311</ele>
        <time>2026-04-05T14:16:59Z</time>
      </trkpt>
      <trkpt lat="33.885014" lon="-84.530723">
        <ele>311</ele>
        <time>2026-04-05T15:16:59Z</time>
      </trkpt>
      <trkpt lat="33.885014" lon="-84.530723">
        <ele>311</ele>
        <time>2026-04-05T16:16:59Z</time>
      </trkpt>
      <trkpt lat="33.885014" lon="-84.530723">
        <ele>311</ele>
        <time>2026-04-05T17:16:59Z</time>
      </trkpt>
      <trkpt lat="33.885014" lon="-84.530723">
        <ele>311</ele>
        <time>2026-04-05T18:16:59Z</time>
      </trkpt>
      <trkpt lat="33.885014" lon="-84.530723">
        <ele>311</ele>
        <time>2026-04-05T19:16:59Z</time>
      </trkpt>
      <trkpt lat="33.885014" lon="-84.530723">
        <ele>311</ele>
        <time>2026-04-05T20:16:59Z</time>
      </trkpt>
      <trkpt lat="33.885191" lon="-84.530842">
        <ele>314</ele>
        <time>2026-04-05T20:31:23Z</time>
        <cmt>speed: 0.2</cmt>
      </trkpt>
      <trkpt lat="33.884958" lon="-84.530899">
        <ele>339</ele>
        <time>2026-04-05T20:33:49Z</time>
        <cmt>speed: 0.0</cmt>
      </trkpt>
      <trkpt lat="33.885002" lon="-84.531104">
        <ele>354</ele>
        <time>2026-04-05T20:36:18Z</time>
        <cmt>speed: 0.1</cmt>
      </trkpt>
      <trkpt lat="33.885231" lon="-84.530943">
        <ele>299</ele>
        <time>2026-04-05T20:38:53Z</time>
        <cmt>speed: 0.9</cmt>
      </trkpt>
      <trkpt lat="33.884894" lon="-84.531034">
        <ele>327</ele>
        <time>2026-04-05T20:41:18Z</time>
        <cmt>speed: 0.2</cmt>
      </trkpt>
      <trkpt lat="33.884782" lon="-84.530782">
        <ele>313</ele>
        <time>2026-04-05T20:43:48Z</time>
        <cmt>speed: 0.5</cmt>
      </trkpt>
      <trkpt lat="33.884757" lon="-84.530841">
        <ele>293</ele>
        <time>2026-04-05T20:46:19Z</time>
        <cmt>speed: 0.7</cmt>
      </trkpt>
      <trkpt lat="33.884755" lon="-84.531002">
        <ele>319</ele>
        <time>2026-04-05T20:48:50Z</time>
        <cmt>speed: 0.0</cmt>
      </trkpt>
      <trkpt lat="33.884557" lon="-84.531018">
        <ele>305</ele>
        <time>2026-04-05T20:51:16Z</time>
        <cmt>speed: 0.0</cmt>
      </trkpt>
      <trkpt lat="33.884606" lon="-84.531035">
        <ele>287</ele>
        <time>2026-04-05T20:53:48Z</time>
        <cmt>speed: 0.0</cmt>
      </trkpt>
      <trkpt lat="33.884613" lon="-84.530966">
        <ele>280</ele>
        <time>2026-04-05T20:56:18Z</time>
        <cmt>speed: 0.1</cmt>
      </trkpt>
      <trkpt lat="33.884662" lon="-84.531121">
        <ele>304</ele>
        <time>2026-04-05T20:58:50Z</time>
        <cmt>speed: 0.1</cmt>
      </trkpt>
      <trkpt lat="33.884651" lon="-84.531122">
        <ele>309</ele>
        <time>2026-04-05T21:01:18Z</time>
        <cmt>speed: 0.0</cmt>
      </trkpt>
      <trkpt lat="33.884794" lon="-84.530916">
        <ele>286</ele>
        <time>2026-04-05T21:03:49Z</time>
        <cmt>speed: 0.3</cmt>
      </trkpt>
      <trkpt lat="33.885014" lon="-84.530881">
        <ele>304</ele>
        <time>2026-04-05T21:06:17Z</time>
        <cmt>speed: 0.3</cmt>
      </trkpt>
      <trkpt lat="33.884996" lon="-84.530831">
        <ele>282</ele>
        <time>2026-04-05T21:08:47Z</time>
        <cmt>speed: 0.2</cmt>
      </trkpt>
      <trkpt lat="33.885034" lon="-84.530867">
        <ele>292</ele>
        <time>2026-04-05T21:11:18Z</time>
        <cmt>speed: 0.2</cmt>
      </trkpt>
      <trkpt lat="33.885112" lon="-84.530577">
        <ele>286</ele>
        <time>2026-04-05T21:13:47Z</time>
        <cmt>speed: 0.0</cmt>
      </trkpt>
      <trkpt lat="33.885264" lon="-84.530596">
        <ele>301</ele>
        <time>2026-04-05T21:16:17Z</time>
        <cmt>speed: 0.0</cmt>
      </trkpt>
      <trkpt lat="33.88512" lon="-84.530541">
        <ele>303</ele>
        <time>2026-04-05T21:18:49Z</time>
        <cmt>speed: 0.0</cmt>
      </trkpt>
      <trkpt lat="33.88513" lon="-84.530611">
        <ele>308</ele>
        <time>2026-04-05T21:21:19Z</time>
        <cmt>speed: 0.0</cmt>
      </trkpt>
      <trkpt lat="33.885186" lon="-84.530667">
        <ele>293</ele>
        <time>2026-04-05T21:23:46Z</time>
        <cmt>speed: 0.0</cmt>
      </trkpt>
      <trkpt lat="33.885099" lon="-84.530643">
        <ele>301</ele>
        <time>2026-04-05T21:26:19Z</time>
        <cmt>speed: 0.5</cmt>
      </trkpt>
      <trkpt lat="33.884986" lon="-84.531203">
        <ele>286</ele>
        <time>2026-04-05T21:29:24Z</time>
        <cmt>speed: 0.0</cmt>
      </trkpt>
      <trkpt lat="33.884949" lon="-84.530889">
        <ele>323</ele>
        <time>2026-04-05T21:31:21Z</time>
        <cmt>speed: 0.4</cmt>
      </trkpt>
      <trkpt lat="33.884976" lon="-84.530633">
        <ele>301</ele>
        <time>2026-04-05T21:33:48Z</time>
        <cmt>speed: 1.1</cmt>
      </trkpt>
      <trkpt lat="33.885092" lon="-84.530851">
        <ele>274</ele>
        <time>2026-04-05T21:36:18Z</time>
        <cmt>speed: 0.0</cmt>
      </trkpt>
      <trkpt lat="33.884999" lon="-84.53093">
        <ele>293</ele>
        <time>2026-04-05T21:38:48Z</time>
        <cmt>speed: 0.0</cmt>
      </trkpt>
      <trkpt lat="33.885119" lon="-84.53064">
        <ele>287</ele>
        <time>2026-04-05T21:41:19Z</time>
        <cmt>speed: 0.1</cmt>
      </trkpt>
      <trkpt lat="33.885321" lon="-84.530758">
        <ele>287</ele>
        <time>2026-04-05T21:43:49Z</time>
        <cmt>speed: 0.0</cmt>
      </trkpt>
      <trkpt lat="33.885288" lon="-84.530719">
        <ele>303</ele>
        <time>2026-04-05T21:46:17Z</time>
        <cmt>speed: 0.0</cmt>
      </trkpt>
      <trkpt lat="33.885216" lon="-84.530832">
        <ele>310</ele>
        <time>2026-04-05T21:48:51Z</time>
        <cmt>speed: 0.0</cmt>
      </trkpt>
      <trkpt lat="33.885261" lon="-84.530696">
        <ele>302</ele>
        <time>2026-04-05T21:51:19Z</time>
        <cmt>speed: 0.5</cmt>
      </trkpt>
      <trkpt lat="33.885425" lon="-84.530693">
        <ele>301</ele>
        <time>2026-04-05T21:53:48Z</time>
        <cmt>speed: 0.9</cmt>
      </trkpt>
      <trkpt lat="33.885562" lon="-84.530861">
        <ele>305</ele>
        <time>2026-04-05T21:56:18Z</time>
        <cmt>speed: 0.2</cmt>
      </trkpt>
      <trkpt lat="33.885501" lon="-84.530993">
        <ele>299</ele>
        <time>2026-04-05T21:58:48Z</time>
        <cmt>speed: 0.0</cmt>
      </trkpt>
      <trkpt lat="33.885405" lon="-84.531022">
        <ele>296</ele>
        <time>2026-04-05T22:01:19Z</time>
        <cmt>speed: 0.3</cmt>
      </trkpt>
      <trkpt lat="33.885458" lon="-84.531043">
        <ele>298</ele>
        <time>2026-04-05T22:03:59Z</time>
        <cmt>speed: 0.3</cmt>
      </trkpt>
      <trkpt lat="33.885496" lon="-84.531124">
        <ele>308</ele>
        <time>2026-04-05T22:06:30Z</time>
        <cmt>speed: 0.0</cmt>
      </trkpt>
      <trkpt lat="33.88557" lon="-84.531262">
        <ele>316</ele>
        <time>2026-04-05T22:08:54Z</time>
        <cmt>speed: 0.1</cmt>
      </trkpt>
      <trkpt lat="33.885506" lon="-84.53106">
        <ele>302</ele>
        <time>2026-04-05T22:11:20Z</time>
        <cmt>speed: 0.0</cmt>
      </trkpt>
      <trkpt lat="33.885482" lon="-84.530924">
        <ele>281</ele>
        <time>2026-04-05T22:13:51Z</time>
        <cmt>speed: 0.0</cmt>
      </trkpt>
      <trkpt lat="33.885503" lon="-84.531138">
        <ele>286</ele>
        <time>2026-04-05T22:16:21Z</time>
        <cmt>speed: 0.5</cmt>
      </trkpt>
      <trkpt lat="33.885532" lon="-84.531206">
        <ele>300</ele>
        <time>2026-04-05T22:18:50Z</time>
        <cmt>speed: 0.6</cmt>
      </trkpt>
      <trkpt lat="33.885459" lon="-84.530697">
        <ele>321</ele>
        <time>2026-04-05T22:21:19Z</time>
        <cmt>speed: 0.4</cmt>
      </trkpt>
      <trkpt lat="33.885022" lon="-84.530739">
        <ele>305</ele>
        <time>2026-04-05T22:23:48Z</time>
        <cmt>speed: 0.0</cmt>
      </trkpt>
      <trkpt lat="33.885015" lon="-84.530733">
        <ele>300</ele>
        <time>2026-04-05T22:26:18Z</time>
        <cmt>speed: 0.0</cmt>
      </trkpt>
      <trkpt lat="33.88484" lon="-84.530984">
        <ele>343</ele>
        <time>2026-04-05T22:28:47Z</time>
        <cmt>speed: 0.0</cmt>
      </trkpt>
      <trkpt lat="33.884831" lon="-84.530886">
        <ele>316</ele>
        <time>2026-04-05T22:31:19Z</time>
        <cmt>speed: 0.0</cmt>
      </trkpt>
      <trkpt lat="33.884915" lon="-84.530872">
        <ele>309</ele>
        <time>2026-04-05T22:33:51Z</time>
        <cmt>speed: 0.0</cmt>
      </trkpt>
      <trkpt lat="33.884883" lon="-84.530978">
        <ele>329</ele>
        <time>2026-04-05T22:36:17Z</time>
        <cmt>speed: 0.0</cmt>
      </trkpt>
      <trkpt lat="33.884841" lon="-84.531099">
        <ele>311</ele>
        <time>2026-04-05T22:38:47Z</time>
        <cmt>speed: 0.1</cmt>
      </trkpt>
      <trkpt lat="33.88511" lon="-84.531037">
        <ele>297</ele>
        <time>2026-04-05T22:41:26Z</time>
        <cmt>speed: 0.7</cmt>
      </trkpt>
      <trkpt lat="33.885" lon="-84.530932">
        <ele>317</ele>
        <time>2026-04-05T22:43:49Z</time>
        <cmt>speed: 0.7</cmt>
      </trkpt>
      <trkpt lat="33.884834" lon="-84.530622">
        <ele>314</ele>
        <time>2026-04-05T22:46:18Z</time>
        <cmt>speed: 0.0</cmt>
      </trkpt>
      <trkpt lat="33.884989" lon="-84.530645">
        <ele>310</ele>
        <time>2026-04-05T22:48:48Z</time>
        <cmt>speed: 0.0</cmt>
      </trkpt>
      <trkpt lat="33.885055" lon="-84.530572">
        <ele>346</ele>
        <time>2026-04-05T22:51:19Z</time>
        <cmt>speed: 0.0</cmt>
      </trkpt>
      <trkpt lat="33.885034" lon="-84.530678">
        <ele>313</ele>
        <time>2026-04-05T22:55:15Z</time>
        <cmt>speed: 0.2</cmt>
      </trkpt>
      <trkpt lat="33.884682" lon="-84.531324">
        <ele>325</ele>
        <time>2026-04-05T22:57:45Z</time>
        <cmt>speed: 0.1</cmt>
      </trkpt>
      <trkpt lat="33.884843" lon="-84.530886">
        <ele>324</ele>
        <time>2026-04-05T23:00:15Z</time>
        <cmt>speed: 0.2</cmt>
      </trkpt>
      <trkpt lat="33.884783" lon="-84.530946">
        <ele>312</ele>
        <time>2026-04-05T23:02:45Z</time>
        <cmt>speed: 0.0</cmt>
      </trkpt>
      <trkpt lat="33.884964" lon="-84.530806">
        <ele>302</ele>
        <time>2026-04-05T23:05:16Z</time>
        <cmt>speed: 0.0</cmt>
      </trkpt>
      <trkpt lat="33.885151" lon="-84.530794">
        <ele>306</ele>
        <time>2026-04-05T23:07:44Z</time>
        <cmt>speed: 0.1</cmt>
      </trkpt>
      <trkpt lat="33.88499" lon="-84.530841">
        <ele>308</ele>
        <time>2026-04-05T23:10:16Z</time>
        <cmt>speed: 0.1</cmt>
      </trkpt>
      <trkpt lat="33.885136" lon="-84.53086">
        <ele>283</ele>
        <time>2026-04-05T23:12:47Z</time>
        <cmt>speed: 0.0</cmt>
      </trkpt>
      <trkpt lat="33.88505" lon="-84.530911">
        <ele>303</ele>
        <time>2026-04-05T23:15:15Z</time>
        <cmt>speed: 0.7</cmt>
      </trkpt>
      <trkpt lat="33.884844" lon="-84.530156">
        <ele>326</ele>
        <time>2026-04-05T23:17:44Z</time>
        <cmt>speed: 0.0</cmt>
      </trkpt>
      <trkpt lat="33.88491" lon="-84.530454">
        <ele>315</ele>
        <time>2026-04-05T23:20:14Z</time>
        <cmt>speed: 0.0</cmt>
      </trkpt>
      <trkpt lat="33.884915" lon="-84.530678">
        <ele>305</ele>
        <time>2026-04-05T23:22:48Z</time>
        <cmt>speed: 0.3</cmt>
      </trkpt>
      <trkpt lat="33.884948" lon="-84.530684">
        <ele>301</ele>
        <time>2026-04-05T23:25:17Z</time>
        <cmt>speed: 0.0</cmt>
      </trkpt>
      <trkpt lat="33.884945" lon="-84.530737">
        <ele>310</ele>
        <time>2026-04-05T23:27:47Z</time>
        <cmt>speed: 0.0</cmt>
      </trkpt>
      <trkpt lat="33.884968" lon="-84.530689">
        <ele>293</ele>
        <time>2026-04-05T23:30:17Z</time>
        <cmt>speed: 0.0</cmt>
      </trkpt>
      <trkpt lat="33.884924" lon="-84.530682">
        <ele>300</ele>
        <time>2026-04-05T23:32:48Z</time>
        <cmt>speed: 0.0</cmt>
      </trkpt>
      <trkpt lat="33.884942" lon="-84.530695">
        <ele>296</ele>
        <time>2026-04-05T23:35:19Z</time>
        <cmt>speed: 0.0</cmt>
      </trkpt>
      <trkpt lat="33.884889" lon="-84.53064">
        <ele>307</ele>
        <time>2026-04-05T23:37:48Z</time>
        <cmt>speed: 0.1</cmt>
      </trkpt>
      <trkpt lat="33.884907" lon="-84.530658">
        <ele>310</ele>
        <time>2026-04-05T23:40:20Z</time>
        <cmt>speed: 0.0</cmt>
      </trkpt>
      <trkpt lat="33.884916" lon="-84.530777">
        <ele>295</ele>
        <time>2026-04-05T23:42:46Z</time>
        <cmt>speed: 0.0</cmt>
      </trkpt>
      <trkpt lat="33.884922" lon="-84.53067">
        <ele>297</ele>
        <time>2026-04-05T23:46:00Z</time>
        <cmt>speed: 0.0</cmt>
      </trkpt>
      <trkpt lat="33.884858" lon="-84.530591">
        <ele>301</ele>
        <time>2026-04-05T23:49:28Z</time>
        <cmt>speed: 0.0</cmt>
      </trkpt>
      <trkpt lat="33.884823" lon="-84.530549">
        <ele>313</ele>
        <time>2026-04-05T23:51:56Z</time>
        <cmt>speed: 0.0</cmt>
      </trkpt>
      <trkpt lat="33.884995" lon="-84.530757">
        <ele>268</ele>
        <time>2026-04-05T23:52:07Z</time>
        <cmt>speed: 0.0</cmt>
      </trkpt>
      <trkpt lat="33.884956" lon="-84.530734">
        <ele>296</ele>
        <time>2026-04-05T23:52:21Z</time>
        <cmt>speed: 0.1</cmt>
      </trkpt>
      <trkpt lat="33.88491" lon="-84.530714">
        <ele>297</ele>
        <time>2026-04-05T23:52:25Z</time>
        <cmt>speed: 0.1</cmt>
      </trkpt>
      <trkpt lat="33.884912" lon="-84.530714">
        <ele>300</ele>
        <time>2026-04-05T23:52:29Z</time>
        <cmt>speed: 0.0</cmt>
      </trkpt>
      <trkpt lat="33.884912" lon="-84.530692">
        <ele>301</ele>
        <time>2026-04-05T23:52:33Z</time>
        <cmt>speed: 0.0</cmt>
      </trkpt>
      <trkpt lat="33.884912" lon="-84.530682">
        <ele>301</ele>
        <time>2026-04-05T23:52:37Z</time>
        <cmt>speed: 0.0</cmt>
      </trkpt>
      <trkpt lat="33.884918" lon="-84.530677">
        <ele>302</ele>
        <time>2026-04-05T23:52:41Z</time>
        <cmt>speed: 0.0</cmt>
      </trkpt>
      <trkpt lat="33.884921" lon="-84.53067">
        <ele>302</ele>
        <time>2026-04-05T23:52:45Z</time>
        <cmt>speed: 0.0</cmt>
      </trkpt>
      <trkpt lat="33.884927" lon="-84.530667">
        <ele>301</ele>
        <time>2026-04-05T23:52:49Z</time>
        <cmt>speed: 0.1</cmt>
      </trkpt>
      <trkpt lat="33.884924" lon="-84.530658">
        <ele>302</ele>
        <time>2026-04-05T23:52:53Z</time>
        <cmt>speed: 0.0</cmt>
      </trkpt>
      <trkpt lat="33.884921" lon="-84.530664">
        <ele>302</ele>
        <time>2026-04-05T23:52:57Z</time>
        <cmt>speed: 0.6</cmt>
      </trkpt>
      <trkpt lat="33.884923" lon="-84.530683">
        <ele>301</ele>
        <time>2026-04-05T23:53:01Z</time>
        <cmt>speed: 0.8</cmt>
      </trkpt>
      <trkpt lat="33.884936" lon="-84.530698">
        <ele>297</ele>
        <time>2026-04-05T23:53:05Z</time>
        <cmt>speed: 0.4</cmt>
      </trkpt>
      <trkpt lat="33.884939" lon="-84.530719">
        <ele>297</ele>
        <time>2026-04-05T23:53:09Z</time>
        <cmt>speed: 0.5</cmt>
      </trkpt>
      <trkpt lat="33.884952" lon="-84.530739">
        <ele>295</ele>
        <time>2026-04-05T23:53:13Z</time>
        <cmt>speed: 0.3</cmt>
      </trkpt>
      <trkpt lat="33.884949" lon="-84.530761">
        <ele>292</ele>
        <time>2026-04-05T23:53:17Z</time>
        <cmt>speed: 0.5</cmt>
      </trkpt>
      <trkpt lat="33.884961" lon="-84.530768">
        <ele>292</ele>
        <time>2026-04-05T23:53:21Z</time>
        <cmt>speed: 0.0</cmt>
      </trkpt>
      <trkpt lat="33.884965" lon="-84.530765">
        <ele>292</ele>
        <time>2026-04-05T23:53:25Z</time>
        <cmt>speed: 0.0</cmt>
      </trkpt>
      <trkpt lat="33.884974" lon="-84.530762">
        <ele>293</ele>
        <time>2026-04-05T23:53:29Z</time>
        <cmt>speed: 0.1</cmt>
      </trkpt>
      <trkpt lat="33.884984" lon="-84.530763">
        <ele>291</ele>
        <time>2026-04-05T23:53:33Z</time>
        <cmt>speed: 0.0</cmt>
      </trkpt>
      <trkpt lat="33.884996" lon="-84.530767">
        <ele>291</ele>
        <time>2026-04-05T23:53:37Z</time>
        <cmt>speed: 0.0</cmt>
      </trkpt>
      <trkpt lat="33.885005" lon="-84.53077">
        <ele>291</ele>
        <time>2026-04-05T23:53:41Z</time>
        <cmt>speed: 0.0</cmt>
      </trkpt>
      <trkpt lat="33.885011" lon="-84.530771">
        <ele>291</ele>
        <time>2026-04-05T23:53:45Z</time>
        <cmt>speed: 0.0</cmt>
      </trkpt>
      <trkpt lat="33.885015" lon="-84.530771">
        <ele>291</ele>
        <time>2026-04-05T23:53:49Z</time>
        <cmt>speed: 0.0</cmt>
      </trkpt>
      <trkpt lat="33.88502" lon="-84.530774">
        <ele>291</ele>
        <time>2026-04-05T23:53:53Z</time>
        <cmt>speed: 0.0</cmt>
      </trkpt>
      <trkpt lat="33.885025" lon="-84.530774">
        <ele>291</ele>
        <time>2026-04-05T23:53:57Z</time>
        <cmt>speed: 0.0</cmt>
      </trkpt>
      <trkpt lat="33.885028" lon="-84.530776">
        <ele>291</ele>
        <time>2026-04-05T23:54:01Z</time>
        <cmt>speed: 0.0</cmt>
      </trkpt>
      <trkpt lat="33.885031" lon="-84.530778">
        <ele>291</ele>
        <time>2026-04-05T23:54:05Z</time>
        <cmt>speed: 0.0</cmt>
      </trkpt>
      <trkpt lat="33.885032" lon="-84.530778">
        <ele>291</ele>
        <time>2026-04-05T23:54:09Z</time>
        <cmt>speed: 0.0</cmt>
      </trkpt>
      <trkpt lat="33.885034" lon="-84.530779">
        <ele>291</ele>
        <time>2026-04-05T23:54:13Z</time>
        <cmt>speed: 0.0</cmt>
      </trkpt>
      <trkpt lat="33.885035" lon="-84.530779">
        <ele>291</ele>
        <time>2026-04-05T23:54:17Z</time>
        <cmt>speed: 0.0</cmt>
      </trkpt>
      <trkpt lat="33.885034" lon="-84.530776">
        <ele>291</ele>
        <time>2026-04-05T23:54:21Z</time>
        <cmt>speed: 0.1</cmt>
      </trkpt>
      <trkpt lat="33.885034" lon="-84.530776">
        <ele>292</ele>
        <time>2026-04-05T23:54:25Z</time>
        <cmt>speed: 0.0</cmt>
      </trkpt>
      <trkpt lat="33.885035" lon="-84.530779">
        <ele>292</ele>
        <time>2026-04-05T23:54:29Z</time>
        <cmt>speed: 0.0</cmt>
      </trkpt>
      <trkpt lat="33.885037" lon="-84.530781">
        <ele>292</ele>
        <time>2026-04-05T23:54:33Z</time>
        <cmt>speed: 0.0</cmt>
      </trkpt>
      <trkpt lat="33.885038" lon="-84.530783">
        <ele>292</ele>
        <time>2026-04-05T23:54:37Z</time>
        <cmt>speed: 0.0</cmt>
      </trkpt>
      <trkpt lat="33.885038" lon="-84.530786">
        <ele>292</ele>
        <time>2026-04-05T23:54:41Z</time>
        <cmt>speed: 0.0</cmt>
      </trkpt>
      <trkpt lat="33.885038" lon="-84.530786">
        <ele>293</ele>
        <time>2026-04-05T23:54:45Z</time>
        <cmt>speed: 0.0</cmt>
      </trkpt>
      <trkpt lat="33.885037" lon="-84.530785">
        <ele>293</ele>
        <time>2026-04-05T23:54:49Z</time>
        <cmt>speed: 0.0</cmt>
      </trkpt>
      <trkpt lat="33.885036" lon="-84.530784">
        <ele>294</ele>
        <time>2026-04-05T23:54:53Z</time>
        <cmt>speed: 0.0</cmt>
      </trkpt>
      <trkpt lat="33.885036" lon="-84.530784">
        <ele>294</ele>
        <time>2026-04-05T23:54:57Z</time>
        <cmt>speed: 0.0</cmt>
      </trkpt>
      <trkpt lat="33.885036" lon="-84.530783">
        <ele>295</ele>
        <time>2026-04-05T23:55:01Z</time>
        <cmt>speed: 0.0</cmt>
      </trkpt>
      <trkpt lat="33.885035" lon="-84.530783">
        <ele>295</ele>
        <time>2026-04-05T23:55:05Z</time>
        <cmt>speed: 0.0</cmt>
      </trkpt>
      <trkpt lat="33.885035" lon="-84.530782">
        <ele>296</ele>
        <time>2026-04-05T23:55:09Z</time>
        <cmt>speed: 0.0</cmt>
      </trkpt>
      <trkpt lat="33.885033" lon="-84.53078">
        <ele>297</ele>
        <time>2026-04-05T23:55:13Z</time>
        <cmt>speed: 0.0</cmt>
      </trkpt>
      <trkpt lat="33.885033" lon="-84.53078">
        <ele>297</ele>
        <time>2026-04-05T23:55:17Z</time>
        <cmt>speed: 0.0</cmt>
      </trkpt>
      <trkpt lat="33.885033" lon="-84.530781">
        <ele>297</ele>
        <time>2026-04-05T23:55:21Z</time>
        <cmt>speed: 0.0</cmt>
      </trkpt>
      <trkpt lat="33.885034" lon="-84.530782">
        <ele>297</ele>
        <time>2026-04-05T23:55:25Z</time>
        <cmt>speed: 0.0</cmt>
      </trkpt>
      <trkpt lat="33.885077" lon="-84.5308">
        <ele>292</ele>
        <time>2026-04-05T23:55:54Z</time>
        <cmt>speed: 0.0</cmt>
      </trkpt>
      <trkpt lat="33.88493" lon="-84.530884">
        <ele>307</ele>
        <time>2026-04-05T23:58:25Z</time>
        <cmt>speed: 0.1</cmt>
      </trkpt>
      <trkpt lat="33.885068" lon="-84.530731">
        <ele>308</ele>
        <time>2026-04-06T00:00:57Z</time>
        <cmt>speed: 2.4</cmt>
      </trkpt>
      <trkpt lat="33.88489" lon="-84.530835">
        <ele>291</ele>
        <time>2026-04-06T00:03:28Z</time>
        <cmt>speed: 0.3</cmt>
      </trkpt>
      <trkpt lat="33.884906" lon="-84.530793">
        <ele>301</ele>
        <time>2026-04-06T00:06:02Z</time>
        <cmt>speed: 0.3</cmt>
      </trkpt>
      <trkpt lat="33.884969" lon="-84.530812">
        <ele>306</ele>
        <time>2026-04-06T00:08:26Z</time>
        <cmt>speed: 0.0</cmt>
      </trkpt>
      <trkpt lat="33.884932" lon="-84.530761">
        <ele>312</ele>
        <time>2026-04-06T00:10:58Z</time>
        <cmt>speed: 0.1</cmt>
      </trkpt>
      <trkpt lat="33.884845" lon="-84.530692">
        <ele>304</ele>
        <time>2026-04-06T00:13:27Z</time>
        <cmt>speed: 0.0</cmt>
      </trkpt>
      <trkpt lat="33.8849" lon="-84.530733">
        <ele>288</ele>
        <time>2026-04-06T00:15:59Z</time>
        <cmt>speed: 0.4</cmt>
      </trkpt>
      <trkpt lat="33.884935" lon="-84.530806">
        <ele>273</ele>
        <time>2026-04-06T00:18:49Z</time>
        <cmt>speed: 0.8</cmt>
      </trkpt>
      <trkpt lat="33.884818" lon="-84.530698">
        <ele>303</ele>
        <time>2026-04-06T00:21:12Z</time>
        <cmt>speed: 0.0</cmt>
      </trkpt>
      <trkpt lat="33.884813" lon="-84.530666">
        <ele>297</ele>
        <time>2026-04-06T00:23:35Z</time>
        <cmt>speed: 0.2</cmt>
      </trkpt>
      <trkpt lat="33.884812" lon="-84.530748">
        <ele>313</ele>
        <time>2026-04-06T00:26:06Z</time>
        <cmt>speed: 0.0</cmt>
      </trkpt>
      <trkpt lat="33.884897" lon="-84.53077">
        <ele>294</ele>
        <time>2026-04-06T00:28:40Z</time>
        <cmt>speed: 0.4</cmt>
      </trkpt>
      <trkpt lat="33.884714" lon="-84.530735">
        <ele>306</ele>
        <time>2026-04-06T00:31:10Z</time>
        <cmt>speed: 0.3</cmt>
      </trkpt>
      <trkpt lat="33.884714" lon="-84.530735">
        <ele>306</ele>
        <time>2026-04-06T00:33:28Z</time>
      </trkpt>
      <trkpt lat="33.884853" lon="-84.530784">
        <ele>288</ele>
        <time>2026-04-06T01:06:35Z</time>
        <cmt>speed: 0.2</cmt>
      </trkpt>
      <trkpt lat="33.884753" lon="-84.530725">
        <ele>290</ele>
        <time>2026-04-06T01:09:25Z</time>
        <cmt>speed: 0.2</cmt>
      </trkpt>
      <trkpt lat="33.884753" lon="-84.530725">
        <ele>290</ele>
        <time>2026-04-06T01:13:52Z</time>
      </trkpt>
      <trkpt lat="33.884856" lon="-84.530731">
        <ele>294</ele>
        <time>2026-04-06T01:16:00Z</time>
        <cmt>speed: 0.0</cmt>
      </trkpt>
      <trkpt lat="33.884781" lon="-84.530799">
        <ele>274</ele>
        <time>2026-04-06T01:18:36Z</time>
        <cmt>speed: 0.3</cmt>
      </trkpt>
      <trkpt lat="33.884781" lon="-84.530799">
        <ele>274</ele>
        <time>2026-04-06T01:23:52Z</time>
      </trkpt>
      <trkpt lat="33.884813" lon="-84.53073">
        <ele>330</ele>
        <time>2026-04-06T01:35:26Z</time>
        <cmt>speed: 0.1</cmt>
      </trkpt>
      <trkpt lat="33.884831" lon="-84.530717">
        <ele>292</ele>
        <time>2026-04-06T01:37:28Z</time>
        <cmt>speed: 0.0</cmt>
      </trkpt>
      <trkpt lat="33.884802" lon="-84.530759">
        <ele>291</ele>
        <time>2026-04-06T01:42:54Z</time>
        <cmt>speed: 0.4</cmt>
      </trkpt>
      <trkpt lat="33.884965" lon="-84.53071">
        <ele>315</ele>
        <time>2026-04-06T01:45:34Z</time>
        <cmt>speed: 0.1</cmt>
      </trkpt>
      <trkpt lat="33.884917" lon="-84.530712">
        <ele>303</ele>
        <time>2026-04-06T02:08:51Z</time>
        <cmt>speed: 0.3</cmt>
      </trkpt>
      <trkpt lat="33.884921" lon="-84.530636">
        <ele>283</ele>
        <time>2026-04-06T02:16:00Z</time>
        <cmt>speed: 0.5</cmt>
      </trkpt>
      <trkpt lat="33.884841" lon="-84.530738">
        <ele>278</ele>
        <time>2026-04-06T02:18:32Z</time>
        <cmt>speed: 0.3</cmt>
      </trkpt>
      <trkpt lat="33.884841" lon="-84.530738">
        <ele>278</ele>
        <time>2026-04-06T02:18:44Z</time>
      </trkpt>
      <trkpt lat="33.884862" lon="-84.530804">
        <ele>304</ele>
        <time>2026-04-06T02:22:52Z</time>
        <cmt>speed: 1.0</cmt>
      </trkpt>
      <trkpt lat="33.884908" lon="-84.530775">
        <ele>302</ele>
        <time>2026-04-06T02:25:14Z</time>
        <cmt>speed: 0.0</cmt>
      </trkpt>
      <trkpt lat="33.884894" lon="-84.530726">
        <ele>306</ele>
        <time>2026-04-06T02:27:50Z</time>
        <cmt>speed: 0.1</cmt>
      </trkpt>
      <trkpt lat="33.884917" lon="-84.530759">
        <ele>285</ele>
        <time>2026-04-06T02:30:24Z</time>
        <cmt>speed: 0.0</cmt>
      </trkpt>
      <trkpt lat="33.88486" lon="-84.530718">
        <ele>314</ele>
        <time>2026-04-06T02:35:38Z</time>
        <cmt>speed: 0.1</cmt>
      </trkpt>
      <trkpt lat="33.884849" lon="-84.530659">
        <ele>305</ele>
        <time>2026-04-06T02:37:53Z</time>
        <cmt>speed: 0.5</cmt>
      </trkpt>
      <trkpt lat="33.8849" lon="-84.53079">
        <ele>296</ele>
        <time>2026-04-06T02:40:22Z</time>
        <cmt>speed: 0.0</cmt>
      </trkpt>
      <trkpt lat="33.884854" lon="-84.530761">
        <ele>305</ele>
        <time>2026-04-06T02:42:45Z</time>
        <cmt>speed: 0.4</cmt>
      </trkpt>
      <trkpt lat="33.884815" lon="-84.530741">
        <ele>291</ele>
        <time>2026-04-06T02:45:28Z</time>
        <cmt>speed: 0.2</cmt>
      </trkpt>
      <trkpt lat="33.884852" lon="-84.530708">
        <ele>315</ele>
        <time>2026-04-06T02:47:55Z</time>
        <cmt>speed: 0.4</cmt>
      </trkpt>
      <trkpt lat="33.884852" lon="-84.530708">
        <ele>315</ele>
        <time>2026-04-06T02:50:15Z</time>
      </trkpt>
      <trkpt lat="33.884933" lon="-84.530677">
        <ele>335</ele>
        <time>2026-04-06T02:51:11Z</time>
        <cmt>speed: 0.1</cmt>
      </trkpt>
      <trkpt lat="33.884933" lon="-84.530677">
        <ele>335</ele>
        <time>2026-04-06T03:00:15Z</time>
      </trkpt>
      <trkpt lat="33.88492" lon="-84.530657">
        <ele>298</ele>
        <time>2026-04-06T03:08:35Z</time>
        <cmt>speed: 0.3</cmt>
      </trkpt>
      <trkpt lat="33.88484" lon="-84.530675">
        <ele>301</ele>
        <time>2026-04-06T03:21:15Z</time>
        <cmt>speed: 0.5</cmt>
      </trkpt>
      <trkpt lat="33.884858" lon="-84.530749">
        <ele>306</ele>
        <time>2026-04-06T03:23:54Z</time>
        <cmt>speed: 4.1</cmt>
      </trkpt>
      <trkpt lat="33.884858" lon="-84.530749">
        <ele>306</ele>
        <time>2026-04-06T03:31:08Z</time>
      </trkpt>
      <trkpt lat="33.884837" lon="-84.530762">
        <ele>277</ele>
        <time>2026-04-06T03:38:01Z</time>
        <cmt>speed: 0.1</cmt>
      </trkpt>
      <trkpt lat="33.884838" lon="-84.530789">
        <ele>272</ele>
        <time>2026-04-06T03:40:15Z</time>
        <cmt>speed: 1.4</cmt>
      </trkpt>
      <trkpt lat="33.884838" lon="-84.530789">
        <ele>272</ele>
        <time>2026-04-06T03:41:08Z</time>
      </trkpt>
      <trkpt lat="33.884875" lon="-84.530653">
        <ele>298</ele>
        <time>2026-04-06T03:43:51Z</time>
        <cmt>speed: 0.2</cmt>
      </trkpt>
      <trkpt lat="33.884875" lon="-84.530653">
        <ele>298</ele>
        <time>2026-04-06T03:51:08Z</time>
      </trkpt>
      <trkpt lat="33.884915" lon="-84.530671">
        <ele>294</ele>
        <time>2026-04-06T04:01:01Z</time>
        <cmt>speed: 0.6</cmt>
      </trkpt>
      <trkpt lat="33.884935" lon="-84.530694">
        <ele>306</ele>
        <time>2026-04-06T04:03:39Z</time>
        <cmt>speed: 0.3</cmt>
      </trkpt>
      <trkpt lat="33.885053" lon="-84.530434">
        <ele>337</ele>
        <time>2026-04-06T04:31:43Z</time>
        <cmt>speed: 0.0</cmt>
      </trkpt>
      <trkpt lat="33.884868" lon="-84.530661">
        <ele>311</ele>
        <time>2026-04-06T04:38:53Z</time>
        <cmt>speed: 0.0</cmt>
      </trkpt>
      <trkpt lat="33.884712" lon="-84.530671">
        <ele>320</ele>
        <time>2026-04-06T04:44:14Z</time>
        <cmt>speed: 0.4</cmt>
      </trkpt>
      <trkpt lat="33.884814" lon="-84.53063">
        <ele>306</ele>
        <time>2026-04-06T04:46:46Z</time>
        <cmt>speed: 0.1</cmt>
      </trkpt>
      <trkpt lat="33.884814" lon="-84.53063">
        <ele>306</ele>
        <time>2026-04-06T04:49:39Z</time>
      </trkpt>
      <trkpt lat="33.884809" lon="-84.530828">
        <ele>319</ele>
        <time>2026-04-06T04:55:08Z</time>
        <cmt>speed: 0.1</cmt>
      </trkpt>
      <trkpt lat="33.884809" lon="-84.530828">
        <ele>319</ele>
        <time>2026-04-06T04:59:39Z</time>
      </trkpt>
      <trkpt lat="33.884897" lon="-84.530764">
        <ele>291</ele>
        <time>2026-04-06T05:07:03Z</time>
        <cmt>speed: 0.3</cmt>
      </trkpt>
      <trkpt lat="33.884861" lon="-84.530765">
        <ele>344</ele>
        <time>2026-04-06T05:09:28Z</time>
        <cmt>speed: 0.1</cmt>
      </trkpt>
      <trkpt lat="33.884884" lon="-84.530722">
        <ele>286</ele>
        <time>2026-04-06T05:34:24Z</time>
        <cmt>speed: 0.0</cmt>
      </trkpt>
      <trkpt lat="33.884824" lon="-84.530735">
        <ele>315</ele>
        <time>2026-04-06T05:36:52Z</time>
        <cmt>speed: 0.2</cmt>
      </trkpt>
      <trkpt lat="33.884911" lon="-84.530693">
        <ele>284</ele>
        <time>2026-04-06T05:39:30Z</time>
        <cmt>speed: 0.2</cmt>
      </trkpt>
      <trkpt lat="33.884896" lon="-84.530771">
        <ele>293</ele>
        <time>2026-04-06T05:42:58Z</time>
        <cmt>speed: 0.0</cmt>
      </trkpt>
      <trkpt lat="33.884833" lon="-84.530778">
        <ele>317</ele>
        <time>2026-04-06T05:45:26Z</time>
        <cmt>speed: 0.5</cmt>
      </trkpt>
      <trkpt lat="33.88484" lon="-84.530677">
        <ele>322</ele>
        <time>2026-04-06T05:47:58Z</time>
        <cmt>speed: 0.1</cmt>
      </trkpt>
      <trkpt lat="33.884994" lon="-84.530738">
        <ele>296</ele>
        <time>2026-04-06T05:50:22Z</time>
        <cmt>speed: 0.0</cmt>
      </trkpt>
      <trkpt lat="33.885081" lon="-84.530831">
        <ele>288</ele>
        <time>2026-04-06T05:52:49Z</time>
        <cmt>speed: 0.3</cmt>
      </trkpt>
      <trkpt lat="33.88506" lon="-84.530776">
        <ele>281</ele>
        <time>2026-04-06T05:55:21Z</time>
        <cmt>speed: 0.0</cmt>
      </trkpt>
      <trkpt lat="33.884916" lon="-84.530671">
        <ele>289</ele>
        <time>2026-04-06T05:57:52Z</time>
        <cmt>speed: 0.8</cmt>
      </trkpt>
      <trkpt lat="33.884901" lon="-84.530709">
        <ele>305</ele>
        <time>2026-04-06T06:00:27Z</time>
        <cmt>speed: 0.0</cmt>
      </trkpt>
      <trkpt lat="33.884966" lon="-84.530729">
        <ele>291</ele>
        <time>2026-04-06T06:02:55Z</time>
        <cmt>speed: 0.0</cmt>
      </trkpt>
      <trkpt lat="33.884965" lon="-84.530814">
        <ele>291</ele>
        <time>2026-04-06T06:05:20Z</time>
        <cmt>speed: 0.0</cmt>
      </trkpt>
      <trkpt lat="33.884937" lon="-84.530982">
        <ele>323</ele>
        <time>2026-04-06T06:07:51Z</time>
        <cmt>speed: 0.0</cmt>
      </trkpt>
      <trkpt lat="33.884984" lon="-84.530785">
        <ele>300</ele>
        <time>2026-04-06T06:10:24Z</time>
        <cmt>speed: 0.0</cmt>
      </trkpt>
      <trkpt lat="33.884959" lon="-84.530832">
        <ele>302</ele>
        <time>2026-04-06T06:12:55Z</time>
        <cmt>speed: 1.1</cmt>
      </trkpt>
      <trkpt lat="33.885032" lon="-84.530774">
        <ele>306</ele>
        <time>2026-04-06T06:15:21Z</time>
        <cmt>speed: 2.8</cmt>
      </trkpt>
      <trkpt lat="33.884932" lon="-84.530734">
        <ele>311</ele>
        <time>2026-04-06T06:17:51Z</time>
        <cmt>speed: 0.1</cmt>
      </trkpt>
      <trkpt lat="33.88487" lon="-84.530698">
        <ele>300</ele>
        <time>2026-04-06T06:20:22Z</time>
        <cmt>speed: 0.1</cmt>
      </trkpt>
      <trkpt lat="33.884938" lon="-84.53078">
        <ele>313</ele>
        <time>2026-04-06T06:22:56Z</time>
        <cmt>speed: 0.0</cmt>
      </trkpt>
      <trkpt lat="33.884857" lon="-84.530664">
        <ele>313</ele>
        <time>2026-04-06T06:25:28Z</time>
        <cmt>speed: 0.0</cmt>
      </trkpt>
      <trkpt lat="33.884865" lon="-84.5307">
        <ele>305</ele>
        <time>2026-04-06T06:28:00Z</time>
        <cmt>speed: 0.1</cmt>
      </trkpt>
      <trkpt lat="33.884857" lon="-84.530711">
        <ele>314</ele>
        <time>2026-04-06T06:34:16Z</time>
        <cmt>speed: 0.0</cmt>
      </trkpt>
      <trkpt lat="33.884903" lon="-84.530768">
        <ele>318</ele>
        <time>2026-04-06T06:36:43Z</time>
        <cmt>speed: 0.1</cmt>
      </trkpt>
      <trkpt lat="33.884889" lon="-84.530735">
        <ele>307</ele>
        <time>2026-04-06T06:40:51Z</time>
        <cmt>speed: 0.2</cmt>
      </trkpt>
      <trkpt lat="33.884889" lon="-84.530735">
        <ele>307</ele>
        <time>2026-04-06T06:46:36Z</time>
      </trkpt>
      <trkpt lat="33.884829" lon="-84.530762">
        <ele>290</ele>
        <time>2026-04-06T07:14:11Z</time>
        <cmt>speed: 0.4</cmt>
      </trkpt>
      <trkpt lat="33.884863" lon="-84.530644">
        <ele>301</ele>
        <time>2026-04-06T07:16:45Z</time>
        <cmt>speed: 0.5</cmt>
      </trkpt>
      <trkpt lat="33.884863" lon="-84.530644">
        <ele>301</ele>
        <time>2026-04-06T07:24:04Z</time>
      </trkpt>
      <trkpt lat="33.884962" lon="-84.530654">
        <ele>300</ele>
        <time>2026-04-06T07:31:12Z</time>
        <cmt>speed: 0.7</cmt>
      </trkpt>
      <trkpt lat="33.884906" lon="-84.530794">
        <ele>288</ele>
        <time>2026-04-06T07:34:15Z</time>
        <cmt>speed: 0.3</cmt>
      </trkpt>
      <trkpt lat="33.884894" lon="-84.530642">
        <ele>294</ele>
        <time>2026-04-06T07:43:00Z</time>
        <cmt>speed: 0.4</cmt>
      </trkpt>
      <trkpt lat="33.884787" lon="-84.530695">
        <ele>314</ele>
        <time>2026-04-06T07:48:42Z</time>
        <cmt>speed: 0.6</cmt>
      </trkpt>
      <trkpt lat="33.884873" lon="-84.530701">
        <ele>308</ele>
        <time>2026-04-06T07:51:04Z</time>
        <cmt>speed: 0.1</cmt>
      </trkpt>
      <trkpt lat="33.884886" lon="-84.530778">
        <ele>306</ele>
        <time>2026-04-06T07:53:20Z</time>
        <cmt>speed: 0.0</cmt>
      </trkpt>
      <trkpt lat="33.884886" lon="-84.530778">
        <ele>306</ele>
        <time>2026-04-06T08:54:08Z</time>
      </trkpt>
      <trkpt lat="33.884886" lon="-84.530778">
        <ele>306</ele>
        <time>2026-04-06T09:54:08Z</time>
      </trkpt>
      <trkpt lat="33.884925" lon="-84.530817">
        <ele>311</ele>
        <time>2026-04-06T10:36:47Z</time>
        <cmt>speed: 0.7</cmt>
      </trkpt>
      <trkpt lat="33.885034" lon="-84.530779">
        <ele>317</ele>
        <time>2026-04-06T10:39:12Z</time>
        <cmt>speed: 0.0</cmt>
      </trkpt>
      <trkpt lat="33.885034" lon="-84.530779">
        <ele>317</ele>
        <time>2026-04-06T10:46:51Z</time>
      </trkpt>
      <trkpt lat="33.885026" lon="-84.530766">
        <ele>300</ele>
        <time>2026-04-06T10:57:21Z</time>
        <cmt>speed: 0.7</cmt>
      </trkpt>
      <trkpt lat="33.884973" lon="-84.530872">
        <ele>316</ele>
        <time>2026-04-06T10:59:50Z</time>
        <cmt>speed: 0.0</cmt>
      </trkpt>
      <trkpt lat="33.884844" lon="-84.530693">
        <ele>283</ele>
        <time>2026-04-06T11:02:18Z</time>
        <cmt>speed: 0.0</cmt>
      </trkpt>
      <trkpt lat="33.88479" lon="-84.530592">
        <ele>303</ele>
        <time>2026-04-06T11:04:49Z</time>
        <cmt>speed: 0.0</cmt>
      </trkpt>
      <trkpt lat="33.884769" lon="-84.530598">
        <ele>280</ele>
        <time>2026-04-06T11:07:18Z</time>
        <cmt>speed: 0.0</cmt>
      </trkpt>
      <trkpt lat="33.884794" lon="-84.530692">
        <ele>302</ele>
        <time>2026-04-06T11:09:50Z</time>
        <cmt>speed: 0.0</cmt>
      </trkpt>
      <trkpt lat="33.884764" lon="-84.530645">
        <ele>304</ele>
        <time>2026-04-06T11:12:19Z</time>
        <cmt>speed: 0.0</cmt>
      </trkpt>
      <trkpt lat="33.885035" lon="-84.530987">
        <ele>294</ele>
        <time>2026-04-06T11:14:47Z</time>
        <cmt>speed: 0.0</cmt>
      </trkpt>
      <trkpt lat="33.885012" lon="-84.531027">
        <ele>285</ele>
        <time>2026-04-06T11:17:19Z</time>
        <cmt>speed: 0.0</cmt>
      </trkpt>
      <trkpt lat="33.885058" lon="-84.530978">
        <ele>307</ele>
        <time>2026-04-06T11:19:49Z</time>
        <cmt>speed: 0.0</cmt>
      </trkpt>
      <trkpt lat="33.884982" lon="-84.531123">
        <ele>303</ele>
        <time>2026-04-06T11:22:25Z</time>
        <cmt>speed: 0.8</cmt>
      </trkpt>
      <trkpt lat="33.884985" lon="-84.531244">
        <ele>293</ele>
        <time>2026-04-06T11:24:54Z</time>
        <cmt>speed: 0.8</cmt>
      </trkpt>
      <trkpt lat="33.885065" lon="-84.530642">
        <ele>304</ele>
        <time>2026-04-06T11:27:21Z</time>
        <cmt>speed: 0.4</cmt>
      </trkpt>
      <trkpt lat="33.884872" lon="-84.530955">
        <ele>308</ele>
        <time>2026-04-06T11:29:53Z</time>
        <cmt>speed: 0.8</cmt>
      </trkpt>
      <trkpt lat="33.884874" lon="-84.531014">
        <ele>297</ele>
        <time>2026-04-06T11:32:21Z</time>
        <cmt>speed: 0.0</cmt>
      </trkpt>
      <trkpt lat="33.884807" lon="-84.530925">
        <ele>321</ele>
        <time>2026-04-06T11:34:54Z</time>
        <cmt>speed: 0.0</cmt>
      </trkpt>
      <trkpt lat="33.884775" lon="-84.530984">
        <ele>320</ele>
        <time>2026-04-06T11:37:23Z</time>
        <cmt>speed: 0.1</cmt>
      </trkpt>
      <trkpt lat="33.884939" lon="-84.531026">
        <ele>304</ele>
        <time>2026-04-06T11:39:53Z</time>
        <cmt>speed: 0.1</cmt>
      </trkpt>
      <trkpt lat="33.884805" lon="-84.530986">
        <ele>299</ele>
        <time>2026-04-06T11:42:21Z</time>
        <cmt>speed: 0.0</cmt>
      </trkpt>
      <trkpt lat="33.884823" lon="-84.530999">
        <ele>303</ele>
        <time>2026-04-06T11:44:50Z</time>
        <cmt>speed: 0.0</cmt>
      </trkpt>
      <trkpt lat="33.884774" lon="-84.530932">
        <ele>292</ele>
        <time>2026-04-06T11:47:23Z</time>
        <cmt>speed: 0.2</cmt>
      </trkpt>
      <trkpt lat="33.884723" lon="-84.53092">
        <ele>305</ele>
        <time>2026-04-06T11:49:51Z</time>
        <cmt>speed: 0.0</cmt>
      </trkpt>
      <trkpt lat="33.884754" lon="-84.530985">
        <ele>331</ele>
        <time>2026-04-06T11:52:24Z</time>
        <cmt>speed: 0.1</cmt>
      </trkpt>
      <trkpt lat="33.88469" lon="-84.531098">
        <ele>364</ele>
        <time>2026-04-06T11:54:55Z</time>
        <cmt>speed: 0.1</cmt>
      </trkpt>
      <trkpt lat="33.88469" lon="-84.531098">
        <ele>364</ele>
        <time>2026-04-06T11:57:15Z</time>
      </trkpt>
      <trkpt lat="33.884778" lon="-84.531214">
        <ele>280</ele>
        <time>2026-04-06T11:58:26Z</time>
        <cmt>speed: 0.2</cmt>
      </trkpt>
      <trkpt lat="33.884778" lon="-84.530989">
        <ele>297</ele>
        <time>2026-04-06T12:00:53Z</time>
        <cmt>speed: 0.4</cmt>
      </trkpt>
      <trkpt lat="33.884797" lon="-84.531067">
        <ele>287</ele>
        <time>2026-04-06T12:03:22Z</time>
        <cmt>speed: 0.0</cmt>
      </trkpt>
      <trkpt lat="33.88491" lon="-84.531034">
        <ele>273</ele>
        <time>2026-04-06T12:05:49Z</time>
        <cmt>speed: 0.1</cmt>
      </trkpt>
      <trkpt lat="33.884845" lon="-84.530977">
        <ele>289</ele>
        <time>2026-04-06T12:08:19Z</time>
        <cmt>speed: 0.3</cmt>
      </trkpt>
      <trkpt lat="33.884806" lon="-84.531032">
        <ele>301</ele>
        <time>2026-04-06T12:10:52Z</time>
        <cmt>speed: 0.1</cmt>
      </trkpt>
      <trkpt lat="33.884925" lon="-84.530932">
        <ele>288</ele>
        <time>2026-04-06T12:13:25Z</time>
        <cmt>speed: 0.1</cmt>
      </trkpt>
      <trkpt lat="33.884875" lon="-84.530964">
        <ele>304</ele>
        <time>2026-04-06T12:15:50Z</time>
        <cmt>speed: 0.2</cmt>
      </trkpt>
      <trkpt lat="33.884925" lon="-84.531003">
        <ele>307</ele>
        <time>2026-04-06T12:18:20Z</time>
        <cmt>speed: 0.0</cmt>
      </trkpt>
      <trkpt lat="33.884806" lon="-84.531057">
        <ele>281</ele>
        <time>2026-04-06T12:20:51Z</time>
        <cmt>speed: 0.0</cmt>
      </trkpt>
      <trkpt lat="33.884939" lon="-84.530972">
        <ele>312</ele>
        <time>2026-04-06T12:23:20Z</time>
        <cmt>speed: 0.0</cmt>
      </trkpt>
      <trkpt lat="33.884928" lon="-84.531035">
        <ele>296</ele>
        <time>2026-04-06T12:25:51Z</time>
        <cmt>speed: 0.1</cmt>
      </trkpt>
      <trkpt lat="33.884848" lon="-84.531026">
        <ele>295</ele>
        <time>2026-04-06T12:28:20Z</time>
        <cmt>speed: 0.0</cmt>
      </trkpt>
      <trkpt lat="33.884799" lon="-84.530949">
        <ele>288</ele>
        <time>2026-04-06T12:30:51Z</time>
        <cmt>speed: 0.2</cmt>
      </trkpt>
      <trkpt lat="33.884839" lon="-84.531019">
        <ele>299</ele>
        <time>2026-04-06T12:34:21Z</time>
        <cmt>speed: 0.3</cmt>
      </trkpt>
      <trkpt lat="33.885031" lon="-84.530773">
        <ele>306</ele>
        <time>2026-04-06T12:36:50Z</time>
        <cmt>speed: 0.0</cmt>
      </trkpt>
      <trkpt lat="33.885047" lon="-84.530771">
        <ele>302</ele>
        <time>2026-04-06T12:39:20Z</time>
        <cmt>speed: 0.2</cmt>
      </trkpt>
      <trkpt lat="33.885039" lon="-84.53079">
        <ele>293</ele>
        <time>2026-04-06T12:41:53Z</time>
        <cmt>speed: 0.6</cmt>
      </trkpt>
      <trkpt lat="33.885" lon="-84.530794">
        <ele>314</ele>
        <time>2026-04-06T12:44:23Z</time>
        <cmt>speed: 0.2</cmt>
      </trkpt>
      <trkpt lat="33.885039" lon="-84.530814">
        <ele>309</ele>
        <time>2026-04-06T12:46:53Z</time>
        <cmt>speed: 0.4</cmt>
      </trkpt>
      <trkpt lat="33.884912" lon="-84.530536">
        <ele>305</ele>
        <time>2026-04-06T12:49:21Z</time>
        <cmt>speed: 0.0</cmt>
      </trkpt>
      <trkpt lat="33.884719" lon="-84.530554">
        <ele>257</ele>
        <time>2026-04-06T12:51:52Z</time>
        <cmt>speed: 0.0</cmt>
      </trkpt>
      <trkpt lat="33.884906" lon="-84.530747">
        <ele>325</ele>
        <time>2026-04-06T12:54:23Z</time>
        <cmt>speed: 0.1</cmt>
      </trkpt>
      <trkpt lat="33.884946" lon="-84.530774">
        <ele>308</ele>
        <time>2026-04-06T12:56:49Z</time>
        <cmt>speed: 0.0</cmt>
      </trkpt>
      <trkpt lat="33.885076" lon="-84.530961">
        <ele>292</ele>
        <time>2026-04-06T12:59:19Z</time>
        <cmt>speed: 0.0</cmt>
      </trkpt>
      <trkpt lat="33.885001" lon="-84.530933">
        <ele>305</ele>
        <time>2026-04-06T13:01:49Z</time>
        <cmt>speed: 0.0</cmt>
      </trkpt>
      <trkpt lat="33.885011" lon="-84.531131">
        <ele>300</ele>
        <time>2026-04-06T13:04:19Z</time>
        <cmt>speed: 0.0</cmt>
      </trkpt>
      <trkpt lat="33.884845" lon="-84.530906">
        <ele>301</ele>
        <time>2026-04-06T13:06:49Z</time>
        <cmt>speed: 0.8</cmt>
      </trkpt>
      <trkpt lat="33.884626" lon="-84.531092">
        <ele>294</ele>
        <time>2026-04-06T13:09:17Z</time>
        <cmt>speed: 0.0</cmt>
      </trkpt>
      <trkpt lat="33.884506" lon="-84.530921">
        <ele>308</ele>
        <time>2026-04-06T13:11:47Z</time>
        <cmt>speed: 0.0</cmt>
      </trkpt>
      <trkpt lat="33.884589" lon="-84.531042">
        <ele>303</ele>
        <time>2026-04-06T13:14:20Z</time>
        <cmt>speed: 0.3</cmt>
      </trkpt>
      <trkpt lat="33.884569" lon="-84.531035">
        <ele>262</ele>
        <time>2026-04-06T13:16:49Z</time>
        <cmt>speed: 0.1</cmt>
      </trkpt>
      <trkpt lat="33.884569" lon="-84.531035">
        <ele>262</ele>
        <time>2026-04-06T13:19:09Z</time>
      </trkpt>
      <trkpt lat="33.884605" lon="-84.531107">
        <ele>289</ele>
        <time>2026-04-06T13:19:49Z</time>
        <cmt>speed: 0.0</cmt>
      </trkpt>
      <trkpt lat="33.884575" lon="-84.531026">
        <ele>291</ele>
        <time>2026-04-06T13:22:22Z</time>
        <cmt>speed: 0.0</cmt>
      </trkpt>
      <trkpt lat="33.884563" lon="-84.531026">
        <ele>322</ele>
        <time>2026-04-06T13:24:50Z</time>
        <cmt>speed: 0.0</cmt>
      </trkpt>
      <trkpt lat="33.884779" lon="-84.530834">
        <ele>307</ele>
        <time>2026-04-06T13:27:21Z</time>
        <cmt>speed: 0.4</cmt>
      </trkpt>
      <trkpt lat="33.884692" lon="-84.530039">
        <ele>307</ele>
        <time>2026-04-06T13:29:50Z</time>
        <cmt>speed: 1.0</cmt>
      </trkpt>
      <trkpt lat="33.88492" lon="-84.530007">
        <ele>303</ele>
        <time>2026-04-06T13:32:20Z</time>
        <cmt>speed: 0.0</cmt>
      </trkpt>
      <trkpt lat="33.884803" lon="-84.530079">
        <ele>286</ele>
        <time>2026-04-06T13:34:50Z</time>
        <cmt>speed: 0.0</cmt>
      </trkpt>
      <trkpt lat="33.884876" lon="-84.53006">
        <ele>297</ele>
        <time>2026-04-06T13:37:20Z</time>
        <cmt>speed: 0.0</cmt>
      </trkpt>
      <trkpt lat="33.884889" lon="-84.530056">
        <ele>299</ele>
        <time>2026-04-06T13:39:50Z</time>
        <cmt>speed: 0.0</cmt>
      </trkpt>
      <trkpt lat="33.88493" lon="-84.530071">
        <ele>291</ele>
        <time>2026-04-06T13:42:20Z</time>
        <cmt>speed: 0.0</cmt>
      </trkpt>
      <trkpt lat="33.884897" lon="-84.53005">
        <ele>299</ele>
        <time>2026-04-06T13:44:50Z</time>
        <cmt>speed: 0.0</cmt>
      </trkpt>
      <trkpt lat="33.884893" lon="-84.530035">
        <ele>296</ele>
        <time>2026-04-06T13:47:20Z</time>
        <cmt>speed: 0.0</cmt>
      </trkpt>
      <trkpt lat="33.884865" lon="-84.530022">
        <ele>313</ele>
        <time>2026-04-06T13:49:50Z</time>
        <cmt>speed: 0.0</cmt>
      </trkpt>
      <trkpt lat="33.884905" lon="-84.530026">
        <ele>286</ele>
        <time>2026-04-06T13:52:20Z</time>
        <cmt>speed: 0.0</cmt>
      </trkpt>
      <trkpt lat="33.884956" lon="-84.53008">
        <ele>306</ele>
        <time>2026-04-06T13:54:50Z</time>
        <cmt>speed: 0.0</cmt>
      </trkpt>
      <trkpt lat="33.884916" lon="-84.530049">
        <ele>301</ele>
        <time>2026-04-06T13:57:19Z</time>
        <cmt>speed: 0.0</cmt>
      </trkpt>
      <trkpt lat="33.884859" lon="-84.530012">
        <ele>301</ele>
        <time>2026-04-06T13:59:52Z</time>
        <cmt>speed: 0.1</cmt>
      </trkpt>
      <trkpt lat="33.885039" lon="-84.530797">
        <ele>306</ele>
        <time>2026-04-06T14:02:22Z</time>
        <cmt>speed: 0.1</cmt>
      </trkpt>
      <trkpt lat="33.884891" lon="-84.53106">
        <ele>316</ele>
        <time>2026-04-06T14:04:49Z</time>
        <cmt>speed: 0.0</cmt>
      </trkpt>
      <trkpt lat="33.885025" lon="-84.530905">
        <ele>312</ele>
        <time>2026-04-06T14:07:21Z</time>
        <cmt>speed: 0.1</cmt>
      </trkpt>
      <trkpt lat="33.885036" lon="-84.530745">
        <ele>323</ele>
        <time>2026-04-06T14:09:52Z</time>
        <cmt>speed: 0.2</cmt>
      </trkpt>
      <trkpt lat="33.884889" lon="-84.530775">
        <ele>299</ele>
        <time>2026-04-06T14:12:21Z</time>
        <cmt>speed: 0.2</cmt>
      </trkpt>
      <trkpt lat="33.88494" lon="-84.530981">
        <ele>329</ele>
        <time>2026-04-06T14:14:51Z</time>
        <cmt>speed: 0.0</cmt>
      </trkpt>
      <trkpt lat="33.884877" lon="-84.53092">
        <ele>314</ele>
        <time>2026-04-06T14:17:21Z</time>
        <cmt>speed: 0.0</cmt>
      </trkpt>
      <trkpt lat="33.88494" lon="-84.531022">
        <ele>280</ele>
        <time>2026-04-06T14:19:50Z</time>
        <cmt>speed: 0.0</cmt>
      </trkpt>
      <trkpt lat="33.885033" lon="-84.530947">
        <ele>269</ele>
        <time>2026-04-06T14:22:18Z</time>
        <cmt>speed: 0.1</cmt>
      </trkpt>
      <trkpt lat="33.884971" lon="-84.530959">
        <ele>300</ele>
        <time>2026-04-06T14:24:50Z</time>
        <cmt>speed: 0.0</cmt>
      </trkpt>
      <trkpt lat="33.884971" lon="-84.530959">
        <ele>300</ele>
        <time>2026-04-06T14:29:42Z</time>
      </trkpt>
      <trkpt lat="33.884959" lon="-84.530991">
        <ele>306</ele>
        <time>2026-04-06T14:32:53Z</time>
        <cmt>speed: 0.1</cmt>
      </trkpt>
      <trkpt lat="33.88503" lon="-84.531083">
        <ele>291</ele>
        <time>2026-04-06T14:35:21Z</time>
        <cmt>speed: 0.0</cmt>
      </trkpt>
      <trkpt lat="33.884993" lon="-84.530984">
        <ele>310</ele>
        <time>2026-04-06T14:37:53Z</time>
        <cmt>speed: 0.5</cmt>
      </trkpt>
      <trkpt lat="33.884994" lon="-84.530976">
        <ele>306</ele>
        <time>2026-04-06T14:40:23Z</time>
        <cmt>speed: 0.3</cmt>
      </trkpt>
      <trkpt lat="33.885094" lon="-84.53066">
        <ele>311</ele>
        <time>2026-04-06T14:42:53Z</time>
        <cmt>speed: 0.3</cmt>
      </trkpt>
      <trkpt lat="33.885314" lon="-84.530375">
        <ele>314</ele>
        <time>2026-04-06T14:45:24Z</time>
        <cmt>speed: 0.0</cmt>
      </trkpt>
      <trkpt lat="33.885536" lon="-84.530164">
        <ele>313</ele>
        <time>2026-04-06T14:47:51Z</time>
        <cmt>speed: 0.5</cmt>
      </trkpt>
      <trkpt lat="33.885519" lon="-84.530292">
        <ele>295</ele>
        <time>2026-04-06T14:50:23Z</time>
        <cmt>speed: 0.0</cmt>
      </trkpt>
      <trkpt lat="33.885448" lon="-84.53062">
        <ele>303</ele>
        <time>2026-04-06T14:52:53Z</time>
        <cmt>speed: 0.0</cmt>
      </trkpt>
      <trkpt lat="33.885428" lon="-84.53101">
        <ele>319</ele>
        <time>2026-04-06T14:55:24Z</time>
        <cmt>speed: 0.1</cmt>
      </trkpt>
      <trkpt lat="33.885515" lon="-84.531007">
        <ele>307</ele>
        <time>2026-04-06T14:57:53Z</time>
        <cmt>speed: 0.3</cmt>
      </trkpt>
      <trkpt lat="33.885546" lon="-84.531019">
        <ele>293</ele>
        <time>2026-04-06T15:00:22Z</time>
        <cmt>speed: 0.0</cmt>
      </trkpt>
      <trkpt lat="33.885413" lon="-84.530746">
        <ele>295</ele>
        <time>2026-04-06T15:02:53Z</time>
        <cmt>speed: 0.5</cmt>
      </trkpt>
      <trkpt lat="33.885015" lon="-84.530617">
        <ele>307</ele>
        <time>2026-04-06T15:05:22Z</time>
        <cmt>speed: 0.3</cmt>
      </trkpt>
      <trkpt lat="33.884907" lon="-84.530935">
        <ele>313</ele>
        <time>2026-04-06T15:07:53Z</time>
        <cmt>speed: 0.7</cmt>
      </trkpt>
      <trkpt lat="33.884866" lon="-84.531129">
        <ele>289</ele>
        <time>2026-04-06T15:10:25Z</time>
        <cmt>speed: 0.0</cmt>
      </trkpt>
      <trkpt lat="33.884636" lon="-84.531174">
        <ele>319</ele>
        <time>2026-04-06T15:12:55Z</time>
        <cmt>speed: 0.0</cmt>
      </trkpt>
      <trkpt lat="33.884623" lon="-84.531243">
        <ele>317</ele>
        <time>2026-04-06T15:15:24Z</time>
        <cmt>speed: 0.0</cmt>
      </trkpt>
      <trkpt lat="33.884559" lon="-84.531138">
        <ele>300</ele>
        <time>2026-04-06T15:17:54Z</time>
        <cmt>speed: 0.0</cmt>
      </trkpt>
      <trkpt lat="33.884645" lon="-84.531205">
        <ele>298</ele>
        <time>2026-04-06T15:20:24Z</time>
        <cmt>speed: 0.0</cmt>
      </trkpt>
      <trkpt lat="33.884763" lon="-84.531417">
        <ele>312</ele>
        <time>2026-04-06T15:22:54Z</time>
        <cmt>speed: 0.0</cmt>
      </trkpt>
      <trkpt lat="33.884837" lon="-84.531494">
        <ele>305</ele>
        <time>2026-04-06T15:25:23Z</time>
        <cmt>speed: 0.0</cmt>
      </trkpt>
      <trkpt lat="33.884774" lon="-84.531159">
        <ele>306</ele>
        <time>2026-04-06T15:27:57Z</time>
        <cmt>speed: 1.3</cmt>
      </trkpt>
      <trkpt lat="33.884885" lon="-84.531145">
        <ele>292</ele>
        <time>2026-04-06T15:30:24Z</time>
        <cmt>speed: 0.0</cmt>
      </trkpt>
      <trkpt lat="33.884871" lon="-84.53113">
        <ele>303</ele>
        <time>2026-04-06T15:32:54Z</time>
        <cmt>speed: 0.1</cmt>
      </trkpt>
      <trkpt lat="33.884983" lon="-84.531246">
        <ele>288</ele>
        <time>2026-04-06T15:35:24Z</time>
        <cmt>speed: 0.0</cmt>
      </trkpt>
      <trkpt lat="33.884942" lon="-84.531173">
        <ele>286</ele>
        <time>2026-04-06T15:37:53Z</time>
        <cmt>speed: 0.0</cmt>
      </trkpt>
      <trkpt lat="33.885053" lon="-84.531197">
        <ele>317</ele>
        <time>2026-04-06T15:40:24Z</time>
        <cmt>speed: 0.0</cmt>
      </trkpt>
      <trkpt lat="33.885003" lon="-84.531127">
        <ele>311</ele>
        <time>2026-04-06T15:43:44Z</time>
        <cmt>speed: 0.2</cmt>
      </trkpt>
      <trkpt lat="33.88492" lon="-84.531186">
        <ele>305</ele>
        <time>2026-04-06T15:46:14Z</time>
        <cmt>speed: 0.1</cmt>
      </trkpt>
      <trkpt lat="33.884892" lon="-84.531188">
        <ele>301</ele>
        <time>2026-04-06T15:48:44Z</time>
        <cmt>speed: 0.0</cmt>
      </trkpt>
      <trkpt lat="33.884883" lon="-84.531163">
        <ele>306</ele>
        <time>2026-04-06T15:51:15Z</time>
        <cmt>speed: 0.4</cmt>
      </trkpt>
      <trkpt lat="33.884749" lon="-84.531382">
        <ele>314</ele>
        <time>2026-04-06T15:53:44Z</time>
        <cmt>speed: 0.0</cmt>
      </trkpt>
      <trkpt lat="33.885149" lon="-84.531687">
        <ele>287</ele>
        <time>2026-04-06T15:56:15Z</time>
        <cmt>speed: 0.0</cmt>
      </trkpt>
      <trkpt lat="33.885122" lon="-84.53142">
        <ele>300</ele>
        <time>2026-04-06T15:58:45Z</time>
        <cmt>speed: 0.5</cmt>
      </trkpt>
      <trkpt lat="33.88484" lon="-84.530954">
        <ele>315</ele>
        <time>2026-04-06T16:01:14Z</time>
        <cmt>speed: 0.7</cmt>
      </trkpt>
      <trkpt lat="33.885023" lon="-84.530815">
        <ele>289</ele>
        <time>2026-04-06T16:03:44Z</time>
        <cmt>speed: 0.1</cmt>
      </trkpt>
      <trkpt lat="33.884952" lon="-84.530941">
        <ele>326</ele>
        <time>2026-04-06T16:06:14Z</time>
        <cmt>speed: 0.0</cmt>
      </trkpt>
      <trkpt lat="33.884971" lon="-84.530907">
        <ele>323</ele>
        <time>2026-04-06T16:08:45Z</time>
        <cmt>speed: 0.3</cmt>
      </trkpt>
      <trkpt lat="33.884994" lon="-84.530428">
        <ele>281</ele>
        <time>2026-04-06T16:11:15Z</time>
        <cmt>speed: 0.1</cmt>
      </trkpt>
      <trkpt lat="33.88506" lon="-84.530669">
        <ele>303</ele>
        <time>2026-04-06T16:13:45Z</time>
        <cmt>speed: 0.3</cmt>
      </trkpt>
      <trkpt lat="33.884958" lon="-84.530792">
        <ele>306</ele>
        <time>2026-04-06T16:16:15Z</time>
        <cmt>speed: 0.0</cmt>
      </trkpt>
      <trkpt lat="33.884753" lon="-84.53078">
        <ele>331</ele>
        <time>2026-04-06T16:18:45Z</time>
        <cmt>speed: 0.1</cmt>
      </trkpt>
      <trkpt lat="33.884976" lon="-84.530878">
        <ele>315</ele>
        <time>2026-04-06T16:21:13Z</time>
        <cmt>speed: 0.1</cmt>
      </trkpt>
      <trkpt lat="33.885166" lon="-84.530607">
        <ele>300</ele>
        <time>2026-04-06T16:23:50Z</time>
        <cmt>speed: 0.1</cmt>
      </trkpt>
      <trkpt lat="33.884992" lon="-84.530869">
        <ele>303</ele>
        <time>2026-04-06T16:26:15Z</time>
        <cmt>speed: 0.4</cmt>
      </trkpt>
      <trkpt lat="33.884843" lon="-84.531161">
        <ele>327</ele>
        <time>2026-04-06T16:28:47Z</time>
        <cmt>speed: 0.3</cmt>
      </trkpt>
      <trkpt lat="33.884615" lon="-84.530964">
        <ele>299</ele>
        <time>2026-04-06T16:31:13Z</time>
        <cmt>speed: 0.0</cmt>
      </trkpt>
      <trkpt lat="33.884601" lon="-84.53103">
        <ele>291</ele>
        <time>2026-04-06T16:33:44Z</time>
        <cmt>speed: 0.0</cmt>
      </trkpt>
      <trkpt lat="33.884773" lon="-84.53067">
        <ele>243</ele>
        <time>2026-04-06T16:38:26Z</time>
        <cmt>speed: 0.3</cmt>
      </trkpt>
      <trkpt lat="33.884773" lon="-84.53067">
        <ele>243</ele>
        <time>2026-04-06T16:41:05Z</time>
      </trkpt>
      <trkpt lat="33.88457" lon="-84.530953">
        <ele>297</ele>
        <time>2026-04-06T16:44:25Z</time>
        <cmt>speed: 0.0</cmt>
      </trkpt>
      <trkpt lat="33.884601" lon="-84.530808">
        <ele>343</ele>
        <time>2026-04-06T16:46:53Z</time>
        <cmt>speed: 0.2</cmt>
      </trkpt>
      <trkpt lat="33.884543" lon="-84.530959">
        <ele>316</ele>
        <time>2026-04-06T16:49:23Z</time>
        <cmt>speed: 0.0</cmt>
      </trkpt>
      <trkpt lat="33.884734" lon="-84.531001">
        <ele>290</ele>
        <time>2026-04-06T16:51:53Z</time>
        <cmt>speed: 0.0</cmt>
      </trkpt>
      <trkpt lat="33.884645" lon="-84.530938">
        <ele>284</ele>
        <time>2026-04-06T16:54:23Z</time>
        <cmt>speed: 0.0</cmt>
      </trkpt>
      <trkpt lat="33.884828" lon="-84.53102">
        <ele>312</ele>
        <time>2026-04-06T16:57:09Z</time>
        <cmt>speed: 0.4</cmt>
      </trkpt>
      <trkpt lat="33.884934" lon="-84.53067">
        <ele>295</ele>
        <time>2026-04-06T16:59:37Z</time>
        <cmt>speed: 0.5</cmt>
      </trkpt>
      <trkpt lat="33.884926" lon="-84.530813">
        <ele>312</ele>
        <time>2026-04-06T17:02:08Z</time>
        <cmt>speed: 0.0</cmt>
      </trkpt>
      <trkpt lat="33.885041" lon="-84.530823">
        <ele>312</ele>
        <time>2026-04-06T17:04:39Z</time>
        <cmt>speed: 0.0</cmt>
      </trkpt>
      <trkpt lat="33.884892" lon="-84.530985">
        <ele>321</ele>
        <time>2026-04-06T17:07:10Z</time>
        <cmt>speed: 0.4</cmt>
      </trkpt>
      <trkpt lat="33.884978" lon="-84.530889">
        <ele>289</ele>
        <time>2026-04-06T17:09:40Z</time>
        <cmt>speed: 0.0</cmt>
      </trkpt>
      <trkpt lat="33.885039" lon="-84.530944">
        <ele>292</ele>
        <time>2026-04-06T17:12:09Z</time>
        <cmt>speed: 0.0</cmt>
      </trkpt>
      <trkpt lat="33.88489" lon="-84.530871">
        <ele>243</ele>
        <time>2026-04-06T17:14:37Z</time>
        <cmt>speed: 0.0</cmt>
      </trkpt>
      <trkpt lat="33.885011" lon="-84.53104">
        <ele>308</ele>
        <time>2026-04-06T17:17:08Z</time>
        <cmt>speed: 0.0</cmt>
      </trkpt>
      <trkpt lat="33.885041" lon="-84.53101">
        <ele>302</ele>
        <time>2026-04-06T17:19:38Z</time>
        <cmt>speed: 0.0</cmt>
      </trkpt>
      <trkpt lat="33.885036" lon="-84.530945">
        <ele>306</ele>
        <time>2026-04-06T17:22:08Z</time>
        <cmt>speed: 0.0</cmt>
      </trkpt>
      <trkpt lat="33.884968" lon="-84.530866">
        <ele>323</ele>
        <time>2026-04-06T17:24:36Z</time>
        <cmt>speed: 0.0</cmt>
      </trkpt>
      <trkpt lat="33.885075" lon="-84.530849">
        <ele>318</ele>
        <time>2026-04-06T17:27:09Z</time>
        <cmt>speed: 0.0</cmt>
      </trkpt>
      <trkpt lat="33.884903" lon="-84.53095">
        <ele>332</ele>
        <time>2026-04-06T17:29:38Z</time>
        <cmt>speed: 0.1</cmt>
      </trkpt>
      <trkpt lat="33.884821" lon="-84.531086">
        <ele>236</ele>
        <time>2026-04-06T17:32:10Z</time>
        <cmt>speed: 0.0</cmt>
      </trkpt>
      <trkpt lat="33.88492" lon="-84.530979">
        <ele>272</ele>
        <time>2026-04-06T17:34:39Z</time>
        <cmt>speed: 0.1</cmt>
      </trkpt>
      <trkpt lat="33.885028" lon="-84.531147">
        <ele>254</ele>
        <time>2026-04-06T17:37:13Z</time>
        <cmt>speed: 0.0</cmt>
      </trkpt>
      <trkpt lat="33.884934" lon="-84.531013">
        <ele>255</ele>
        <time>2026-04-06T17:40:31Z</time>
        <cmt>speed: 0.0</cmt>
      </trkpt>
      <trkpt lat="33.884941" lon="-84.531084">
        <ele>301</ele>
        <time>2026-04-06T17:43:52Z</time>
        <cmt>speed: 0.0</cmt>
      </trkpt>
      <trkpt lat="33.884981" lon="-84.531045">
        <ele>286</ele>
        <time>2026-04-06T17:46:29Z</time>
        <cmt>speed: 0.0</cmt>
      </trkpt>
      <trkpt lat="33.885088" lon="-84.531119">
        <ele>300</ele>
        <time>2026-04-06T17:49:01Z</time>
        <cmt>speed: 0.1</cmt>
      </trkpt>
      <trkpt lat="33.885088" lon="-84.531119">
        <ele>300</ele>
        <time>2026-04-06T17:52:02Z</time>
      </trkpt>
      <trkpt lat="33.884877" lon="-84.531082">
        <ele>313</ele>
        <time>2026-04-06T17:54:06Z</time>
        <cmt>speed: 0.0</cmt>
      </trkpt>
      <trkpt lat="33.885004" lon="-84.531156">
        <ele>286</ele>
        <time>2026-04-06T17:56:37Z</time>
        <cmt>speed: 0.0</cmt>
      </trkpt>
      <trkpt lat="33.884974" lon="-84.531176">
        <ele>266</ele>
        <time>2026-04-06T18:00:50Z</time>
        <cmt>speed: 0.0</cmt>
      </trkpt>
      <trkpt lat="33.88491" lon="-84.530873">
        <ele>326</ele>
        <time>2026-04-06T18:04:49Z</time>
        <cmt>speed: 0.0</cmt>
      </trkpt>
      <trkpt lat="33.884976" lon="-84.531044">
        <ele>290</ele>
        <time>2026-04-06T18:07:26Z</time>
        <cmt>speed: 0.1</cmt>
      </trkpt>
      <trkpt lat="33.885024" lon="-84.531021">
        <ele>242</ele>
        <time>2026-04-06T18:09:51Z</time>
        <cmt>speed: 0.1</cmt>
      </trkpt>
      <trkpt lat="33.884884" lon="-84.531052">
        <ele>309</ele>
        <time>2026-04-06T18:12:28Z</time>
        <cmt>speed: 0.2</cmt>
      </trkpt>
      <trkpt lat="33.884894" lon="-84.531093">
        <ele>317</ele>
        <time>2026-04-06T18:14:57Z</time>
        <cmt>speed: 0.0</cmt>
      </trkpt>
      <trkpt lat="33.88511" lon="-84.531049">
        <ele>270</ele>
        <time>2026-04-06T18:17:22Z</time>
        <cmt>speed: 0.2</cmt>
      </trkpt>
      <trkpt lat="33.885054" lon="-84.531058">
        <ele>293</ele>
        <time>2026-04-06T18:19:56Z</time>
        <cmt>speed: 0.0</cmt>
      </trkpt>
      <trkpt lat="33.885079" lon="-84.530959">
        <ele>287</ele>
        <time>2026-04-06T18:22:19Z</time>
        <cmt>speed: 0.1</cmt>
      </trkpt>
      <trkpt lat="33.88501" lon="-84.530923">
        <ele>291</ele>
        <time>2026-04-06T18:24:49Z</time>
        <cmt>speed: 0.0</cmt>
      </trkpt>
      <trkpt lat="33.885014" lon="-84.530989">
        <ele>283</ele>
        <time>2026-04-06T18:27:20Z</time>
        <cmt>speed: 0.0</cmt>
      </trkpt>
      <trkpt lat="33.885004" lon="-84.530883">
        <ele>304</ele>
        <time>2026-04-06T18:29:49Z</time>
        <cmt>speed: 0.5</cmt>
      </trkpt>
      <trkpt lat="33.885159" lon="-84.530458">
        <ele>304</ele>
        <time>2026-04-06T18:32:18Z</time>
        <cmt>speed: 0.6</cmt>
      </trkpt>
      <trkpt lat="33.885293" lon="-84.530069">
        <ele>256</ele>
        <time>2026-04-06T18:34:49Z</time>
        <cmt>speed: 0.0</cmt>
      </trkpt>
      <trkpt lat="33.885436" lon="-84.530402">
        <ele>316</ele>
        <time>2026-04-06T18:37:16Z</time>
        <cmt>speed: 0.0</cmt>
      </trkpt>
      <trkpt lat="33.885387" lon="-84.530053">
        <ele>359</ele>
        <time>2026-04-06T18:39:53Z</time>
        <cmt>speed: 0.3</cmt>
      </trkpt>
      <trkpt lat="33.885437" lon="-84.530171">
        <ele>312</ele>
        <time>2026-04-06T18:42:28Z</time>
        <cmt>speed: 0.4</cmt>
      </trkpt>
      <trkpt lat="33.885452" lon="-84.530207">
        <ele>322</ele>
        <time>2026-04-06T18:44:50Z</time>
        <cmt>speed: 0.0</cmt>
      </trkpt>
      <trkpt lat="33.885189" lon="-84.530558">
        <ele>347</ele>
        <time>2026-04-06T18:47:20Z</time>
        <cmt>speed: 0.1</cmt>
      </trkpt>
      <trkpt lat="33.885548" lon="-84.530449">
        <ele>313</ele>
        <time>2026-04-06T18:49:49Z</time>
        <cmt>speed: 0.3</cmt>
      </trkpt>
      <trkpt lat="33.885673" lon="-84.530149">
        <ele>303</ele>
        <time>2026-04-06T18:52:18Z</time>
        <cmt>speed: 0.0</cmt>
      </trkpt>
      <trkpt lat="33.885406" lon="-84.53007">
        <ele>295</ele>
        <time>2026-04-06T18:54:51Z</time>
        <cmt>speed: 0.1</cmt>
      </trkpt>
      <trkpt lat="33.885366" lon="-84.53009">
        <ele>316</ele>
        <time>2026-04-06T18:57:19Z</time>
        <cmt>speed: 0.0</cmt>
      </trkpt>
      <trkpt lat="33.885349" lon="-84.530091">
        <ele>333</ele>
        <time>2026-04-06T18:59:50Z</time>
        <cmt>speed: 0.0</cmt>
      </trkpt>
      <trkpt lat="33.885438" lon="-84.530108">
        <ele>329</ele>
        <time>2026-04-06T19:02:20Z</time>
        <cmt>speed: 0.0</cmt>
      </trkpt>
      <trkpt lat="33.885679" lon="-84.530216">
        <ele>297</ele>
        <time>2026-04-06T19:04:50Z</time>
        <cmt>speed: 0.0</cmt>
      </trkpt>
      <trkpt lat="33.885601" lon="-84.530614">
        <ele>318</ele>
        <time>2026-04-06T19:07:20Z</time>
        <cmt>speed: 0.3</cmt>
      </trkpt>
      <trkpt lat="33.885261" lon="-84.530537">
        <ele>309</ele>
        <time>2026-04-06T19:09:49Z</time>
        <cmt>speed: 0.7</cmt>
      </trkpt>
      <trkpt lat="33.884945" lon="-84.530848">
        <ele>326</ele>
        <time>2026-04-06T19:12:23Z</time>
        <cmt>speed: 0.0</cmt>
      </trkpt>
      <trkpt lat="33.884985" lon="-84.530925">
        <ele>300</ele>
        <time>2026-04-06T19:14:49Z</time>
        <cmt>speed: 0.0</cmt>
      </trkpt>
      <trkpt lat="33.884782" lon="-84.530955">
        <ele>320</ele>
        <time>2026-04-06T19:17:20Z</time>
        <cmt>speed: 0.4</cmt>
      </trkpt>
      <trkpt lat="33.884602" lon="-84.530917">
        <ele>309</ele>
        <time>2026-04-06T19:19:50Z</time>
        <cmt>speed: 0.3</cmt>
      </trkpt>
      <trkpt lat="33.88453" lon="-84.530883">
        <ele>312</ele>
        <time>2026-04-06T19:22:18Z</time>
        <cmt>speed: 0.0</cmt>
      </trkpt>
      <trkpt lat="33.884594" lon="-84.531044">
        <ele>295</ele>
        <time>2026-04-06T19:24:47Z</time>
        <cmt>speed: 0.0</cmt>
      </trkpt>
      <trkpt lat="33.884612" lon="-84.530962">
        <ele>268</ele>
        <time>2026-04-06T19:27:17Z</time>
        <cmt>speed: 0.0</cmt>
      </trkpt>
      <trkpt lat="33.884612" lon="-84.530962">
        <ele>268</ele>
        <time>2026-04-06T19:32:15Z</time>
      </trkpt>
      <trkpt lat="33.884502" lon="-84.530913">
        <ele>320</ele>
        <time>2026-04-06T19:33:00Z</time>
        <cmt>speed: 0.0</cmt>
      </trkpt>
      <trkpt lat="33.884522" lon="-84.530933">
        <ele>300</ele>
        <time>2026-04-06T19:35:31Z</time>
        <cmt>speed: 0.0</cmt>
      </trkpt>
      <trkpt lat="33.884522" lon="-84.530848">
        <ele>313</ele>
        <time>2026-04-06T19:38:01Z</time>
        <cmt>speed: 0.0</cmt>
      </trkpt>
      <trkpt lat="33.884538" lon="-84.530934">
        <ele>307</ele>
        <time>2026-04-06T19:40:33Z</time>
        <cmt>speed: 0.1</cmt>
      </trkpt>
      <trkpt lat="33.884571" lon="-84.531026">
        <ele>294</ele>
        <time>2026-04-06T19:43:02Z</time>
        <cmt>speed: 0.0</cmt>
      </trkpt>
      <trkpt lat="33.884443" lon="-84.530792">
        <ele>329</ele>
        <time>2026-04-06T19:45:32Z</time>
        <cmt>speed: 0.0</cmt>
      </trkpt>
      <trkpt lat="33.884525" lon="-84.530938">
        <ele>304</ele>
        <time>2026-04-06T19:48:00Z</time>
        <cmt>speed: 0.0</cmt>
      </trkpt>
      <trkpt lat="33.884412" lon="-84.530782">
        <ele>357</ele>
        <time>2026-04-06T19:50:29Z</time>
        <cmt>speed: 0.4</cmt>
      </trkpt>
      <trkpt lat="33.884534" lon="-84.53107">
        <ele>298</ele>
        <time>2026-04-06T19:53:00Z</time>
        <cmt>speed: 0.0</cmt>
      </trkpt>
      <trkpt lat="33.884364" lon="-84.530943">
        <ele>309</ele>
        <time>2026-04-06T19:58:37Z</time>
        <cmt>speed: 0.0</cmt>
      </trkpt>
      <trkpt lat="33.88444" lon="-84.53095">
        <ele>299</ele>
        <time>2026-04-06T20:01:06Z</time>
        <cmt>speed: 0.0</cmt>
      </trkpt>
      <trkpt lat="33.884453" lon="-84.530908">
        <ele>289</ele>
        <time>2026-04-06T20:03:35Z</time>
        <cmt>speed: 0.1</cmt>
      </trkpt>
      <trkpt lat="33.88454" lon="-84.530901">
        <ele>307</ele>
        <time>2026-04-06T20:06:06Z</time>
        <cmt>speed: 0.4</cmt>
      </trkpt>
      <trkpt lat="33.884559" lon="-84.530973">
        <ele>305</ele>
        <time>2026-04-06T20:08:39Z</time>
        <cmt>speed: 0.1</cmt>
      </trkpt>
      <trkpt lat="33.884968" lon="-84.530878">
        <ele>308</ele>
        <time>2026-04-06T20:11:06Z</time>
        <cmt>speed: 0.3</cmt>
      </trkpt>
      <trkpt lat="33.885049" lon="-84.530774">
        <ele>300</ele>
        <time>2026-04-06T20:13:36Z</time>
        <cmt>speed: 0.0</cmt>
      </trkpt>
      <trkpt lat="33.88524" lon="-84.530342">
        <ele>329</ele>
        <time>2026-04-06T20:16:07Z</time>
        <cmt>speed: 0.1</cmt>
      </trkpt>
      <trkpt lat="33.885206" lon="-84.530181">
        <ele>311</ele>
        <time>2026-04-06T20:18:36Z</time>
        <cmt>speed: 0.1</cmt>
      </trkpt>
      <trkpt lat="33.88526" lon="-84.530103">
        <ele>302</ele>
        <time>2026-04-06T20:21:06Z</time>
        <cmt>speed: 0.0</cmt>
      </trkpt>
      <trkpt lat="33.885255" lon="-84.530125">
        <ele>306</ele>
        <time>2026-04-06T20:23:35Z</time>
        <cmt>speed: 0.2</cmt>
      </trkpt>
      <trkpt lat="33.885294" lon="-84.530189">
        <ele>293</ele>
        <time>2026-04-06T20:26:05Z</time>
        <cmt>speed: 0.3</cmt>
      </trkpt>
      <trkpt lat="33.885407" lon="-84.530019">
        <ele>305</ele>
        <time>2026-04-06T20:28:34Z</time>
        <cmt>speed: 0.0</cmt>
      </trkpt>
      <trkpt lat="33.885434" lon="-84.530047">
        <ele>305</ele>
        <time>2026-04-06T20:31:05Z</time>
        <cmt>speed: 0.0</cmt>
      </trkpt>
      <trkpt lat="33.885508" lon="-84.530015">
        <ele>301</ele>
        <time>2026-04-06T20:33:34Z</time>
        <cmt>speed: 0.3</cmt>
      </trkpt>
      <trkpt lat="33.885371" lon="-84.529723">
        <ele>323</ele>
        <time>2026-04-06T20:36:05Z</time>
        <cmt>speed: 0.0</cmt>
      </trkpt>
      <trkpt lat="33.885482" lon="-84.529724">
        <ele>290</ele>
        <time>2026-04-06T20:38:40Z</time>
        <cmt>speed: 0.1</cmt>
      </trkpt>
      <trkpt lat="33.885411" lon="-84.529609">
        <ele>327</ele>
        <time>2026-04-06T20:41:10Z</time>
        <cmt>speed: 0.0</cmt>
      </trkpt>
      <trkpt lat="33.885496" lon="-84.529773">
        <ele>288</ele>
        <time>2026-04-06T20:43:36Z</time>
        <cmt>speed: 0.0</cmt>
      </trkpt>
      <trkpt lat="33.88538" lon="-84.529725">
        <ele>321</ele>
        <time>2026-04-06T20:46:05Z</time>
        <cmt>speed: 0.0</cmt>
      </trkpt>
      <trkpt lat="33.885459" lon="-84.529739">
        <ele>310</ele>
        <time>2026-04-06T20:51:22Z</time>
        <cmt>speed: 0.1</cmt>
      </trkpt>
      <trkpt lat="33.885422" lon="-84.529812">
        <ele>308</ele>
        <time>2026-04-06T20:53:50Z</time>
        <cmt>speed: 0.0</cmt>
      </trkpt>
      <trkpt lat="33.885454" lon="-84.529541">
        <ele>314</ele>
        <time>2026-04-06T20:56:17Z</time>
        <cmt>speed: 0.0</cmt>
      </trkpt>
      <trkpt lat="33.885493" lon="-84.529709">
        <ele>281</ele>
        <time>2026-04-06T20:58:47Z</time>
        <cmt>speed: 0.0</cmt>
      </trkpt>
      <trkpt lat="33.885456" lon="-84.529782">
        <ele>304</ele>
        <time>2026-04-06T21:01:19Z</time>
        <cmt>speed: 0.0</cmt>
      </trkpt>
      <trkpt lat="33.885456" lon="-84.529782">
        <ele>304</ele>
        <time>2026-04-06T21:03:41Z</time>
      </trkpt>
      <trkpt lat="33.885475" lon="-84.52971">
        <ele>292</ele>
        <time>2026-04-06T21:04:17Z</time>
        <cmt>speed: 0.0</cmt>
      </trkpt>
      <trkpt lat="33.885426" lon="-84.529705">
        <ele>315</ele>
        <time>2026-04-06T21:06:46Z</time>
        <cmt>speed: 0.0</cmt>
      </trkpt>
      <trkpt lat="33.885469" lon="-84.529668">
        <ele>309</ele>
        <time>2026-04-06T21:09:18Z</time>
        <cmt>speed: 0.0</cmt>
      </trkpt>
      <trkpt lat="33.885366" lon="-84.529831">
        <ele>342</ele>
        <time>2026-04-06T21:11:48Z</time>
        <cmt>speed: 0.0</cmt>
      </trkpt>
      <trkpt lat="33.885424" lon="-84.5297">
        <ele>312</ele>
        <time>2026-04-06T21:14:16Z</time>
        <cmt>speed: 0.0</cmt>
      </trkpt>
      <trkpt lat="33.885379" lon="-84.52975">
        <ele>301</ele>
        <time>2026-04-06T21:16:47Z</time>
        <cmt>speed: 0.1</cmt>
      </trkpt>
      <trkpt lat="33.885349" lon="-84.529795">
        <ele>335</ele>
        <time>2026-04-06T21:19:16Z</time>
        <cmt>speed: 0.0</cmt>
      </trkpt>
      <trkpt lat="33.885419" lon="-84.529552">
        <ele>310</ele>
        <time>2026-04-06T21:21:47Z</time>
        <cmt>speed: 0.1</cmt>
      </trkpt>
      <trkpt lat="33.884994" lon="-84.529699">
        <ele>314</ele>
        <time>2026-04-06T21:24:17Z</time>
        <cmt>speed: 0.6</cmt>
      </trkpt>
      <trkpt lat="33.884855" lon="-84.530052">
        <ele>297</ele>
        <time>2026-04-06T21:26:46Z</time>
        <cmt>speed: 0.3</cmt>
      </trkpt>
      <trkpt lat="33.884976" lon="-84.530579">
        <ele>304</ele>
        <time>2026-04-06T21:29:17Z</time>
        <cmt>speed: 0.7</cmt>
      </trkpt>
      <trkpt lat="33.885026" lon="-84.530798">
        <ele>311</ele>
        <time>2026-04-06T21:31:46Z</time>
        <cmt>speed: 0.0</cmt>
      </trkpt>
      <trkpt lat="33.885022" lon="-84.530764">
        <ele>313</ele>
        <time>2026-04-06T21:34:17Z</time>
        <cmt>speed: 0.0</cmt>
      </trkpt>
      <trkpt lat="33.88502" lon="-84.530872">
        <ele>290</ele>
        <time>2026-04-06T21:36:48Z</time>
        <cmt>speed: 0.1</cmt>
      </trkpt>
      <trkpt lat="33.885025" lon="-84.531043">
        <ele>299</ele>
        <time>2026-04-06T21:39:17Z</time>
        <cmt>speed: 0.0</cmt>
      </trkpt>
      <trkpt lat="33.885023" lon="-84.530972">
        <ele>299</ele>
        <time>2026-04-06T21:41:47Z</time>
        <cmt>speed: 0.0</cmt>
      </trkpt>
      <trkpt lat="33.885177" lon="-84.530498">
        <ele>295</ele>
        <time>2026-04-06T21:44:17Z</time>
        <cmt>speed: 0.6</cmt>
      </trkpt>
      <trkpt lat="33.885292" lon="-84.530502">
        <ele>321</ele>
        <time>2026-04-06T21:46:49Z</time>
        <cmt>speed: 0.5</cmt>
      </trkpt>
      <trkpt lat="33.885459" lon="-84.530086">
        <ele>308</ele>
        <time>2026-04-06T21:49:17Z</time>
        <cmt>speed: 0.0</cmt>
      </trkpt>
      <trkpt lat="33.885455" lon="-84.530113">
        <ele>299</ele>
        <time>2026-04-06T21:51:48Z</time>
        <cmt>speed: 0.0</cmt>
      </trkpt>
      <trkpt lat="33.885429" lon="-84.530099">
        <ele>300</ele>
        <time>2026-04-06T21:54:17Z</time>
        <cmt>speed: 0.0</cmt>
      </trkpt>
      <trkpt lat="33.885452" lon="-84.530114">
        <ele>303</ele>
        <time>2026-04-06T21:56:47Z</time>
        <cmt>speed: 0.0</cmt>
      </trkpt>
      <trkpt lat="33.885426" lon="-84.530077">
        <ele>284</ele>
        <time>2026-04-06T21:59:17Z</time>
        <cmt>speed: 0.0</cmt>
      </trkpt>
      <trkpt lat="33.885393" lon="-84.530156">
        <ele>309</ele>
        <time>2026-04-06T22:01:49Z</time>
        <cmt>speed: 0.0</cmt>
      </trkpt>
      <trkpt lat="33.885108" lon="-84.530458">
        <ele>317</ele>
        <time>2026-04-06T22:04:17Z</time>
        <cmt>speed: 0.6</cmt>
      </trkpt>
      <trkpt lat="33.885097" lon="-84.530658">
        <ele>310</ele>
        <time>2026-04-06T22:06:47Z</time>
        <cmt>speed: 0.0</cmt>
      </trkpt>
      <trkpt lat="33.885033" lon="-84.530775">
        <ele>293</ele>
        <time>2026-04-06T22:09:17Z</time>
        <cmt>speed: 0.0</cmt>
      </trkpt>
      <trkpt lat="33.885026" lon="-84.530696">
        <ele>318</ele>
        <time>2026-04-06T22:11:49Z</time>
        <cmt>speed: 0.0</cmt>
      </trkpt>
      <trkpt lat="33.884982" lon="-84.530771">
        <ele>302</ele>
        <time>2026-04-06T22:14:20Z</time>
        <cmt>speed: 0.0</cmt>
      </trkpt>
      <trkpt lat="33.884988" lon="-84.530802">
        <ele>291</ele>
        <time>2026-04-06T22:16:49Z</time>
        <cmt>speed: 0.1</cmt>
      </trkpt>
      <trkpt lat="33.884994" lon="-84.530777">
        <ele>314</ele>
        <time>2026-04-06T22:19:18Z</time>
        <cmt>speed: 0.0</cmt>
      </trkpt>
      <trkpt lat="33.885055" lon="-84.530689">
        <ele>326</ele>
        <time>2026-04-06T22:25:09Z</time>
        <cmt>speed: 0.0</cmt>
      </trkpt>
      <trkpt lat="33.885023" lon="-84.530793">
        <ele>307</ele>
        <time>2026-04-06T22:30:35Z</time>
        <cmt>speed: 0.1</cmt>
      </trkpt>
      <trkpt lat="33.885002" lon="-84.530804">
        <ele>301</ele>
        <time>2026-04-06T22:33:04Z</time>
        <cmt>speed: 0.0</cmt>
      </trkpt>
      <trkpt lat="33.885004" lon="-84.530773">
        <ele>309</ele>
        <time>2026-04-06T22:35:36Z</time>
        <cmt>speed: 0.2</cmt>
      </trkpt>
      <trkpt lat="33.88504" lon="-84.530859">
        <ele>315</ele>
        <time>2026-04-06T22:38:05Z</time>
        <cmt>speed: 0.0</cmt>
      </trkpt>
      <trkpt lat="33.885015" lon="-84.530804">
        <ele>293</ele>
        <time>2026-04-06T22:40:37Z</time>
        <cmt>speed: 0.1</cmt>
      </trkpt>
      <trkpt lat="33.884968" lon="-84.530743">
        <ele>293</ele>
        <time>2026-04-06T22:43:05Z</time>
        <cmt>speed: 0.0</cmt>
      </trkpt>
      <trkpt lat="33.885082" lon="-84.530726">
        <ele>297</ele>
        <time>2026-04-06T22:45:35Z</time>
        <cmt>speed: 0.0</cmt>
      </trkpt>
      <trkpt lat="33.885071" lon="-84.530548">
        <ele>316</ele>
        <time>2026-04-06T22:48:04Z</time>
        <cmt>speed: 0.2</cmt>
      </trkpt>
      <trkpt lat="33.885096" lon="-84.530432">
        <ele>303</ele>
        <time>2026-04-06T22:50:32Z</time>
        <cmt>speed: 0.0</cmt>
      </trkpt>
      <trkpt lat="33.885008" lon="-84.530521">
        <ele>297</ele>
        <time>2026-04-06T22:53:04Z</time>
        <cmt>speed: 0.0</cmt>
      </trkpt>
      <trkpt lat="33.885115" lon="-84.530664">
        <ele>321</ele>
        <time>2026-04-06T22:55:34Z</time>
        <cmt>speed: 0.0</cmt>
      </trkpt>
      <trkpt lat="33.885035" lon="-84.530548">
        <ele>305</ele>
        <time>2026-04-06T22:58:04Z</time>
        <cmt>speed: 0.0</cmt>
      </trkpt>
      <trkpt lat="33.885089" lon="-84.530444">
        <ele>309</ele>
        <time>2026-04-06T23:00:34Z</time>
        <cmt>speed: 0.0</cmt>
      </trkpt>
      <trkpt lat="33.885153" lon="-84.53041">
        <ele>300</ele>
        <time>2026-04-06T23:03:02Z</time>
        <cmt>speed: 0.0</cmt>
      </trkpt>
      <trkpt lat="33.88491" lon="-84.530881">
        <ele>311</ele>
        <time>2026-04-06T23:05:35Z</time>
        <cmt>speed: 0.1</cmt>
      </trkpt>
      <trkpt lat="33.884992" lon="-84.530903">
        <ele>313</ele>
        <time>2026-04-06T23:08:06Z</time>
        <cmt>speed: 0.1</cmt>
      </trkpt>
      <trkpt lat="33.885029" lon="-84.530798">
        <ele>301</ele>
        <time>2026-04-06T23:10:35Z</time>
        <cmt>speed: 0.0</cmt>
      </trkpt>
      <trkpt lat="33.884921" lon="-84.530847">
        <ele>302</ele>
        <time>2026-04-06T23:13:04Z</time>
        <cmt>speed: 0.0</cmt>
      </trkpt>
      <trkpt lat="33.884934" lon="-84.530937">
        <ele>288</ele>
        <time>2026-04-06T23:15:35Z</time>
        <cmt>speed: 0.0</cmt>
      </trkpt>
      <trkpt lat="33.884914" lon="-84.530638">
        <ele>303</ele>
        <time>2026-04-06T23:18:06Z</time>
        <cmt>speed: 0.0</cmt>
      </trkpt>
      <trkpt lat="33.885017" lon="-84.530697">
        <ele>339</ele>
        <time>2026-04-06T23:20:36Z</time>
        <cmt>speed: 0.0</cmt>
      </trkpt>
      <trkpt lat="33.884939" lon="-84.530529">
        <ele>298</ele>
        <time>2026-04-06T23:23:08Z</time>
        <cmt>speed: 0.1</cmt>
      </trkpt>
      <trkpt lat="33.884939" lon="-84.530529">
        <ele>298</ele>
        <time>2026-04-06T23:25:27Z</time>
      </trkpt>
      <trkpt lat="33.885041" lon="-84.530424">
        <ele>311</ele>
        <time>2026-04-06T23:37:17Z</time>
        <cmt>speed: 0.4</cmt>
      </trkpt>
      <trkpt lat="33.885045" lon="-84.530757">
        <ele>278</ele>
        <time>2026-04-06T23:43:28Z</time>
        <cmt>speed: 1.9</cmt>
      </trkpt>
      <trkpt lat="33.884989" lon="-84.53044">
        <ele>323</ele>
        <time>2026-04-06T23:45:58Z</time>
        <cmt>speed: 0.0</cmt>
      </trkpt>
      <trkpt lat="33.884951" lon="-84.530515">
        <ele>318</ele>
        <time>2026-04-06T23:48:28Z</time>
        <cmt>speed: 0.1</cmt>
      </trkpt>
      <trkpt lat="33.884958" lon="-84.530652">
        <ele>304</ele>
        <time>2026-04-06T23:50:58Z</time>
        <cmt>speed: 0.3</cmt>
      </trkpt>
      <trkpt lat="33.884961" lon="-84.530934">
        <ele>296</ele>
        <time>2026-04-06T23:53:25Z</time>
        <cmt>speed: 0.0</cmt>
      </trkpt>
      <trkpt lat="33.885017" lon="-84.530896">
        <ele>309</ele>
        <time>2026-04-06T23:55:57Z</time>
        <cmt>speed: 0.3</cmt>
      </trkpt>
      <trkpt lat="33.885006" lon="-84.530864">
        <ele>296</ele>
        <time>2026-04-06T23:58:27Z</time>
        <cmt>speed: 0.3</cmt>
      </trkpt>
      <trkpt lat="33.885054" lon="-84.530808">
        <ele>291</ele>
        <time>2026-04-07T00:00:57Z</time>
        <cmt>speed: 0.2</cmt>
      </trkpt>
      <trkpt lat="33.884859" lon="-84.530827">
        <ele>311</ele>
        <time>2026-04-07T00:03:28Z</time>
        <cmt>speed: 0.1</cmt>
      </trkpt>
      <trkpt lat="33.885058" lon="-84.530783">
        <ele>304</ele>
        <time>2026-04-07T00:05:57Z</time>
        <cmt>speed: 0.0</cmt>
      </trkpt>
      <trkpt lat="33.884879" lon="-84.530818">
        <ele>303</ele>
        <time>2026-04-07T00:08:27Z</time>
        <cmt>speed: 0.0</cmt>
      </trkpt>
      <trkpt lat="33.885051" lon="-84.530776">
        <ele>295</ele>
        <time>2026-04-07T00:10:57Z</time>
        <cmt>speed: 0.0</cmt>
      </trkpt>
      <trkpt lat="33.884994" lon="-84.530788">
        <ele>292</ele>
        <time>2026-04-07T00:13:29Z</time>
        <cmt>speed: 0.3</cmt>
      </trkpt>
      <trkpt lat="33.885012" lon="-84.530789">
        <ele>298</ele>
        <time>2026-04-07T00:15:58Z</time>
        <cmt>speed: 0.0</cmt>
      </trkpt>
      <trkpt lat="33.884965" lon="-84.530748">
        <ele>304</ele>
        <time>2026-04-07T00:18:29Z</time>
        <cmt>speed: 0.4</cmt>
      </trkpt>
      <trkpt lat="33.885017" lon="-84.530827">
        <ele>304</ele>
        <time>2026-04-07T00:20:57Z</time>
        <cmt>speed: 0.1</cmt>
      </trkpt>
      <trkpt lat="33.884834" lon="-84.530827">
        <ele>296</ele>
        <time>2026-04-07T00:23:27Z</time>
        <cmt>speed: 0.0</cmt>
      </trkpt>
      <trkpt lat="33.884978" lon="-84.530761">
        <ele>299</ele>
        <time>2026-04-07T00:25:59Z</time>
        <cmt>speed: 0.7</cmt>
      </trkpt>
      <trkpt lat="33.885015" lon="-84.530669">
        <ele>309</ele>
        <time>2026-04-07T00:28:30Z</time>
        <cmt>speed: 0.1</cmt>
      </trkpt>
      <trkpt lat="33.885071" lon="-84.530723">
        <ele>292</ele>
        <time>2026-04-07T00:31:03Z</time>
        <cmt>speed: 0.0</cmt>
      </trkpt>
      <trkpt lat="33.885009" lon="-84.530648">
        <ele>306</ele>
        <time>2026-04-07T00:33:29Z</time>
        <cmt>speed: 0.2</cmt>
      </trkpt>
      <trkpt lat="33.885038" lon="-84.530792">
        <ele>296</ele>
        <time>2026-04-07T00:35:58Z</time>
        <cmt>speed: 0.3</cmt>
      </trkpt>
      <trkpt lat="33.884967" lon="-84.530759">
        <ele>315</ele>
        <time>2026-04-07T00:38:30Z</time>
        <cmt>speed: 0.0</cmt>
      </trkpt>
      <trkpt lat="33.884774" lon="-84.530822">
        <ele>316</ele>
        <time>2026-04-07T00:40:57Z</time>
        <cmt>speed: 0.0</cmt>
      </trkpt>
      <trkpt lat="33.884792" lon="-84.530817">
        <ele>311</ele>
        <time>2026-04-07T00:43:29Z</time>
        <cmt>speed: 0.1</cmt>
      </trkpt>
      <trkpt lat="33.884792" lon="-84.530817">
        <ele>311</ele>
        <time>2026-04-07T00:48:21Z</time>
      </trkpt>
      <trkpt lat="33.884784" lon="-84.530839">
        <ele>304</ele>
        <time>2026-04-07T01:02:32Z</time>
        <cmt>speed: 0.0</cmt>
      </trkpt>
      <trkpt lat="33.884981" lon="-84.530748">
        <ele>280</ele>
        <time>2026-04-07T01:05:07Z</time>
        <cmt>speed: 0.0</cmt>
      </trkpt>
      <trkpt lat="33.884981" lon="-84.530748">
        <ele>280</ele>
        <time>2026-04-07T01:12:23Z</time>
      </trkpt>
      <trkpt lat="33.884846" lon="-84.530734">
        <ele>288</ele>
        <time>2026-04-07T01:16:00Z</time>
        <cmt>speed: 0.1</cmt>
      </trkpt>
      <trkpt lat="33.884951" lon="-84.530641">
        <ele>341</ele>
        <time>2026-04-07T01:18:38Z</time>
        <cmt>speed: 0.0</cmt>
      </trkpt>
      <trkpt lat="33.884842" lon="-84.53107">
        <ele>327</ele>
        <time>2026-04-07T01:21:00Z</time>
        <cmt>speed: 0.1</cmt>
      </trkpt>
      <trkpt lat="33.884779" lon="-84.530811">
        <ele>279</ele>
        <time>2026-04-07T01:23:29Z</time>
        <cmt>speed: 0.0</cmt>
      </trkpt>
      <trkpt lat="33.88489" lon="-84.53083">
        <ele>305</ele>
        <time>2026-04-07T01:26:04Z</time>
        <cmt>speed: 0.5</cmt>
      </trkpt>
      <trkpt lat="33.88489" lon="-84.53083">
        <ele>305</ele>
        <time>2026-04-07T01:33:20Z</time>
      </trkpt>
      <trkpt lat="33.884883" lon="-84.530815">
        <ele>303</ele>
        <time>2026-04-07T01:50:07Z</time>
        <cmt>speed: 0.1</cmt>
      </trkpt>
      <trkpt lat="33.884825" lon="-84.53085">
        <ele>307</ele>
        <time>2026-04-07T01:52:29Z</time>
        <cmt>speed: 0.2</cmt>
      </trkpt>
      <trkpt lat="33.88484" lon="-84.530814">
        <ele>317</ele>
        <time>2026-04-07T01:55:03Z</time>
        <cmt>speed: 0.5</cmt>
      </trkpt>
      <trkpt lat="33.884866" lon="-84.530898">
        <ele>319</ele>
        <time>2026-04-07T02:00:27Z</time>
        <cmt>speed: 0.0</cmt>
      </trkpt>
      <trkpt lat="33.884807" lon="-84.530794">
        <ele>288</ele>
        <time>2026-04-07T02:02:55Z</time>
        <cmt>speed: 0.0</cmt>
      </trkpt>
      <trkpt lat="33.884807" lon="-84.530794">
        <ele>288</ele>
        <time>2026-04-07T02:04:54Z</time>
      </trkpt>
      <trkpt lat="33.884777" lon="-84.530787">
        <ele>299</ele>
        <time>2026-04-07T02:06:58Z</time>
        <cmt>speed: 0.0</cmt>
      </trkpt>
      <trkpt lat="33.884976" lon="-84.530749">
        <ele>302</ele>
        <time>2026-04-07T02:09:27Z</time>
        <cmt>speed: 0.1</cmt>
      </trkpt>
      <trkpt lat="33.884976" lon="-84.530749">
        <ele>302</ele>
        <time>2026-04-07T02:14:54Z</time>
      </trkpt>
      <trkpt lat="33.884808" lon="-84.530725">
        <ele>276</ele>
        <time>2026-04-07T02:20:46Z</time>
        <cmt>speed: 0.5</cmt>
      </trkpt>
      <trkpt lat="33.884989" lon="-84.530787">
        <ele>326</ele>
        <time>2026-04-07T02:23:18Z</time>
        <cmt>speed: 1.0</cmt>
      </trkpt>
      <trkpt lat="33.884989" lon="-84.530787">
        <ele>326</ele>
        <time>2026-04-07T02:24:54Z</time>
      </trkpt>
      <trkpt lat="33.884872" lon="-84.530805">
        <ele>295</ele>
        <time>2026-04-07T02:36:43Z</time>
        <cmt>speed: 0.0</cmt>
      </trkpt>
      <trkpt lat="33.884808" lon="-84.530974">
        <ele>334</ele>
        <time>2026-04-07T02:39:00Z</time>
        <cmt>speed: 0.0</cmt>
      </trkpt>
      <trkpt lat="33.884808" lon="-84.530974">
        <ele>334</ele>
        <time>2026-04-07T02:44:54Z</time>
      </trkpt>
      <trkpt lat="33.884824" lon="-84.530862">
        <ele>305</ele>
        <time>2026-04-07T02:46:03Z</time>
        <cmt>speed: 0.1</cmt>
      </trkpt>
      <trkpt lat="33.884847" lon="-84.530842">
        <ele>300</ele>
        <time>2026-04-07T02:48:24Z</time>
        <cmt>speed: 0.0</cmt>
      </trkpt>
      <trkpt lat="33.884903" lon="-84.530788">
        <ele>322</ele>
        <time>2026-04-07T02:51:28Z</time>
        <cmt>speed: 0.0</cmt>
      </trkpt>
      <trkpt lat="33.884903" lon="-84.530788">
        <ele>322</ele>
        <time>2026-04-07T02:54:54Z</time>
      </trkpt>
      <trkpt lat="33.884901" lon="-84.53076">
        <ele>298</ele>
        <time>2026-04-07T03:07:45Z</time>
        <cmt>speed: 0.0</cmt>
      </trkpt>
      <trkpt lat="33.884857" lon="-84.530796">
        <ele>320</ele>
        <time>2026-04-07T03:10:17Z</time>
        <cmt>speed: 0.0</cmt>
      </trkpt>
      <trkpt lat="33.884839" lon="-84.530805">
        <ele>307</ele>
        <time>2026-04-07T03:15:06Z</time>
        <cmt>speed: 0.0</cmt>
      </trkpt>
      <trkpt lat="33.884866" lon="-84.530754">
        <ele>318</ele>
        <time>2026-04-07T03:17:38Z</time>
        <cmt>speed: 0.0</cmt>
      </trkpt>
      <trkpt lat="33.884845" lon="-84.530771">
        <ele>308</ele>
        <time>2026-04-07T03:20:04Z</time>
        <cmt>speed: 0.0</cmt>
      </trkpt>
      <trkpt lat="33.884845" lon="-84.530771">
        <ele>308</ele>
        <time>2026-04-07T03:27:29Z</time>
      </trkpt>
      <trkpt lat="33.884939" lon="-84.530772">
        <ele>270</ele>
        <time>2026-04-07T03:46:59Z</time>
        <cmt>speed: 0.0</cmt>
      </trkpt>
      <trkpt lat="33.884863" lon="-84.530851">
        <ele>314</ele>
        <time>2026-04-07T03:49:23Z</time>
        <cmt>speed: 0.0</cmt>
      </trkpt>
      <trkpt lat="33.884771" lon="-84.530795">
        <ele>338</ele>
        <time>2026-04-07T03:52:20Z</time>
        <cmt>speed: 0.0</cmt>
      </trkpt>
      <trkpt lat="33.884947" lon="-84.530807">
        <ele>291</ele>
        <time>2026-04-07T03:54:49Z</time>
        <cmt>speed: 0.0</cmt>
      </trkpt>
      <trkpt lat="33.884947" lon="-84.530807">
        <ele>291</ele>
        <time>2026-04-07T03:56:50Z</time>
      </trkpt>
      <trkpt lat="33.884892" lon="-84.530787">
        <ele>295</ele>
        <time>2026-04-07T03:59:21Z</time>
        <cmt>speed: 0.0</cmt>
      </trkpt>
      <trkpt lat="33.884921" lon="-84.530758">
        <ele>312</ele>
        <time>2026-04-07T04:01:54Z</time>
        <cmt>speed: 0.0</cmt>
      </trkpt>
      <trkpt lat="33.884755" lon="-84.530987">
        <ele>319</ele>
        <time>2026-04-07T04:04:28Z</time>
        <cmt>speed: 0.1</cmt>
      </trkpt>
      <trkpt lat="33.884755" lon="-84.530987">
        <ele>319</ele>
        <time>2026-04-07T04:06:50Z</time>
      </trkpt>
      <trkpt lat="33.884851" lon="-84.530832">
        <ele>300</ele>
        <time>2026-04-07T04:17:27Z</time>
        <cmt>speed: 0.0</cmt>
      </trkpt>
      <trkpt lat="33.884914" lon="-84.530905">
        <ele>296</ele>
        <time>2026-04-07T04:31:16Z</time>
        <cmt>speed: 0.0</cmt>
      </trkpt>
      <trkpt lat="33.884791" lon="-84.530876">
        <ele>351</ele>
        <time>2026-04-07T04:34:55Z</time>
        <cmt>speed: 0.3</cmt>
      </trkpt>
      <trkpt lat="33.884791" lon="-84.530876">
        <ele>351</ele>
        <time>2026-04-07T04:41:07Z</time>
      </trkpt>
      <trkpt lat="33.884879" lon="-84.5309">
        <ele>320</ele>
        <time>2026-04-07T04:49:12Z</time>
        <cmt>speed: 0.0</cmt>
      </trkpt>
      <trkpt lat="33.884804" lon="-84.530808">
        <ele>298</ele>
        <time>2026-04-07T04:51:42Z</time>
        <cmt>speed: 0.0</cmt>
      </trkpt>
      <trkpt lat="33.884831" lon="-84.530811">
        <ele>319</ele>
        <time>2026-04-07T05:09:41Z</time>
        <cmt>speed: 0.0</cmt>
      </trkpt>
      <trkpt lat="33.884857" lon="-84.530759">
        <ele>304</ele>
        <time>2026-04-07T05:12:17Z</time>
        <cmt>speed: 0.1</cmt>
      </trkpt>
      <trkpt lat="33.884998" lon="-84.530757">
        <ele>310</ele>
        <time>2026-04-07T05:14:43Z</time>
        <cmt>speed: 0.1</cmt>
      </trkpt>
      <trkpt lat="33.885006" lon="-84.530771">
        <ele>305</ele>
        <time>2026-04-07T05:17:13Z</time>
        <cmt>speed: 0.2</cmt>
      </trkpt>
      <trkpt lat="33.884976" lon="-84.530763">
        <ele>312</ele>
        <time>2026-04-07T05:19:45Z</time>
        <cmt>speed: 0.1</cmt>
      </trkpt>
      <trkpt lat="33.88493" lon="-84.530735">
        <ele>314</ele>
        <time>2026-04-07T05:22:15Z</time>
        <cmt>speed: 0.0</cmt>
      </trkpt>
      <trkpt lat="33.885041" lon="-84.530773">
        <ele>305</ele>
        <time>2026-04-07T05:29:25Z</time>
        <cmt>speed: 0.2</cmt>
      </trkpt>
      <trkpt lat="33.885008" lon="-84.530813">
        <ele>278</ele>
        <time>2026-04-07T05:47:57Z</time>
        <cmt>speed: 0.5</cmt>
      </trkpt>
      <trkpt lat="33.885082" lon="-84.530731">
        <ele>336</ele>
        <time>2026-04-07T05:50:41Z</time>
        <cmt>speed: 0.6</cmt>
      </trkpt>
      <trkpt lat="33.885013" lon="-84.530783">
        <ele>302</ele>
        <time>2026-04-07T05:59:10Z</time>
        <cmt>speed: 0.0</cmt>
      </trkpt>
      <trkpt lat="33.88499" lon="-84.530769">
        <ele>308</ele>
        <time>2026-04-07T06:01:41Z</time>
        <cmt>speed: 0.0</cmt>
      </trkpt>
      <trkpt lat="33.884979" lon="-84.53073">
        <ele>319</ele>
        <time>2026-04-07T06:04:12Z</time>
        <cmt>speed: 0.2</cmt>
      </trkpt>
      <trkpt lat="33.884979" lon="-84.53073">
        <ele>319</ele>
        <time>2026-04-07T06:11:32Z</time>
      </trkpt>
      <trkpt lat="33.884969" lon="-84.53068">
        <ele>320</ele>
        <time>2026-04-07T06:16:03Z</time>
        <cmt>speed: 0.0</cmt>
      </trkpt>
      <trkpt lat="33.885051" lon="-84.530798">
        <ele>299</ele>
        <time>2026-04-07T06:20:12Z</time>
        <cmt>speed: 0.0</cmt>
      </trkpt>
      <trkpt lat="33.885015" lon="-84.530664">
        <ele>328</ele>
        <time>2026-04-07T06:22:54Z</time>
        <cmt>speed: 2.5</cmt>
      </trkpt>
      <trkpt lat="33.885045" lon="-84.530773">
        <ele>309</ele>
        <time>2026-04-07T06:25:08Z</time>
        <cmt>speed: 0.1</cmt>
      </trkpt>
      <trkpt lat="33.88512" lon="-84.530752">
        <ele>294</ele>
        <time>2026-04-07T06:27:42Z</time>
        <cmt>speed: 0.0</cmt>
      </trkpt>
      <trkpt lat="33.885018" lon="-84.530773">
        <ele>312</ele>
        <time>2026-04-07T06:30:09Z</time>
        <cmt>speed: 0.6</cmt>
      </trkpt>
      <trkpt lat="33.885023" lon="-84.530783">
        <ele>298</ele>
        <time>2026-04-07T06:33:02Z</time>
        <cmt>speed: 1.1</cmt>
      </trkpt>
      <trkpt lat="33.885009" lon="-84.530843">
        <ele>325</ele>
        <time>2026-04-07T06:44:05Z</time>
        <cmt>speed: 0.9</cmt>
      </trkpt>
      <trkpt lat="33.885032" lon="-84.530744">
        <ele>307</ele>
        <time>2026-04-07T06:46:18Z</time>
        <cmt>speed: 0.1</cmt>
      </trkpt>
      <trkpt lat="33.885032" lon="-84.530744">
        <ele>307</ele>
        <time>2026-04-07T06:53:56Z</time>
      </trkpt>
      <trkpt lat="33.885038" lon="-84.530779">
        <ele>322</ele>
        <time>2026-04-07T06:54:52Z</time>
        <cmt>speed: 0.0</cmt>
      </trkpt>
      <trkpt lat="33.885038" lon="-84.530779">
        <ele>322</ele>
        <time>2026-04-07T07:03:56Z</time>
      </trkpt>
      <trkpt lat="33.885071" lon="-84.530756">
        <ele>287</ele>
        <time>2026-04-07T07:05:44Z</time>
        <cmt>speed: 0.0</cmt>
      </trkpt>
      <trkpt lat="33.885055" lon="-84.530804">
        <ele>299</ele>
        <time>2026-04-07T07:08:13Z</time>
        <cmt>speed: 0.0</cmt>
      </trkpt>
      <trkpt lat="33.884909" lon="-84.530821">
        <ele>315</ele>
        <time>2026-04-07T07:13:12Z</time>
        <cmt>speed: 0.1</cmt>
      </trkpt>
      <trkpt lat="33.885062" lon="-84.530922">
        <ele>307</ele>
        <time>2026-04-07T07:25:17Z</time>
        <cmt>speed: 0.0</cmt>
      </trkpt>
      <trkpt lat="33.885043" lon="-84.530953">
        <ele>290</ele>
        <time>2026-04-07T07:28:01Z</time>
        <cmt>speed: 0.3</cmt>
      </trkpt>
      <trkpt lat="33.88511" lon="-84.530866">
        <ele>297</ele>
        <time>2026-04-07T07:33:43Z</time>
        <cmt>speed: 1.4</cmt>
      </trkpt>
      <trkpt lat="33.884983" lon="-84.530771">
        <ele>310</ele>
        <time>2026-04-07T07:36:12Z</time>
        <cmt>speed: 2.6</cmt>
      </trkpt>
      <trkpt lat="33.885038" lon="-84.530886">
        <ele>307</ele>
        <time>2026-04-07T07:42:21Z</time>
        <cmt>speed: 1.1</cmt>
      </trkpt>
      <trkpt lat="33.885038" lon="-84.530886">
        <ele>307</ele>
        <time>2026-04-07T07:46:03Z</time>
      </trkpt>
      <trkpt lat="33.885002" lon="-84.530806">
        <ele>295</ele>
        <time>2026-04-07T07:51:19Z</time>
        <cmt>speed: 0.0</cmt>
      </trkpt>
      <trkpt lat="33.885004" lon="-84.530714">
        <ele>310</ele>
        <time>2026-04-07T07:53:48Z</time>
        <cmt>speed: 0.1</cmt>
      </trkpt>
    </trkseg>
  </trk>
</gpx>
